<?xml version="1.0" encoding="UTF-8"?>

<mule xmlns:sfdc-marketing-cloud="http://www.mulesoft.org/schema/mule/sfdc-marketing-cloud" xmlns:smb="http://www.mulesoft.org/schema/mule/smb"
	xmlns:ee="http://www.mulesoft.org/schema/mule/ee/core"
	xmlns:sftp="http://www.mulesoft.org/schema/mule/sftp" xmlns="http://www.mulesoft.org/schema/mule/core" xmlns:doc="http://www.mulesoft.org/schema/mule/documentation" xmlns:xsi="http://www.w3.org/2001/XMLSchema-instance" xsi:schemaLocation="http://www.mulesoft.org/schema/mule/core http://www.mulesoft.org/schema/mule/core/current/mule.xsd
http://www.mulesoft.org/schema/mule/sftp http://www.mulesoft.org/schema/mule/sftp/current/mule-sftp.xsd
http://www.mulesoft.org/schema/mule/ee/core http://www.mulesoft.org/schema/mule/ee/core/current/mule-ee.xsd
http://www.mulesoft.org/schema/mule/smb http://www.mulesoft.org/schema/mule/smb/current/mule-smb.xsd
http://www.mulesoft.org/schema/mule/sfdc-marketing-cloud http://www.mulesoft.org/schema/mule/sfdc-marketing-cloud/current/mule-sfdc-marketing-cloud.xsd">
	<sub-flow name="aml-sftp-list-files-subflow" doc:id="9e26b2d1-be38-4db8-a870-1b0d62bc0a06" >
		<logger level="INFO" doc:name="START - Read directory" doc:id="2e96da1a-55f4-4a94-aa1d-465047cf3036" message="#[${file::dwl/logger/before-req-msg.dwl}]"/>
		<choice doc:name="ROUTE file read - directory" doc:id="ccb514ac-9461-46cc-9982-7e18fc1cc0ae" >
			<when expression="#[vars.consumer == 'SFTP']">
				<until-successful maxRetries="3" doc:name="Until Successful - 3 Retries" doc:id="1df2d51a-4463-4609-b325-3644a0ee5a34" millisBetweenRetries="3000">
			<sftp:list doc:name="List" doc:id="ed66fe2b-eff0-46b4-8d00-788a03e20fcc" config-ref="SFTP_Config" directoryPath="#[vars.sourcePath]" />
		</until-successful>
			</when>
			<otherwise>
				<until-successful maxRetries="3" doc:name="Until Successful" doc:id="10d02c50-6997-465b-8754-fad27cc759df" millisBetweenRetries="3000">
					<smb:directory-list doc:name="Directory List" doc:id="56c07923-8842-4f10-b573-77d1c4639957" config-ref="SMB_Connector_Config" dirName="#[vars.sourcePath]" wildcard="*.csv" />
				</until-successful>
			</otherwise>
		</choice>
		<logger level="INFO" doc:name="END - Read directory" doc:id="18bc56d3-c575-4759-b44f-9d656410ea60" message="#[${file::dwl/logger/after-req-msg.dwl}]"/>
	</sub-flow>
	<sub-flow name="aml-sftp-read-file-subflow" doc:id="0e56326d-36c9-49d4-b695-dcf6cc8138fb" >
		<logger level="INFO" doc:name="START - Read file" doc:id="bea77cc5-f8de-4c2c-82c8-0b9529773d0d" message="#[${file::dwl/logger/before-req-msg.dwl}]"/>
		<choice doc:name="ROUTE file read" doc:id="86dfd28f-f9e0-433f-90e1-a0ccc4562eab" >
			<when expression="#[vars.consumer == 'SFTP']">
				<until-successful maxRetries="3" doc:name="Until Successful - 3 Retries" doc:id="b25652b5-5ccd-487b-a78b-4c27bd6637a0" millisBetweenRetries="3000">
			<sftp:read doc:name="Read" doc:id="8b8246f9-54b6-4bf2-b312-2a58f3b3f5af" config-ref="SFTP_Config" path="#[vars.filePath]" />
		</until-successful>
			</when>
			<otherwise>
				<until-successful maxRetries="3" doc:name="Until Successful" doc:id="51e72867-fb1b-4499-8b8b-2a58c79a1c28" millisBetweenRetries="3000">
					<smb:file-read doc:name="File Read" doc:id="78e9f091-c06a-4533-a49f-dd63cd0c6860" config-ref="SMB_Connector_Config" fileName="#[vars.filePath]" dirName="#[vars.sourcePath]" />
				</until-successful>
			</otherwise>
		</choice>
		<logger level="INFO" doc:name="END - Read file" doc:id="dbb3c9d2-865d-40a6-b55f-a90f03ac80ac" message="#[${file::dwl/logger/after-req-msg.dwl}]"/>
	</sub-flow>
	<sub-flow name="aml-sftp-move-file-subflow" doc:id="25231293-f1c8-4a1d-8c2c-b28c20b9d600" >
		<logger level="INFO" doc:name="START - Move file" doc:id="9c5f4b2a-eb36-4d8d-a954-0987b66e93f7" message="#[${file::dwl/logger/before-req-msg.dwl}]"/>
		<choice doc:name="ROUTE file move" doc:id="317a916b-4d8f-4530-a40e-037d1fb3c3bf" >
			<when expression="#[vars.consumer == 'SFTP']">
				<until-successful maxRetries="3" doc:name="Until Successful - 3 Retries" doc:id="49d72026-9d26-4e10-aef1-e895a384e9ec" millisBetweenRetries="3000">
			<sftp:move doc:name="Move" doc:id="a86a967c-84b4-41ef-9ea4-92a1700ced2a" config-ref="SFTP_Config" sourcePath="#[vars.filePath]" targetPath="#[vars.targetPath]" overwrite="true" />
		</until-successful>
			</when>
			<otherwise>
				<until-successful maxRetries="3" doc:name="Until Successful" doc:id="4cdae200-5910-4b7f-b0e2-0baba70311e4" millisBetweenRetries="3000">
					<smb:file-move doc:name="File Move" doc:id="d549ba53-b310-482d-ac4d-5e32526208f6" config-ref="SMB_Connector_Config" overwrite="true" dirName="#[vars.sourcePath]" destDir="#[vars.targetPath]" fileName="#[vars.filePath]" autoDelete="true" />
				</until-successful>
			</otherwise>
		</choice>
		<logger level="INFO" doc:name="END - Move file" doc:id="2dc502af-da2b-4040-bea3-ce25264a5288" message="#[${file::dwl/logger/after-req-msg.dwl}]"/>
	</sub-flow>
	<sub-flow name="aml-sftp-create-file-subflow" doc:id="5f6d244f-88b8-47fc-b19c-d23491e2cde7" >
		<logger level="INFO" doc:name="START - Create file" doc:id="86c99bf9-6f55-488c-80b9-d3419a979908" message="#[${file::dwl/logger/before-req-msg.dwl}]"/>
		<choice doc:name="ROUTE file create" doc:id="08ee3bc2-c08c-45b5-9ce8-6533f8c7dd30" >
			<when expression="#[vars.consumer == 'SFTP']">
				<until-successful maxRetries="3" doc:name="Until Successful" doc:id="b4344199-4137-4322-9724-906ca1504c66" millisBetweenRetries="3000">
					<sftp:write doc:name="Write" doc:id="aac21c9e-99a6-4be2-94bc-0e20a974e702" config-ref="SFTP_Config" path='#[vars.targetPath ++ "." ++ vars.fileName ++ lower(vars.fileExtension)]'/>
				</until-successful>
			</when>
			<otherwise >
				<until-successful maxRetries="3" doc:name="Until Successful" doc:id="972f6e04-a1dd-4dd2-859b-76c4870362b8" millisBetweenRetries="3000">
					<smb:file-write doc:name="File Write" doc:id="6d42a9e5-dea6-4994-ba5e-e36b4bc7c3ea" config-ref="SMB_Connector_Config" fileName='#[vars.fileName ++ "." ++ vars.fileExtension]' dirName="#[vars.targetPath]"/>
				</until-successful>
			</otherwise>
		</choice>
		<logger level="INFO" doc:name="END - Create file" doc:id="ec5b6de8-f6c4-41a2-a114-df0bc95de73a" message="#[${file::dwl/logger/after-req-msg.dwl}]"/>
	</sub-flow>
</mule>
