<?xml version="1.0" encoding="UTF-8"?>
<mule xmlns:doc="http://www.mulesoft.org/schema/mule/documentation" xmlns="http://www.mulesoft.org/schema/mule/core" xmlns:apikit="http://www.mulesoft.org/schema/mule/mule-apikit" xmlns:ee="http://www.mulesoft.org/schema/mule/ee/core" xmlns:http="http://www.mulesoft.org/schema/mule/http" xmlns:xsi="http://www.w3.org/2001/XMLSchema-instance" xsi:schemaLocation="http://www.mulesoft.org/schema/mule/core http://www.mulesoft.org/schema/mule/core/current/mule.xsd http://www.mulesoft.org/schema/mule/http http://www.mulesoft.org/schema/mule/http/current/mule-http.xsd http://www.mulesoft.org/schema/mule/mule-apikit http://www.mulesoft.org/schema/mule/mule-apikit/current/mule-apikit.xsd http://www.mulesoft.org/schema/mule/ee/core http://www.mulesoft.org/schema/mule/ee/core/current/mule-ee.xsd ">
	<flow name="aml-sql-sys-api-main" doc:id="259591f5-1918-4a07-8d6b-be2986c7b985">
        <http:listener path="${global.properties.api.path.main}" config-ref="HTTP_Listener_config">
            <http:response statusCode="#[vars.httpStatus default 200]">
                <http:headers><![CDATA[#[vars.outboundHeaders default {}]]]></http:headers>
            </http:response>
            <http:error-response statusCode="#[vars.httpStatus default 500]">
                <http:body><![CDATA[#[payload]]]></http:body>
                <http:headers><![CDATA[#[vars.outboundHeaders default {}]]]></http:headers>
            </http:error-response>
        </http:listener>
        <flow-ref doc:name="aml-sql-sys-api_set-variables" doc:id="4e153d58-4060-4fad-bbe1-297cbddba971" name="aml-sql-sys-api_set-variables"/>
		<apikit:router config-ref="aml-sql-sys-api-config" />
		<error-handler ref="error-handler" />
    </flow>
    <flow name="aml-sql-sys-api-console">
        <http:listener path="${global.properties.api.path.console}" config-ref="HTTP_Listener_config">
            <http:response statusCode="#[vars.httpStatus default 200]">
                <http:headers><![CDATA[#[vars.outboundHeaders default {}]]]></http:headers>
            </http:response>
            <http:error-response statusCode="#[vars.httpStatus default 500]">
                <http:body><![CDATA[#[payload]]]></http:body>
                <http:headers><![CDATA[#[vars.outboundHeaders default {}]]]></http:headers>
            </http:error-response>
        </http:listener>
        <apikit:console config-ref="aml-sql-sys-api-config" />
		<error-handler ref="error-handler" />
    </flow>
    <flow name="patch:\transactions:application\json:aml-sql-sys-api-config" doc:id="bff2315a-4397-4161-820e-e841b6a0e5f9">
	    <ee:transform doc:name="Set Var - operationId, operationName" doc:id="8dc71314-6980-4df1-a18a-404954f14d11" >
			<ee:variables >
				<ee:set-variable variableName="operationName" ><![CDATA[p('global.properties.mule.operations.put-transactions.name')]]></ee:set-variable>
				<ee:set-variable variableName="operationId" ><![CDATA[p('global.properties.mule.operations.put-transactions.id')]]></ee:set-variable>
			</ee:variables>
		</ee:transform>
		<flow-ref doc:name="impl-patch-transactions-subflow" doc:id="7baa1197-07ea-431a-8f96-9ce013b386f3" name="impl-patch-transactions-subflow"/>
    </flow>
    <flow name="get:\references\(Reference):aml-sql-sys-api-config" doc:id="e9c9c4d5-1eb6-4d65-a051-5075a9887da5">
		<ee:transform doc:name="Set Var - operationId, operationName" doc:id="9901e514-e969-487d-9a14-d5531178598f" >
			<ee:variables >
				<ee:set-variable variableName="operationName" ><![CDATA[p('global.properties.mule.operations.get-references.name')]]></ee:set-variable>
				<ee:set-variable variableName="operationId" ><![CDATA[p('global.properties.mule.operations.get-references.id')]]></ee:set-variable>
			</ee:variables>
		</ee:transform>
		<flow-ref doc:name="impl-get-references-subflow" doc:id="eb3d8aaf-df12-4f9d-85e5-698a072a690b" name="impl-get-references-subflow"/>
    </flow>
    <flow name="get:\netrevealstatus\(PolicyNumber):aml-sql-sys-api-config" doc:id="44eaca4e-4a22-4884-b5bf-30fcf26e4fe9">
    	<ee:transform doc:name="Set Var - operationId, operationName" doc:id="aa0329e3-9678-4e19-99e9-f8a23e77fe16" >
			<ee:variables >
				<ee:set-variable variableName="operationName" ><![CDATA[p('global.properties.mule.operations.get-netrevealstatus.name')]]></ee:set-variable>
				<ee:set-variable variableName="operationId" ><![CDATA[p('global.properties.mule.operations.get-netrevealstatus.id')]]></ee:set-variable>
			</ee:variables>
		</ee:transform>
		<flow-ref doc:name="impl-get-netrevealstatus-subflow" doc:id="1dabef4c-00f1-40bd-818f-ac2aedc4b33b" name="impl-get-netrevealstatus-subflow"/>
    </flow>
    <flow name="post:\transactions:application\json:aml-sql-sys-api-config" doc:id="ad34ac43-a815-430c-bc63-e8d64217242c">
    	<ee:transform doc:name="Set Var - operationId, operationName" doc:id="855472c0-7344-4350-9ff5-3f6a7a4cb71e" >
			<ee:variables >
				<ee:set-variable variableName="operationName" ><![CDATA[p('global.properties.mule.operations.post-transactions.name')]]></ee:set-variable>
				<ee:set-variable variableName="operationId" ><![CDATA[p('global.properties.mule.operations.post-transactions.id')]]></ee:set-variable>
			</ee:variables>
		</ee:transform>
        <flow-ref doc:name="impl-post-transactions-subflow" doc:id="18a92a2f-6f75-407c-a2f0-5f26148643ea" name="impl-post-transactions-subflow"/>
    </flow>
	<flow name="post:\customers\assignid:application\json:aml-sql-sys-api-config" doc:id="bd23a0f5-0a02-4392-8589-66a320a11ef1" >
		<ee:transform doc:name="Set Var - operationId, operationName" doc:id="d5739041-16ac-4d18-8cb8-97a9c1f63d67" >
			<ee:variables >
				<ee:set-variable variableName="operationName" ><![CDATA[p('global.properties.mule.operations.post-assignid.name')]]></ee:set-variable>
				<ee:set-variable variableName="operationId" ><![CDATA[p('global.properties.mule.operations.post-assignid.id')]]></ee:set-variable>
			</ee:variables>
		</ee:transform>
		<flow-ref doc:name="impl-post-assign-id-subflow" doc:id="d2bdfe2e-3e87-4bb2-ae16-cc3c58e8ba5e" name="impl-post-assign-id-subflow"/>
	</flow>
	<flow name="get:\transactions:aml-sql-sys-api-config" doc:id="757201a3-736f-478f-a850-ef45188652a7" >
		<ee:transform doc:name="Set Var - operationId, operationName" doc:id="81bb9109-fcea-45b3-a048-a5caeabd1dc6" >
			<ee:variables >
				<ee:set-variable variableName="operationName" ><![CDATA[p('global.properties.mule.operations.get-transactions.name')]]></ee:set-variable>
				<ee:set-variable variableName="operationId" ><![CDATA[p('global.properties.mule.operations.get-transactions.id')]]></ee:set-variable>
			</ee:variables>
		</ee:transform>
		<flow-ref doc:name="impl-get-transactions-main-subflow" doc:id="0dc8756c-34e6-4fd7-a200-0a298750a1db" name="impl-get-transactions-main-subflow"/>
	</flow>
	<flow name="patch:\distributions\(PolicyNumber)\status:application\json:aml-sql-sys-api-config" doc:id="21a8d39a-e2d4-4f13-b78c-6f35c01d3ee9">
		<ee:transform doc:name="Set Var - operationId, operationName" doc:id="4b342702-51f2-4ae8-bef0-c533cf6b01e3" >
			<ee:variables >
				<ee:set-variable variableName="operationName" ><![CDATA[p('global.properties.mule.operations.put-distributions-status.name')]]></ee:set-variable>
				<ee:set-variable variableName="operationId" ><![CDATA[p('global.properties.mule.operations.put-distributions-status.id')]]></ee:set-variable>
			</ee:variables>
		</ee:transform>
		<flow-ref doc:name="impl-patch-distributions-status-main-subflow" doc:id="e55a2e96-b427-426a-9953-00b8bc324f6c" name="impl-patch-distributions-status-main-subflow"/>
	</flow>
	<flow name="get:\email\templates:aml-sql-sys-api-config" doc:id="f2518d68-024f-4586-817d-ca41bc9a0c78" >
		<ee:transform doc:name="Set Var - operationId, operationName" doc:id="7a2850c3-3e83-408e-93bf-b5e425c5d773" >
			<ee:variables >
				<ee:set-variable variableName="operationName" ><![CDATA[p('global.properties.mule.operations.get-email-templates.name')]]></ee:set-variable>
				<ee:set-variable variableName="operationId" ><![CDATA[p('global.properties.mule.operations.get-email-templates.id')]]></ee:set-variable>
			</ee:variables>
		</ee:transform>
		<flow-ref doc:name="impl-get-email-templates-main-subflow" doc:id="599ddb79-846a-47c9-a8ea-c1c317a2b9cb" name="impl-get-email-templates-main-subflow"/>
	</flow>
	<sub-flow name="aml-sql-sys-api_set-variables" doc:id="6fbbbcaf-d0b1-4849-a13d-31bb871378a5" >
		<set-variable value="#[attributes.headers['X-Correlation-Id']]" doc:name="correlationId" doc:id="e424a0a8-a04d-4c67-9256-85a7faf65d47" variableName="correlationId"/>
	</sub-flow>
</mule>
