<?xml version="1.0" encoding="UTF-8"?>

<mule xmlns:tls="http://www.mulesoft.org/schema/mule/tls"
	xmlns:http="http://www.mulesoft.org/schema/mule/http" xmlns="http://www.mulesoft.org/schema/mule/core"
	xmlns:doc="http://www.mulesoft.org/schema/mule/documentation"
	xmlns:xsi="http://www.w3.org/2001/XMLSchema-instance" xsi:schemaLocation="
http://www.mulesoft.org/schema/mule/tls http://www.mulesoft.org/schema/mule/tls/current/mule-tls.xsd http://www.mulesoft.org/schema/mule/core http://www.mulesoft.org/schema/mule/core/current/mule.xsd
http://www.mulesoft.org/schema/mule/http http://www.mulesoft.org/schema/mule/http/current/mule-http.xsd">
	<http:request-config name="HTTP_Request_configuration" doc:name="HTTP Request configuration" doc:id="5ff35a07-05b2-4ecf-9cfa-801067835969" basePath="/payments-db-sys-api/v1" >
		<http:request-connection protocol="HTTPS" host="mule-public.axa-li-ph-dev-int.indigo.southeastasia.azure.openpaas.axa-cloud.com">
			<tls:context >
				<tls:trust-store insecure="true" />
			</tls:context>
		</http:request-connection>
	</http:request-config>
	<sub-flow name="payments-db-sys-api-payments-select-query-subflow" doc:id="2901e0f8-7452-46a2-b81c-d985ddd6a8a7" >
		<logger level="INFO" doc:name="BEFORE REQUEST - SELECT Query to Payment DB" doc:id="6a713c0b-c9d3-495c-857f-055796142ec2" message="#[${file::dwl/logger/before-req-msg.dwl}]" />
		<http:request doc:name="SELECT Query" doc:id="efc7e6c4-a89c-4124-bf8d-5851c766af0f" config-ref="payments-db-sys-api-HTTP_Request_configuration" method="${system.payments.db.payment.query.select.method}" path="${system.payments.db.payment.query.select.path}">
			<http:body ><![CDATA[#[""]]]></http:body>
			<http:headers ><![CDATA[#[output application/java
---
{
	"X-Correlation-Id": correlationId,
	"Client-Id": p('system.payments.db.headers.client-id'),
	"Client-Secret": p('system.payments.db.headers.client-secret')
}]]]></http:headers>
			<http:uri-params ><![CDATA[#[output application/java
---
vars.apiInfo.uriParams default {}]]]></http:uri-params>
			<http:query-params ><![CDATA[#[output application/java
---
vars.apiInfo.queryParams default {}]]]></http:query-params>
		</http:request>
		<logger level="INFO" doc:name="AFTER REQUEST - SELECT Query to Payment DB" doc:id="babf7163-6769-44f2-a33b-7c0e057f1427" message="#[${file::dwl/logger/after-req-msg.dwl}]" />
	</sub-flow>
	<sub-flow name="payments-db-sys-api-payments-insert-into-query-subflow" doc:id="c93c93d4-d28f-4104-8af0-861b16fda6bc" >
		<logger level="INFO" doc:name="BEFORE REQUEST - INSERT INTO Query to Payment DB" doc:id="6f451526-b82a-4b17-ad17-bccaef7359c9" message="#[${file::dwl/logger/before-req-msg.dwl}]" />
		<http:request method="${system.payments.db.payment.query.insert.method}" doc:name="INSERT INTO Query" doc:id="de056184-7619-4914-8fc1-91839db35da5" config-ref="payments-db-sys-api-HTTP_Request_configuration" path="${system.payments.db.payment.query.insert.path}">
			<http:body><![CDATA[#[output application/json
---
payload]]]></http:body>
			<http:headers><![CDATA[#[output application/java
---
{
	"X-Correlation-Id": correlationId,
	"Client-Id": p('system.payments.db.headers.client-id'),
	"Client-Secret": p('system.payments.db.headers.client-secret')
}]]]></http:headers>
			<http:uri-params><![CDATA[#[output application/java
---
vars.apiInfo.uriParams default {}]]]></http:uri-params>
			<http:query-params><![CDATA[#[output application/java
---
vars.apiInfo.queryParams default {}]]]></http:query-params>
		</http:request>
		<logger level="INFO" doc:name="AFTER REQUEST - INSERT INTO Query to Payment DB" doc:id="43709410-1431-4fef-a4f3-771ec53eedc9" message="#[${file::dwl/logger/after-req-msg.dwl}]" />
	</sub-flow>
	<sub-flow name="payments-db-sys-api-payments-update-query-subflow" doc:id="921a559a-5db4-4e52-85ab-3c30afd82c6e" >
		<logger level="INFO" doc:name="BEFORE REQUEST - UPDATE Query to Payment DB" doc:id="49fed05d-94c2-432c-b22d-06ead26c2dd2" message="#[${file::dwl/logger/before-req-msg.dwl}]" />
		<http:request method="${system.payments.db.payment.query.update.method}" doc:name="UPDATE Query" doc:id="71603291-cff9-44a2-bcae-ef0c5270de7d" config-ref="payments-db-sys-api-HTTP_Request_configuration" path="${system.payments.db.payment.query.update.path}">
			<http:body><![CDATA[#[output application/json
---
payload]]]></http:body>
			<http:headers><![CDATA[#[output application/java
---
{
	"X-Correlation-Id": correlationId,
	"Client-Id": p('system.payments.db.headers.client-id'),
	"Client-Secret": p('system.payments.db.headers.client-secret')
}]]]></http:headers>
			<http:uri-params><![CDATA[#[output application/java
---
vars.apiInfo.uriParams default {}]]]></http:uri-params>
			<http:query-params><![CDATA[#[output application/java
---
vars.apiInfo.queryParams default {}]]]></http:query-params>
		</http:request>
		<logger level="INFO" doc:name="AFTER REQUEST - UPDATE Query to Payment DB" doc:id="212e2ef8-4501-4e8e-bffe-dded85c7b93a" message="#[${file::dwl/logger/after-req-msg.dwl}]" />
	</sub-flow>
</mule>
