<?xml version="1.0" encoding="UTF-8"?>
<mule xmlns:doc="http://www.mulesoft.org/schema/mule/documentation" xmlns="http://www.mulesoft.org/schema/mule/core" xmlns:apikit="http://www.mulesoft.org/schema/mule/mule-apikit" xmlns:ee="http://www.mulesoft.org/schema/mule/ee/core" xmlns:http="http://www.mulesoft.org/schema/mule/http" xmlns:xsi="http://www.w3.org/2001/XMLSchema-instance" xsi:schemaLocation="http://www.mulesoft.org/schema/mule/core http://www.mulesoft.org/schema/mule/core/current/mule.xsd http://www.mulesoft.org/schema/mule/http http://www.mulesoft.org/schema/mule/http/current/mule-http.xsd http://www.mulesoft.org/schema/mule/mule-apikit http://www.mulesoft.org/schema/mule/mule-apikit/current/mule-apikit.xsd http://www.mulesoft.org/schema/mule/ee/core http://www.mulesoft.org/schema/mule/ee/core/current/mule-ee.xsd ">
    <flow name="payments-db-sys-api-main">
        <http:listener path="${global.properties.api.path.main}" config-ref="HTTP_Listener_config">
            <http:response statusCode="#[vars.httpStatus default 200]">
                <http:headers><![CDATA[#[vars.outboundHeaders default {}]]]></http:headers>
            </http:response>
            <http:error-response statusCode="#[vars.httpStatus default 500]">
                <http:body><![CDATA[#[payload]]]></http:body>
                <http:headers><![CDATA[#[vars.outboundHeaders default {}]]]></http:headers>
            </http:error-response>
        </http:listener>
        <apikit:router config-ref="payments-db-sys-api-config" />
		<error-handler ref="common-apikit-Error_Handler" />
    </flow>
    <flow name="payments-db-sys-api-console">
        <http:listener path="/console/*" config-ref="HTTP_Listener_config">
            <http:response statusCode="#[vars.httpStatus default 200]">
                <http:headers><![CDATA[#[vars.outboundHeaders default {}]]]></http:headers>
            </http:response>
            <http:error-response statusCode="#[vars.httpStatus default 500]">
                <http:body><![CDATA[#[payload]]]></http:body>
                <http:headers><![CDATA[#[vars.outboundHeaders default {}]]]></http:headers>
            </http:error-response>
        </http:listener>
        <apikit:console config-ref="payments-db-sys-api-config" />
		<error-handler ref="common-apikit-Error_Handler" />
    </flow>
    <flow name="get:\payment\query:payments-db-sys-api-config">
        <ee:transform doc:name="Set reqMetadata" doc:id="ba750817-7bb7-4680-9b4e-d0bd85002e24">
			<ee:message />
			<ee:variables>
				<ee:set-variable variableName="reqMetadata"><![CDATA[%dw 2.0
import p from Mule
output application/json
---
{
	"OperationId": p('global.properties.mule.operations.sample.mule.operation.id'),
	"OperationName": p('global.properties.mule.operations.sample.mule.operation.name'),
	"FlowLabel": p('global.properties.mule.operations.sample.mule.operation.domain'),
	"Flow": flow.name
}]]></ee:set-variable>
			</ee:variables>
		</ee:transform>
		<flow-ref doc:name="impl-payment-db-query-select-from-table-subflow" doc:id="41edaef6-7b41-4366-be39-298ac65aafd1" name="impl-payment-db-query-select-from-table-subflow"/>
    </flow>
	<flow name="post:\payment\query:application\json:payments-db-sys-api-config">
		<ee:transform doc:name="Set reqMetadata" doc:id="9d52956b-02bf-4fe6-b025-1eafec08b3bf">
			<ee:message />
			<ee:variables>
				<ee:set-variable variableName="reqMetadata"><![CDATA[%dw 2.0
import p from Mule
output application/json
---
{
	"OperationId": p('global.properties.mule.operations.sample.mule.operation.id'),
	"OperationName": p('global.properties.mule.operations.sample.mule.operation.name'),
	"FlowLabel": p('global.properties.mule.operations.sample.mule.operation.domain'),
	"Flow": flow.name
}]]></ee:set-variable>
			</ee:variables>
		</ee:transform>
		<flow-ref doc:name="impl-payment-db-query-insert-into-table-subflow" doc:id="f538267c-fc81-4291-8cc4-f55ae070d545" name="impl-payment-db-query-insert-into-table-subflow"/>
    </flow>
	<flow name="put:\payment\query:application\json:payments-db-sys-api-config">
		<ee:transform doc:name="Set reqMetadata" doc:id="52449859-578b-47e2-85e1-8741876925dc">
			<ee:message />
			<ee:variables>
				<ee:set-variable variableName="reqMetadata"><![CDATA[%dw 2.0
import p from Mule
output application/json
---
{
	"OperationId": p('global.properties.mule.operations.sample.mule.operation.id'),
	"OperationName": p('global.properties.mule.operations.sample.mule.operation.name'),
	"FlowLabel": p('global.properties.mule.operations.sample.mule.operation.domain'),
	"Flow": flow.name
}]]></ee:set-variable>
			</ee:variables>
		</ee:transform>
		<flow-ref doc:name="impl-payment-db-query-update-table-subflow" doc:id="08706ae3-184e-46a0-bc16-32612cc3f9ba" name="impl-payment-db-query-update-table-subflow"/>
    </flow>
    <flow name="get:\incomepayingfund\batch:payments-db-sys-api-config">
        <ee:transform doc:name="Set reqMetadata" doc:id="cdac92f6-e7df-4f77-a745-6eb5022e82d9">
            <ee:message>
            </ee:message>
			<ee:variables >
				<ee:set-variable variableName="reqMetadata" ><![CDATA[%dw 2.0
output application/json
---
{
	"OperationId": p('global.properties.mule.operations.get-details.id'),
	"OperationName": p('global.properties.mule.operations.get-details.name'),
	"FlowLabel": p('global.properties.mule.operations.get-details.domain'),
	"Flow": flow.name
}
]]></ee:set-variable>
			</ee:variables>
        </ee:transform>
		<flow-ref doc:name="impl-ipf-query-batch-details-flows" doc:id="a034861f-8a96-4413-b682-fec48309b22e" name="impl-ipf-query-batch-details-flows"/>
    </flow>
    <flow name="get:\incomepayingfund\(policynumber):payments-db-sys-api-config">
        <ee:transform doc:name="Set reqMetadata" doc:id="3ed5f9d8-d8dc-4d0e-a361-22ba0a1aa558">
            <ee:message>
            </ee:message>
			<ee:variables >
				<ee:set-variable variableName="reqMetadata" ><![CDATA[%dw 2.0
output application/json
---
{
	"OperationId": p('global.properties.mule.operations.get-extract.id'),
	"OperationName": p('global.properties.mule.operations.get-extract.name'),
	"FlowLabel": p('global.properties.mule.operations.get-extract..domain'),
	"Flow": flow.name
}
]]></ee:set-variable>
			</ee:variables>
        </ee:transform>
		<flow-ref doc:name="impl-ipf-query-policyno-extract-flows" doc:id="dda9a3c0-0a1f-4240-811a-0caddb3c30ea" name="impl-ipf-query-policyno-extract-flows"/>
    </flow>
    
    <flow name="get:\incomepayingfund\batch\(policynumber):payments-db-sys-api-config">
        <ee:transform doc:name="Set reqMetadata" doc:id="bd70e4fe-3378-4edd-b11f-0ed73c01ca0a">
            <ee:message>
            </ee:message>
			<ee:variables >
				<ee:set-variable variableName="reqMetadata" ><![CDATA[%dw 2.0
output application/json
---
{
	"OperationId": p('global.properties.mule.operations.get-details.id'),
	"OperationName": p('global.properties.mule.operations.get-details.name'),
	"FlowLabel": p('global.properties.mule.operations.get-details.domain'),
	"Flow": flow.name
}
]]></ee:set-variable>
			</ee:variables>
        </ee:transform>
		<flow-ref doc:name="impl-ipf-query-extractid-details-flows" doc:id="154cbfd1-6a9a-4310-bf94-dd7305bcce83" name="impl-ipf-query-bypolicynumber-details-flows"/>
    </flow>
    
</mule>
