<?xml version="1.0" encoding="UTF-8"?>

<mule xmlns:ee="http://www.mulesoft.org/schema/mule/ee/core" xmlns="http://www.mulesoft.org/schema/mule/core"
	xmlns:doc="http://www.mulesoft.org/schema/mule/documentation"
	xmlns:xsi="http://www.w3.org/2001/XMLSchema-instance" xsi:schemaLocation="http://www.mulesoft.org/schema/mule/core http://www.mulesoft.org/schema/mule/core/current/mule.xsd
http://www.mulesoft.org/schema/mule/ee/core http://www.mulesoft.org/schema/mule/ee/core/current/mule-ee.xsd">
	<sub-flow name="impl-daily-report-flowsFlow" doc:id="495b9eeb-0537-49c5-9054-cfc0c809d67e" >
	<logger level="INFO" doc:name="START impl-daily-report-flows" doc:id="47410ad6-9fa3-4a09-827c-c6d40c5d2f1b" message="#['transactionId:' ++ correlationId ++ p('global.properties.api.id') ++ &quot;.&quot; ++ p('global.properties.api.appName') ++ &quot;impl-daily-report-flows&quot; ++ &quot;.Start--&quot;] ++ #[payload]"/>
	
		<flow-ref doc:name="aml-sql-sys-api_templates" doc:id="804417c8-801d-4506-ab28-a73f12474bc3" name="aml-sql-sys-api_templates"/>
		<ee:transform doc:name="Get Daily Report Template" doc:id="db3026cd-3bdd-4f55-8f0c-f5152ff9e7b8">
			<ee:message>
			</ee:message>
			<ee:variables >
				<ee:set-variable variableName="template" ><![CDATA[%dw 2.0
output application/json

---
payload.Data filter ((fields,index)-> fields.Id == 1)]]></ee:set-variable>
			</ee:variables>
		</ee:transform>
		<flow-ref doc:name="aml-sql-sys-api_transactions" doc:id="deaa4646-8654-4361-90bb-3ce297bf34f0" name="aml-sql-sys-api_transactions" target="dailytransaction"/>
		<choice doc:name="Choice" doc:id="b8fea843-f483-4c0d-b47f-ca4564613dec" >
			<when expression='#[isEmpty(vars.dailytransaction.Data) == false]'>
				<ee:transform doc:name="Messaging Payload" doc:id="97dd38c5-6625-47c4-b088-8baa732e10bb">
			<ee:message>
				<ee:set-payload><![CDATA[%dw 2.0
output application/json
import * from dw::core::Binaries
---
{
    "Sender": "no-reply@axa.com.ph",
    "SenderName": "AXA PH",
    "Recipient": vars.template.Recipients[0],
    "Subject": vars.template.Subject[0],
    "Body": vars.template.Body[0],
    "SourceId": 2,
    "FileName": [
        "Daily Report.csv"
    ],
    "FileType": [
        "application/csv"
    ],
    "File": [
        toBase64(write(vars.dailytransaction.Data, 'application/csv',{"header":true, "quoteValues" : true}))
    ]
}]]></ee:set-payload>
			</ee:message>
			<ee:variables>
			</ee:variables>
		</ee:transform>
			</when>
			<otherwise >
				<ee:transform doc:name="No records found" doc:id="79648e3a-31f0-447a-a93f-67a4bd87825a" >
					<ee:message >
						<ee:set-payload ><![CDATA[%dw 2.0
output application/json
import * from dw::core::Binaries
---
{
    "Sender": "no-reply@axa.com.ph",
    "SenderName": "AXA PH",
    "Recipient": vars.template.Recipients[0],
    "Subject": vars.template.Subject[0],
    "Body": "No records found.<br><br>",
    "SourceId": 2
}]]></ee:set-payload>
					</ee:message>
				</ee:transform>
			</otherwise>
		</choice>
		<flow-ref doc:name="messaging-sys-api" doc:id="5baa0651-904d-497d-97e7-76bb391b8015" name="messaging-sys-api"/>
		<logger level="INFO" doc:name="END  impl-daily-report-flows" doc:id="a8e8cf59-9aba-4d94-8675-bd9d2a71a5fa" message="#['transactionId:' ++ correlationId ++ p('global.properties.api.id') ++ &quot;.&quot; ++ p('global.properties.api.appName') ++  &quot;.&quot; ++ &quot;aml-sql-sys-api&quot; ++ &quot;.End--&quot;]  ++ #[payload]"/>
		
	</sub-flow>
</mule>
