<?xml version='1.0' encoding='UTF-8'?>
<types:mule xmlns:types="http://www.mulesoft.org/schema/mule/types">
  <types:catalog>
    <types:type name="auto_85f49e1f-76b1-42a9-8d6f-f794b5b89bd5_Input-Payload" format="java">
      <types:shape format="weave" example="weave/autogenerated/85f49e1f-76b1-42a9-8d6f-f794b5b89bd5/Input-Payload.wev" autogeneratedOrigin="4cd0d3e4-ddda-425e-9696-5b6391193a36"><![CDATA[%dw 2.0

type auto_85f49e1f_76b1_42a9_8d6f_f794b5b89bd5_Input_Payload = Any

]]></types:shape>
    </types:type>
    <types:type name="auto_85f49e1f-76b1-42a9-8d6f-f794b5b89bd5_Input-Attributes" format="java">
      <types:shape format="weave" example="weave/autogenerated/85f49e1f-76b1-42a9-8d6f-f794b5b89bd5/Input-Attributes.wev" autogeneratedOrigin="4cd0d3e4-ddda-425e-9696-5b6391193a36"><![CDATA[%dw 2.0

type auto_85f49e1f_76b1_42a9_8d6f_f794b5b89bd5_Input_Attributes = {|
  clientCertificate?: {|
    publicKey?: {|  |}, 
    "type"?: String, 
    encoded?: Binary
  |}, 
  headers: {|
    "Client-Id": String, 
    "Client-Secret": String, 
    "X-Correlation-Id": String
  |}, 
  listenerPath: String, 
  method: String, 
  queryParams: {|  |}, 
  queryString: String, 
  relativePath: String, 
  remoteAddress: String, 
  requestPath: String, 
  requestUri: String, 
  scheme: String, 
  uriParams: {| policynumber: String |}, 
  version: String, 
  localAddress: String
|}

]]></types:shape>
    </types:type>
    <types:type name="auto_85f49e1f-76b1-42a9-8d6f-f794b5b89bd5_Input-Variables-outboundHeaders" format="java">
      <types:shape format="weave" example="weave/autogenerated/85f49e1f-76b1-42a9-8d6f-f794b5b89bd5/Input-Variables-outboundHeaders.wev" autogeneratedOrigin="4cd0d3e4-ddda-425e-9696-5b6391193a36"><![CDATA[%dw 2.0

type auto_85f49e1f_76b1_42a9_8d6f_f794b5b89bd5_Input_Variables_outboundHeaders = {|  |}

]]></types:shape>
    </types:type>
    <types:type name="auto_85f49e1f-76b1-42a9-8d6f-f794b5b89bd5_Input-Variables-reqMetadata" format="json">
      <types:shape format="weave" example="weave/autogenerated/85f49e1f-76b1-42a9-8d6f-f794b5b89bd5/Input-Variables-reqMetadata.wev" autogeneratedOrigin="4cd0d3e4-ddda-425e-9696-5b6391193a36"><![CDATA[%dw 2.0

type auto_85f49e1f_76b1_42a9_8d6f_f794b5b89bd5_Input_Variables_reqMetadata = {|
  OperationId: String, 
  OperationName: String, 
  FlowLabel: String, 
  Flow: String | Null
|}

]]></types:shape>
    </types:type>
    <types:type name="auto_85f49e1f-76b1-42a9-8d6f-f794b5b89bd5_Input-Variables-policynumber" format="java">
      <types:shape format="raml" autogeneratedOrigin="4cd0d3e4-ddda-425e-9696-5b6391193a36"><![CDATA[#%RAML 1.0 DataType
type: string]]></types:shape>
    </types:type>
    <types:type name="auto_85f49e1f-76b1-42a9-8d6f-f794b5b89bd5_Input-Variables-httpStatus" format="java">
      <types:shape format="raml" autogeneratedOrigin="4cd0d3e4-ddda-425e-9696-5b6391193a36"><![CDATA[#%RAML 1.0 DataType
type: string]]></types:shape>
    </types:type>
    <types:type name="auto_85f49e1f-76b1-42a9-8d6f-f794b5b89bd5_Output-Payload" format="java">
      <types:shape format="weave" example="weave/autogenerated/85f49e1f-76b1-42a9-8d6f-f794b5b89bd5/Output-Payload.wev" autogeneratedOrigin="4cd0d3e4-ddda-425e-9696-5b6391193a36"><![CDATA[%dw 2.0

type auto_85f49e1f_76b1_42a9_8d6f_f794b5b89bd5_Output_Payload = Any

]]></types:shape>
    </types:type>
    <types:type name="auto_85f49e1f-76b1-42a9-8d6f-f794b5b89bd5_Output-Attributes" format="java">
      <types:shape format="weave" example="weave/autogenerated/85f49e1f-76b1-42a9-8d6f-f794b5b89bd5/Output-Attributes.wev" autogeneratedOrigin="4cd0d3e4-ddda-425e-9696-5b6391193a36"><![CDATA[%dw 2.0

type auto_85f49e1f_76b1_42a9_8d6f_f794b5b89bd5_Output_Attributes = {|
  clientCertificate?: {|
    publicKey?: {|  |}, 
    "type"?: String, 
    encoded?: Binary
  |}, 
  headers: {|
    "Client-Id": String, 
    "Client-Secret": String, 
    "X-Correlation-Id": String
  |}, 
  listenerPath: String, 
  method: String, 
  queryParams: {|  |}, 
  queryString: String, 
  relativePath: String, 
  remoteAddress: String, 
  requestPath: String, 
  requestUri: String, 
  scheme: String, 
  uriParams: {| policynumber: String |}, 
  version: String, 
  localAddress: String
|}

]]></types:shape>
    </types:type>
    <types:type name="auto_85f49e1f-76b1-42a9-8d6f-f794b5b89bd5_Output-Variables-outboundHeaders" format="java">
      <types:shape format="weave" example="weave/autogenerated/85f49e1f-76b1-42a9-8d6f-f794b5b89bd5/Output-Variables-outboundHeaders.wev" autogeneratedOrigin="4cd0d3e4-ddda-425e-9696-5b6391193a36"><![CDATA[%dw 2.0

type auto_85f49e1f_76b1_42a9_8d6f_f794b5b89bd5_Output_Variables_outboundHeaders = {|  |}

]]></types:shape>
    </types:type>
    <types:type name="auto_85f49e1f-76b1-42a9-8d6f-f794b5b89bd5_Output-Variables-reqMetadata" format="json">
      <types:shape format="weave" example="weave/autogenerated/85f49e1f-76b1-42a9-8d6f-f794b5b89bd5/Output-Variables-reqMetadata.wev" autogeneratedOrigin="4cd0d3e4-ddda-425e-9696-5b6391193a36"><![CDATA[%dw 2.0

type auto_85f49e1f_76b1_42a9_8d6f_f794b5b89bd5_Output_Variables_reqMetadata = {|
  OperationId: String, 
  OperationName: String, 
  FlowLabel: String, 
  Flow: String | Null
|}

]]></types:shape>
    </types:type>
    <types:type name="auto_85f49e1f-76b1-42a9-8d6f-f794b5b89bd5_Output-Variables-policynumber" format="java">
      <types:shape format="raml" autogeneratedOrigin="4cd0d3e4-ddda-425e-9696-5b6391193a36"><![CDATA[#%RAML 1.0 DataType
type: string]]></types:shape>
    </types:type>
    <types:type name="auto_85f49e1f-76b1-42a9-8d6f-f794b5b89bd5_Output-Variables-httpStatus" format="java">
      <types:shape format="raml" autogeneratedOrigin="4cd0d3e4-ddda-425e-9696-5b6391193a36"><![CDATA[#%RAML 1.0 DataType
type: string]]></types:shape>
    </types:type>
    <types:type name="auto_ee2c5499-20a7-4e19-9621-afc3c3397efe_Input-Payload" format="java">
      <types:shape format="weave" example="weave/autogenerated/ee2c5499-20a7-4e19-9621-afc3c3397efe/Input-Payload.wev" autogeneratedOrigin="4bb6fc40-759b-44cd-83ad-06b4531a0308"><![CDATA[%dw 2.0

type auto_ee2c5499_20a7_4e19_9621_afc3c3397efe_Input_Payload = Any

]]></types:shape>
    </types:type>
    <types:type name="auto_ee2c5499-20a7-4e19-9621-afc3c3397efe_Input-Attributes" format="java">
      <types:shape format="weave" example="weave/autogenerated/ee2c5499-20a7-4e19-9621-afc3c3397efe/Input-Attributes.wev" autogeneratedOrigin="4bb6fc40-759b-44cd-83ad-06b4531a0308"><![CDATA[%dw 2.0

type auto_ee2c5499_20a7_4e19_9621_afc3c3397efe_Input_Attributes = {|
  clientCertificate?: {|
    publicKey?: {|  |}, 
    "type"?: String, 
    encoded?: Binary
  |}, 
  headers: {|
    "Client-Id": String, 
    "Client-Secret": String, 
    "X-Correlation-Id": String
  |}, 
  listenerPath: String, 
  method: String, 
  queryParams: {|  |}, 
  queryString: String, 
  relativePath: String, 
  remoteAddress: String, 
  requestPath: String, 
  requestUri: String, 
  scheme: String, 
  uriParams: {| policynumber: String |}, 
  version: String, 
  localAddress: String
|}

]]></types:shape>
    </types:type>
    <types:type name="auto_ee2c5499-20a7-4e19-9621-afc3c3397efe_Input-Variables-reqMetadata" format="json">
      <types:shape format="weave" example="weave/autogenerated/ee2c5499-20a7-4e19-9621-afc3c3397efe/Input-Variables-reqMetadata.wev" autogeneratedOrigin="4bb6fc40-759b-44cd-83ad-06b4531a0308"><![CDATA[%dw 2.0

type auto_ee2c5499_20a7_4e19_9621_afc3c3397efe_Input_Variables_reqMetadata = {|
  OperationId: String, 
  OperationName: String, 
  FlowLabel: String, 
  Flow: String | Null
|}

]]></types:shape>
    </types:type>
    <types:type name="auto_ee2c5499-20a7-4e19-9621-afc3c3397efe_Input-Variables-policynumber" format="java">
      <types:shape format="raml" autogeneratedOrigin="4bb6fc40-759b-44cd-83ad-06b4531a0308"><![CDATA[#%RAML 1.0 DataType
type: string]]></types:shape>
    </types:type>
    <types:type name="auto_ee2c5499-20a7-4e19-9621-afc3c3397efe_Output-Payload" format="java">
      <types:shape format="weave" example="weave/autogenerated/ee2c5499-20a7-4e19-9621-afc3c3397efe/Output-Payload.wev" autogeneratedOrigin="4bb6fc40-759b-44cd-83ad-06b4531a0308"><![CDATA[%dw 2.0

type auto_ee2c5499_20a7_4e19_9621_afc3c3397efe_Output_Payload = Any

]]></types:shape>
    </types:type>
    <types:type name="auto_ee2c5499-20a7-4e19-9621-afc3c3397efe_Output-Attributes" format="java">
      <types:shape format="weave" example="weave/autogenerated/ee2c5499-20a7-4e19-9621-afc3c3397efe/Output-Attributes.wev" autogeneratedOrigin="4bb6fc40-759b-44cd-83ad-06b4531a0308"><![CDATA[%dw 2.0

type auto_ee2c5499_20a7_4e19_9621_afc3c3397efe_Output_Attributes = {|
  clientCertificate?: {|
    publicKey?: {|  |}, 
    "type"?: String, 
    encoded?: Binary
  |}, 
  headers: {|
    "Client-Id": String, 
    "Client-Secret": String, 
    "X-Correlation-Id": String
  |}, 
  listenerPath: String, 
  method: String, 
  queryParams: {|  |}, 
  queryString: String, 
  relativePath: String, 
  remoteAddress: String, 
  requestPath: String, 
  requestUri: String, 
  scheme: String, 
  uriParams: {| policynumber: String |}, 
  version: String, 
  localAddress: String
|}

]]></types:shape>
    </types:type>
    <types:type name="auto_ee2c5499-20a7-4e19-9621-afc3c3397efe_Output-Variables-outboundHeaders" format="java">
      <types:shape format="weave" example="weave/autogenerated/ee2c5499-20a7-4e19-9621-afc3c3397efe/Output-Variables-outboundHeaders.wev" autogeneratedOrigin="4bb6fc40-759b-44cd-83ad-06b4531a0308"><![CDATA[%dw 2.0

type auto_ee2c5499_20a7_4e19_9621_afc3c3397efe_Output_Variables_outboundHeaders = {|  |}

]]></types:shape>
    </types:type>
    <types:type name="auto_ee2c5499-20a7-4e19-9621-afc3c3397efe_Output-Variables-extract" format="java">
      <types:shape format="weave" example="weave/autogenerated/ee2c5499-20a7-4e19-9621-afc3c3397efe/Output-Variables-extract.wev" autogeneratedOrigin="4bb6fc40-759b-44cd-83ad-06b4531a0308"><![CDATA[%dw 2.0

type auto_ee2c5499_20a7_4e19_9621_afc3c3397efe_Output_Variables_extract = Any

]]></types:shape>
    </types:type>
    <types:type name="auto_ee2c5499-20a7-4e19-9621-afc3c3397efe_Output-Variables-reqMetadata" format="json">
      <types:shape format="weave" example="weave/autogenerated/ee2c5499-20a7-4e19-9621-afc3c3397efe/Output-Variables-reqMetadata.wev" autogeneratedOrigin="4bb6fc40-759b-44cd-83ad-06b4531a0308"><![CDATA[%dw 2.0

type auto_ee2c5499_20a7_4e19_9621_afc3c3397efe_Output_Variables_reqMetadata = {|
  OperationId: String, 
  OperationName: String, 
  FlowLabel: String, 
  Flow: String | Null
|}

]]></types:shape>
    </types:type>
    <types:type name="auto_ee2c5499-20a7-4e19-9621-afc3c3397efe_Output-Variables-policynumber" format="java">
      <types:shape format="raml" autogeneratedOrigin="4bb6fc40-759b-44cd-83ad-06b4531a0308"><![CDATA[#%RAML 1.0 DataType
type: string]]></types:shape>
    </types:type>
    <types:type name="auto_ee2c5499-20a7-4e19-9621-afc3c3397efe_Output-Variables-httpStatus" format="java">
      <types:shape format="raml" autogeneratedOrigin="4bb6fc40-759b-44cd-83ad-06b4531a0308"><![CDATA[#%RAML 1.0 DataType
type: string]]></types:shape>
    </types:type>
    <types:type name="auto_ee2c5499-20a7-4e19-9621-afc3c3397efe_Output-Variables-details" format="java">
      <types:shape format="weave" example="weave/autogenerated/ee2c5499-20a7-4e19-9621-afc3c3397efe/Output-Variables-details.wev" autogeneratedOrigin="4bb6fc40-759b-44cd-83ad-06b4531a0308"><![CDATA[%dw 2.0

type auto_ee2c5499_20a7_4e19_9621_afc3c3397efe_Output_Variables_details = Any

]]></types:shape>
    </types:type>
  </types:catalog>
  <types:enrichment select="#85f49e1f-76b1-42a9-8d6f-f794b5b89bd5">
    <types:processor-declaration>
      <types:input-event>
        <types:message>
          <types:payload type="auto_85f49e1f-76b1-42a9-8d6f-f794b5b89bd5_Input-Payload"/>
          <types:attributes type="auto_85f49e1f-76b1-42a9-8d6f-f794b5b89bd5_Input-Attributes"/>
        </types:message>
        <types:variables>
          <types:variable name="outboundHeaders" type="auto_85f49e1f-76b1-42a9-8d6f-f794b5b89bd5_Input-Variables-outboundHeaders"/>
          <types:variable name="reqMetadata" type="auto_85f49e1f-76b1-42a9-8d6f-f794b5b89bd5_Input-Variables-reqMetadata"/>
          <types:variable name="policynumber" type="auto_85f49e1f-76b1-42a9-8d6f-f794b5b89bd5_Input-Variables-policynumber"/>
          <types:variable name="httpStatus" type="auto_85f49e1f-76b1-42a9-8d6f-f794b5b89bd5_Input-Variables-httpStatus"/>
        </types:variables>
      </types:input-event>
      <types:output-event>
        <types:message>
          <types:payload type="auto_85f49e1f-76b1-42a9-8d6f-f794b5b89bd5_Output-Payload"/>
          <types:attributes type="auto_85f49e1f-76b1-42a9-8d6f-f794b5b89bd5_Output-Attributes"/>
        </types:message>
        <types:variables>
          <types:variable name="outboundHeaders" type="auto_85f49e1f-76b1-42a9-8d6f-f794b5b89bd5_Output-Variables-outboundHeaders"/>
          <types:variable name="reqMetadata" type="auto_85f49e1f-76b1-42a9-8d6f-f794b5b89bd5_Output-Variables-reqMetadata"/>
          <types:variable name="policynumber" type="auto_85f49e1f-76b1-42a9-8d6f-f794b5b89bd5_Output-Variables-policynumber"/>
          <types:variable name="httpStatus" type="auto_85f49e1f-76b1-42a9-8d6f-f794b5b89bd5_Output-Variables-httpStatus"/>
        </types:variables>
      </types:output-event>
    </types:processor-declaration>
  </types:enrichment>
  <types:enrichment select="#ee2c5499-20a7-4e19-9621-afc3c3397efe">
    <types:processor-declaration>
      <types:input-event>
        <types:message>
          <types:payload type="auto_ee2c5499-20a7-4e19-9621-afc3c3397efe_Input-Payload"/>
          <types:attributes type="auto_ee2c5499-20a7-4e19-9621-afc3c3397efe_Input-Attributes"/>
        </types:message>
        <types:variables>
          <types:variable name="reqMetadata" type="auto_ee2c5499-20a7-4e19-9621-afc3c3397efe_Input-Variables-reqMetadata"/>
          <types:variable name="policynumber" type="auto_ee2c5499-20a7-4e19-9621-afc3c3397efe_Input-Variables-policynumber"/>
        </types:variables>
      </types:input-event>
      <types:output-event>
        <types:message>
          <types:payload type="auto_ee2c5499-20a7-4e19-9621-afc3c3397efe_Output-Payload"/>
          <types:attributes type="auto_ee2c5499-20a7-4e19-9621-afc3c3397efe_Output-Attributes"/>
        </types:message>
        <types:variables>
          <types:variable name="outboundHeaders" type="auto_ee2c5499-20a7-4e19-9621-afc3c3397efe_Output-Variables-outboundHeaders"/>
          <types:variable name="extract" type="auto_ee2c5499-20a7-4e19-9621-afc3c3397efe_Output-Variables-extract"/>
          <types:variable name="reqMetadata" type="auto_ee2c5499-20a7-4e19-9621-afc3c3397efe_Output-Variables-reqMetadata"/>
          <types:variable name="policynumber" type="auto_ee2c5499-20a7-4e19-9621-afc3c3397efe_Output-Variables-policynumber"/>
          <types:variable name="httpStatus" type="auto_ee2c5499-20a7-4e19-9621-afc3c3397efe_Output-Variables-httpStatus"/>
          <types:variable name="details" type="auto_ee2c5499-20a7-4e19-9621-afc3c3397efe_Output-Variables-details"/>
        </types:variables>
      </types:output-event>
    </types:processor-declaration>
  </types:enrichment>
  <types:enrichment select="#3ce7df8a-1dc1-4c6c-953e-ec6bd8091204"/>
  <types:enrichment select="#7254ce70-b036-4eba-9d21-fa13d29ecb0b"/>
  <types:enrichment select="#eb49dee8-c5e0-446e-a359-38759ca5f5cb"/>
</types:mule>