<?xml version="1.0" encoding="UTF-8"?>

<mule xmlns:tls="http://www.mulesoft.org/schema/mule/tls"
	xmlns:os="http://www.mulesoft.org/schema/mule/os"
	xmlns:ee="http://www.mulesoft.org/schema/mule/ee/core" xmlns:http="http://www.mulesoft.org/schema/mule/http"
	xmlns:secure-properties="http://www.mulesoft.org/schema/mule/secure-properties"
	xmlns:api-gateway="http://www.mulesoft.org/schema/mule/api-gateway" xmlns="http://www.mulesoft.org/schema/mule/core" xmlns:doc="http://www.mulesoft.org/schema/mule/documentation" xmlns:xsi="http://www.w3.org/2001/XMLSchema-instance" xsi:schemaLocation="
http://www.mulesoft.org/schema/mule/tls http://www.mulesoft.org/schema/mule/tls/current/mule-tls.xsd 
http://www.mulesoft.org/schema/mule/api-gateway http://www.mulesoft.org/schema/mule/api-gateway/current/mule-api-gateway.xsd http://www.mulesoft.org/schema/mule/core http://www.mulesoft.org/schema/mule/core/current/mule.xsd
http://www.mulesoft.org/schema/mule/secure-properties http://www.mulesoft.org/schema/mule/secure-properties/current/mule-secure-properties.xsd
http://www.mulesoft.org/schema/mule/http http://www.mulesoft.org/schema/mule/http/current/mule-http.xsd
http://www.mulesoft.org/schema/mule/ee/core http://www.mulesoft.org/schema/mule/ee/core/current/mule-ee.xsd
http://www.mulesoft.org/schema/mule/os http://www.mulesoft.org/schema/mule/os/current/mule-os.xsd">
	<configuration-properties doc:name="Configuration properties" doc:id="53692f0d-886e-472a-be41-963b0b879ffa" file="config/${env}/config.yaml" />
	<global-property doc:name="Global Property" doc:id="bfb8e096-d228-43d6-9334-85c4274039f9" name="env" value="sit" />
	<configuration-properties doc:name="Configuration properties" doc:id="ddd9c2c1-591f-4ecd-823a-d6483c694f81" file="config/global/config.yaml" />
	<configuration doc:name="Configuration" doc:id="d91ec5e4-be25-47a2-9fca-a406f9c5d734" defaultErrorHandler-ref="error-handler" />
	<http:request-config name="HTTP_Request_configuration" doc:name="HTTP Request configuration" doc:id="80023dd5-a5f6-4eb8-9b0e-aed466fbabc4" >
		<http:request-connection protocol="HTTPS" host="${system.host}">
			<tls:context >
				<tls:trust-store insecure="true" />
			</tls:context>
		</http:request-connection>
	</http:request-config>
	
</mule>
