<?xml version="1.0" encoding="UTF-8"?>

<mule xmlns:ee="http://www.mulesoft.org/schema/mule/ee/core" xmlns="http://www.mulesoft.org/schema/mule/core"
	xmlns:doc="http://www.mulesoft.org/schema/mule/documentation"
	xmlns:xsi="http://www.w3.org/2001/XMLSchema-instance" xsi:schemaLocation="http://www.mulesoft.org/schema/mule/core http://www.mulesoft.org/schema/mule/core/current/mule.xsd
http://www.mulesoft.org/schema/mule/ee/core http://www.mulesoft.org/schema/mule/ee/core/current/mule-ee.xsd">
	<sub-flow name="impl-aml-bus-app-main" doc:id="2bb3c01a-f26d-446e-b187-54ec9d0e6633" >
		<ee:transform doc:name="set path variables" doc:id="89182ca7-b02a-4d94-b60a-f14a856f892e">
			<ee:message>
			</ee:message>
			<ee:variables>
				<ee:set-variable variableName="path"><![CDATA[p('system.aml-sql-sys-api.requesturl') ++ "/transactions"]]></ee:set-variable>
				<ee:set-variable variableName="amlhour"><![CDATA["36"]]></ee:set-variable>
				<ee:set-variable variableName="templatepath"><![CDATA[p('system.aml-sql-sys-api.requesturl') ++ "/email/templates"]]></ee:set-variable>
				<ee:set-variable variableName="postmsgpath" ><![CDATA[p('system.messaging-sys-api.requesturl')]]></ee:set-variable>
				<ee:set-variable variableName="isempty" ><![CDATA["0"]]></ee:set-variable>
			</ee:variables>
		</ee:transform>
		<flow-ref doc:name="aml-sql-sys-api-get-emailtemplate" doc:id="6b2e404e-e47b-4897-a3dd-5dcdadc8d6d6" name="aml-sql-sys-api-get-emailtemplate" target="emailtemplate" targetValue="#[payload.Data]" />
		<ee:transform doc:name="set email template" doc:id="09611cf1-b4ef-44a4-9955-94af9d7c2ca5" >
			<ee:message >
			</ee:message>
			<ee:variables >
				<ee:set-variable variableName="lvl3a" ><![CDATA[%dw 2.0
output application/json
---
vars.emailtemplate filter ((fields,index)-> fields.Id == 2)]]></ee:set-variable>
				<ee:set-variable variableName="lvl3b" ><![CDATA[%dw 2.0
output application/json
---
vars.emailtemplate filter ((fields,index)-> fields.Id == 3)]]></ee:set-variable>
				<ee:set-variable variableName="lvl4" ><![CDATA[%dw 2.0
output application/json
---
vars.emailtemplate filter ((fields,index)-> fields.Id == 4)]]></ee:set-variable>
				<ee:set-variable variableName="cleared" ><![CDATA[%dw 2.0
output application/json
---
vars.emailtemplate filter ((fields,index)-> fields.Id == 5)]]></ee:set-variable>
				<ee:set-variable variableName="confirmed" ><![CDATA[%dw 2.0
output application/json
---
vars.emailtemplate filter ((fields,index)-> fields.Id == 6)]]></ee:set-variable>
			</ee:variables>
		</ee:transform>
	<flow-ref doc:name="impl-12hrs-flows" doc:id="20439c7d-8c06-47ee-9540-4e3934d495e1" name="impl-12hrs-flows"/> 
		<flow-ref doc:name="impl-36hrs-flows" doc:id="ea2c8baa-9d25-456e-9e34-1906eca878d1" name="impl-36hrs-flows"/>
		<flow-ref doc:name="impl-72hrs-flows" doc:id="82cbc3e7-41aa-410a-9668-84fb758d59f0" name="impl-72hrs-flows"/>
		<flow-ref doc:name="impl-csv-processing-flows" doc:id="376da37e-43fc-497f-b14e-9e3e45a9a47a" name="impl-csv-processing-flows"/> 
	</sub-flow>
	<sub-flow name="impl-36hrs-flows" doc:id="00b4be1f-e68e-4c3f-a7a2-ee9b268edce4" >
		<logger level="INFO" doc:name="36hrs-flows" doc:id="47410ad6-9fa3-4a09-827c-c6d40c5d2f1b" message="#[p('global.properties.api.id') ++ &quot;.&quot; ++ p('global.properties.api.appName') ++ &quot;impl-aml-36hrs-flows&quot; ++ &quot;.Start--&quot;] ++ #[payload]" />
		<ee:transform doc:name="Set Variable for 36 hrs" doc:id="25d2b75b-f913-4bcd-80a2-f2b830c5bda3" >
			<ee:message >
			</ee:message>
			<ee:variables >
				<ee:set-variable variableName="amlhour" ><![CDATA["36"]]></ee:set-variable>
			</ee:variables>
		</ee:transform>
		<flow-ref doc:name="aml-sql-sys-api-get-transactions" doc:id="0f4fafda-1f64-4c41-9613-366cedb155bd" name="aml-sql-sys-api-get-transactions" target="hour36" targetValue="#[payload.Data]"/>
		<foreach doc:name="For Each" doc:id="df29591d-955b-4925-bfb1-0b5d1097f52f" collection="#[vars.hour36]">
			<ee:transform doc:name="Prepare payload for patch transactions" doc:id="c4bac2f9-aedc-484a-87b4-9f81a3d7acfa" >
				<ee:message >
					<ee:set-payload ><![CDATA[%dw 2.0
output application/json
---
{
    "NetrevealIdentifierId": "",
    "Source" : "ComplianceLevel3",
    "PolicyNumber" : payload.PolicyNumber,
    "CustomerSourceUniqueId": payload.CustomerSourceUniqueId, 
    "GenericStatus": payload.GenericStatus
}]]></ee:set-payload>
				</ee:message>
				<ee:variables >
					<ee:set-variable variableName="isempty" ><![CDATA["1"]]></ee:set-variable>
				</ee:variables>
			</ee:transform>
			<flow-ref doc:name="aml-sql-sys-api-patch-transactions" doc:id="79eece4d-6c11-4c85-aac0-2a41427a0935" name="aml-sql-sys-api-patch-transactions"/>
		</foreach>
		<choice doc:name="Choice" doc:id="bc56ffdf-f4e7-4888-ade1-0ea131d1e747" >
			<when expression='#[vars.isempty == "1"]'>
				<ee:transform doc:name="Set Email Payload" doc:id="ef898197-d039-459e-af9e-729168dcaa24">
			<ee:message>
				<ee:set-payload><![CDATA[%dw 2.0
output application/json
import * from dw::core::Binaries

var data = vars.hour36 map ((item, index) -> {
"DateCreated": item.DateCreated,
"PolicyNumber": item.PolicyNumber,
"CustomerSourceUniqueId" : item.CustomerSourceUniqueId,
"FirstName": item.FirstName,
"MiddleNames": item.MiddleNames,
"LastName": item.LastName,
"ComplianceLevel" : "3",
"GenericStatus" : item.GenericStatus
})

---
	{
    "Sender": "no-reply@axa.com.ph",
    "SenderName": "AXA PH",
    "Recipient": vars.lvl3a.Recipients[0],
    "Subject": vars.lvl3a.Subject[0],
    "Body": vars.lvl3a.Body[0],
    "SourceId": 2,
    "FileName": [
     "level3_"++ now() as String {format: "yyyyMMddHHmmss"} ++ ".csv"
    ],
    "FileType": [
        "application/csv"
    ],
    "File": [
        toBase64(write(data, 'application/csv',{"header":true, "quoteValues" : true}))
    ]
}]]></ee:set-payload>
			</ee:message>
		</ee:transform>
				<flow-ref doc:name="messaging-sys-api" doc:id="42bd3b31-2969-4f68-9068-33c957928f8f" name="messaging-sys-api" />
			</when>
			<otherwise >
				<logger level="INFO" doc:name="No records found" doc:id="28074fec-bc61-4dda-9f99-d334ed31720e" message="No records found more than 36 hrs."/>
			</otherwise>
		</choice>
		<logger level="INFO" doc:name="36hrs-flows" doc:id="a8e8cf59-9aba-4d94-8675-bd9d2a71a5fa" message="#[p('global.properties.api.id') ++ &quot;.&quot; ++ p('global.properties.api.appName') ++  &quot;.&quot; ++ &quot;impl-36hrs-flows&quot; ++ &quot;.End--&quot;]  ++ #[payload]" />
	</sub-flow>
	
		<sub-flow name="impl-72hrs-flows" doc:id="b9d29b9f-90cd-443a-a086-e66fbfba9bc9" >
		<logger level="INFO" doc:name="72hrs-flows" doc:id="e4064f49-e05a-4de6-ac92-a807733ffd5f" message="#[p('global.properties.api.id') ++ &quot;.&quot; ++ p('global.properties.api.appName') ++ &quot;impl-aml-72hrs-flows&quot; ++ &quot;.Start--&quot;] ++ #[payload]" />
		<ee:transform doc:name="Set Variable for 72 hrs" doc:id="226b7c84-2bf4-4182-ac23-1eea1f24cd5d" >
			<ee:message >
			</ee:message>
			<ee:variables >
				<ee:set-variable variableName="isempty" ><![CDATA[%dw 2.0
output application/java
---
{
}]]></ee:set-variable>
				<ee:set-variable variableName="amlhour" ><![CDATA["72"]]></ee:set-variable>
			</ee:variables>
		</ee:transform>
		<flow-ref doc:name="aml-sql-sys-api-get-transactions" doc:id="c5c66632-202b-429c-9f7f-3b4bd9d3e997" name="aml-sql-sys-api-get-transactions" target="hour72" targetValue="#[payload.Data]"/>
		<foreach doc:name="For Each" doc:id="52b18362-a851-4306-86b0-9a7acc512eb5" collection="#[vars.hour72]">
			<ee:transform doc:name="Prepare payload for patch  transactions" doc:id="d9125bfd-42ef-4cf2-a97b-38109ee8324b" >
				<ee:message >
					<ee:set-payload ><![CDATA[%dw 2.0
output application/json
---
{
    "NetrevealIdentifierId": "",
    "Source" : "ComplianceLevel4",
    "PolicyNumber" : payload.PolicyNumber,
    "CustomerSourceUniqueId": payload.CustomerSourceUniqueId, 
    "GenericStatus": payload.GenericStatus
}]]></ee:set-payload>
				</ee:message>
				<ee:variables >
					<ee:set-variable variableName="isempty" ><![CDATA["1"]]></ee:set-variable>
				</ee:variables>
			</ee:transform>
			<flow-ref doc:name="aml-sql-sys-api-patch-transactions" doc:id="4462546e-015f-44fb-96e5-e02a1f053445" name="aml-sql-sys-api-patch-transactions"/>
		</foreach>
		<choice doc:name="Choice" doc:id="773f829a-20f8-4747-a4e6-7e0d114aad20" >
			<when expression='#[vars.isempty == "1"]'>
				<ee:transform doc:name="Set Email Payload" doc:id="65bf869b-0ff4-45c4-a183-6b487e9b5963">
			<ee:message>
				<ee:set-payload><![CDATA[%dw 2.0
output application/json
import * from dw::core::Binaries

var data = vars.hour72 map ((item, index) -> {
"DateCreated": item.DateCreated,
"PolicyNumber": item.PolicyNumber,
"CustomerSourceUniqueId" : item.CustomerSourceUniqueId,
"FirstName": item.FirstName,
"MiddleNames": item.MiddleNames,
"LastName": item.LastName,
"ComplianceLevel" : "4",
"GenericStatus" : item.GenericStatus
})

---
	{
    "Sender": "no-reply@axa.com.ph",
    "SenderName": "AXA PH",
    "Recipient": vars.lvl4.Recipients[0],
    "Subject": vars.lvl4.Subject[0],
    "Body": vars.lvl4.Body[0],
    "SourceId": 2,
    "FileName": [
     "level4_"++ now() as String {format: "yyyyMMddHHmmss"} ++ ".csv"
    ],
    "FileType": [
        "application/csv"
    ],
    "File": [
        toBase64(write(data, 'application/csv',{"header":true, "quoteValues" : true}))
    ]
}]]></ee:set-payload>
			</ee:message>
		</ee:transform>
				<flow-ref doc:name="messaging-sys-api" doc:id="ba896075-c46e-43d0-bf0c-33b9d444e0f2" name="messaging-sys-api" />
			</when>
			<otherwise >
				<logger level="INFO" doc:name="No records found" doc:id="f5f8c8a0-9428-4287-b9ef-38712d1676b9" message="No records found more than 72 hrs."/>
			</otherwise>
		</choice>
		<logger level="INFO" doc:name="72hrs-flows" doc:id="f6c5256a-2c5c-4e5d-bd3a-1db1e953e1ad" message="#[p('global.properties.api.id') ++ &quot;.&quot; ++ p('global.properties.api.appName') ++  &quot;.&quot; ++ &quot;impl-72hrs-flows&quot; ++ &quot;.End--&quot;]  ++ #[payload]" />
	</sub-flow>
	
	
	<sub-flow name="impl-12hrs-flows" doc:id="5f07d300-1d97-4db2-962e-454197908962" >
		<logger level="INFO" doc:name="12hrs-flows" doc:id="62115a6f-7602-4e94-83bb-06ddb50c7985" message="#[p('global.properties.api.id') ++ &quot;.&quot; ++ p('global.properties.api.appName') ++ &quot;impl-aml-36hrs-flows&quot; ++ &quot;.Start--&quot;] ++ #[payload]" />
		<ee:transform doc:name="set variable for 12 hrs" doc:id="a030ca65-dd70-4e33-b750-8babf5131b82" >
			<ee:message >
			</ee:message>
			<ee:variables >
				<ee:set-variable variableName="isempty" ><![CDATA[%dw 2.0
output application/java
---
{
}]]></ee:set-variable>
				<ee:set-variable variableName="amlhour" ><![CDATA["12"]]></ee:set-variable>
				<ee:set-variable variableName="alertstatus" ><![CDATA[""]]></ee:set-variable>
				<ee:set-variable variableName="netrevealid" ><![CDATA[""]]></ee:set-variable>
			
</ee:variables>
		</ee:transform>
		<flow-ref doc:name="aml-sql-sys-api-get-transactions" doc:id="13e2cd79-a9bd-4222-9361-001e62f88115" name="aml-sql-sys-api-get-transactions" target="hour12" targetValue="#[payload.Data]"/>
		<foreach doc:name="For Each" doc:id="80bdc16e-8de4-4a27-88c7-d1273237e63b" collection="#[vars.hour12]">
			<ee:transform doc:name="Prepare payload for  alert Status" doc:id="2e0c03d5-90f1-4960-931b-db6b0f0e67a7" >
				<ee:message >
				</ee:message>
				<ee:variables >
					<ee:set-variable variableName="path" ><![CDATA[p('system.netreveal-sys-api.requesturl')]]></ee:set-variable>
					<ee:set-variable variableName="alertstatus" ><![CDATA[%dw 2.0
output application/json
---
/* Mock { 
  "Id": payload.CustomerSourceUniqueId,
  "MainOrgunitCode": "058",
  "Data": {
    "Txn":
    {
      "AlertIdentifier": payload.NetrevealIdentifierId,
      "OrgUnitCode" : "058"
    } 
  }
}*/


{
  "id":  payload.CustomerSourceUniqueId,
  "mainOrgunitCode": "058",
  "data": {
    "txn": {
      "alertIdentifier": payload.NetrevealIdentifierId,
      "orgunitCode": "058"
    }
  }
} 
]]></ee:set-variable>
					<ee:set-variable variableName="agentrecipient" ><![CDATA[%dw 2.0
output application/java
---
payload.AgentRecipient]]></ee:set-variable>
					<ee:set-variable variableName="customerrecipient" ><![CDATA[%dw 2.0
output application/java
---
payload.CustomerRecipient]]></ee:set-variable>
				</ee:variables>
			</ee:transform>
			<flow-ref doc:name="netreveal-sys-api" doc:id="6c2c7256-af66-4949-8175-70ba005fc25b" name="netreveal-sys-api" target="alertdata"/>
			<ee:transform doc:name="Prepare payload for patch transactions" doc:id="6f623497-ffb2-48f1-8a57-91ccff69372d" >
				<ee:message >
					<ee:set-payload ><![CDATA[%dw 2.0
output application/json
---
{
  "NetrevealIdentifierId": payload.NetrevealIdentifierId,
  "Source": "ComplianceLevel2",
  "PolicyNumber": payload.PolicyNumber,
  "CustomerSourceUniqueId": payload.CustomerSourceUniqueId,
  "GenericStatus": vars.alertdata.Data.genericStatus
                   
}]]></ee:set-payload>

				</ee:message>
				<ee:variables >
					<ee:set-variable variableName="isempty" ><![CDATA["1"]]></ee:set-variable>
					<ee:set-variable variableName="path" ><![CDATA[p('system.aml-sql-sys-api.requesturl') ++ "/transactions"]]></ee:set-variable>
					<ee:set-variable variableName="netrevealid" ><![CDATA[payload.NetrevealIdentifierId]]></ee:set-variable>
				
</ee:variables>
			</ee:transform>
			<flow-ref doc:name="aml-sql-sys-api-patch-transactions" doc:id="30ef0f2a-dd02-418e-b713-6414794e1757" name="aml-sql-sys-api-patch-transactions" target="patchresult"/>
			<ee:transform doc:name="set path of transaction by netreveal" doc:id="24c10f98-097b-4b1d-93c0-42ab0759d81d" >
				<ee:message >
					<ee:set-payload ><![CDATA[%dw 2.0
output application/java
---
null]]></ee:set-payload>
				</ee:message>
				<ee:variables >
					<ee:set-variable variableName="path" ><![CDATA[%dw 2.0
output application/java
---
p('system.aml-sql-sys-api.requesturl') ++ "/transactions?netrevealIdentifierId=" ++ vars.netrevealid]]></ee:set-variable>
				</ee:variables>
			</ee:transform>
			<flow-ref doc:name="aml-sql-sys-api-get-transactions by netrevealId" doc:id="328d881e-b05d-40d6-a282-e171ae955b54" name="aml-sql-sys-api-get-transactions_bynetrevealid" target="transdatabynetrevealid"/>
			<ee:transform doc:name="Set the value of emptystatus" doc:id="11cb6d39-d6bd-4200-b927-307bdf07c4b6" >
				<ee:message >
				</ee:message>
				<ee:variables >
					<ee:set-variable variableName="emptystatus" ><![CDATA[%dw 2.0
output application/java

var statusArr = vars.transdatabynetrevealid.Data map $.GenericStatus

fun containsEmptyStatus(arr) = if (isEmpty(arr)) true
   else not isEmpty(arr filter isEmpty($))
---
containsEmptyStatus(statusArr)]]></ee:set-variable>
				</ee:variables>
			</ee:transform>
			<choice doc:name="Choice" doc:id="3c1d74af-f11a-4f77-bce5-e698b5cb71db">
			<when expression="#[! vars.emptystatus]">
					<ee:transform doc:name="Set payload for distribution" doc:id="263965bd-ca00-4530-8aff-c2d2aa7678c5" >
						<ee:message >
							<ee:set-payload ><![CDATA[%dw 2.0
output application/json

var statusArr = vars.transdatabynetrevealid.Data map $.GenericStatus
 
---
if((statusArr map if(upper($) == "CLEARED") true
    else false) reduce ($$ and $)) 
    {
    	
    	"WithHit": 0,
    	"CanProceed": 1
    }
else 
	{
		
    	"WithHit": 1,
    	"CanProceed": 0
    }]]></ee:set-payload>
						</ee:message>
						<ee:variables >
							<ee:set-variable variableName="path" ><![CDATA[%dw 2.0
output application/java
---
p('system.aml-sql-sys-api.requesturl') ++ "/distributions/" ++  vars.transdatabynetrevealid.Data.PolicyNumber[0] ++  "/status"]]></ee:set-variable>
							<ee:set-variable variableName="isallcleared" ><![CDATA[%dw 2.0
output application/java
var statusArr = vars.transdatabynetrevealid.Data map $.GenericStatus
---
if((statusArr map 
    if(upper($) == "CLEARED") true
    else false) reduce ($$ and $)) 
    {
    	"result": true
    }
else 
	{
    	"result": false 
    }
]]></ee:set-variable>
						</ee:variables>
					</ee:transform>
					<flow-ref doc:name="aml-sql-sys-api-patch-distribution" doc:id="35fb4c08-994b-41a1-be3d-765ddfc4d6cd" name="aml-sql-sys-api-patch-distribution"/>
					<choice doc:name="Choice" doc:id="805404ce-09bf-4da6-8e37-71d553a179f2" >
						<when expression="#[vars.isallcleared.result]">
							<ee:transform doc:name="Set payload fo messaging (cleared)" doc:id="5fc229a0-fead-43b5-b2b1-97a8ab4c391f">
								<ee:message>
									<ee:set-payload><![CDATA[%dw 2.0
output application/json
---
{
    "Sender": "no-reply@axa.com.ph",
    "SenderName": "AXA PH",
    "Recipient": vars.customerrecipient ++ ";" ++ vars.agentrecipient,
    "Subject": vars.cleared.Subject[0],
    "Body": vars.cleared.Body[0],
    "SourceId": 2
}]]></ee:set-payload>
								</ee:message>
							</ee:transform>
							<flow-ref doc:name="messaging-sys-api" doc:id="16948b23-1fb3-4fa6-b5d7-4461ec9edf1b" name="messaging-sys-api"/>
						</when>
						<otherwise >
							<logger level="INFO" doc:name="GenericStatus for the policy are not complete. (For Compliance)" doc:id="a3be52d6-f69d-4212-8b12-9759c77f4c20" message="GenericStatus for the policy are not complete. (For Compliance)"/>
						</otherwise>
					</choice>
				</when>
				<otherwise >
					<logger level="INFO" doc:name="Do Not Update AXASOL Database" doc:id="40cb7737-81bd-4eda-8758-a18b7b202e2d" message='GenericStatus for the policy are not complete. Do not update AXASOL Database'/>
				</otherwise>
		</choice>
		
</foreach>
		<logger level="INFO" doc:name="12hrs-flows" doc:id="d722d3fa-68ce-40aa-9c33-a38645b0b536" message="#[p('global.properties.api.id') ++ &quot;.&quot; ++ p('global.properties.api.appName') ++  &quot;.&quot; ++ &quot;impl-36hrs-flows&quot; ++ &quot;.End--&quot;]  ++ #[payload]" />
	</sub-flow>
	<sub-flow name="impl-csv-processing-flows" doc:id="8cf6c224-e049-4c9a-91c8-c16c5d69120f" >
		<logger level="INFO" doc:name="START CSV Processing Flow" doc:id="02a49cc6-06db-4ef2-b27b-e5be2c14b3de" message="#[p('global.properties.api.id') ++ &quot;.&quot; ++ p('global.properties.api.appName') ++ &quot;impl-csv-processing-flows&quot; ++ &quot;.Start--&quot;] ++ #[payload]"/>
		<ee:transform doc:name="Set Var - queryParam" doc:id="7d1ca7f1-50b5-4ced-8970-b36fa1661dd6" >
			<ee:message >
			</ee:message>
			<ee:variables >
				<ee:set-variable variableName="queryParam" ><![CDATA[%dw 2.0
output application/json
---
{
	"sourcePath": p('system.archive-records-sys-api.get-files.source-path')
}]]></ee:set-variable>
				<ee:set-variable variableName="filesToArchive" ><![CDATA[[]]]></ee:set-variable>
			</ee:variables>
		</ee:transform>
		<flow-ref doc:name="archive-records-sys-api-get-files-subflow" doc:id="e1b1390a-4f7a-4a96-b9fb-146aad7a6e28" name="archive-records-sys-api-get-files-subflow"/>
		<choice doc:name="Choice" doc:id="8de26986-fde2-4418-99e7-96687762f971" >
			<when expression="#[!isEmpty(payload.Data)]">
				<flow-ref doc:name="impl-csv-processing-subflow" doc:id="f2962eb0-35ee-4517-a7fc-fb3c29c3beb9" name="impl-csv-processing-subflow"/>
			</when>
			<otherwise >
				<logger level="INFO" doc:name="No files found in the SFTP Source Path." doc:id="543d4f71-cbd2-4381-976f-eec08ecffd21" message="No files found in the SFTP Source Path."/>
			</otherwise>
		</choice>
		<logger level="INFO" doc:name="END CSV Processing Flow" doc:id="14f5b2fb-e894-4139-95cf-6e70b6840f3f" message="#[p('global.properties.api.id') ++ &quot;.&quot; ++ p('global.properties.api.appName') ++ &quot;impl-csv-processing-flows&quot; ++ &quot;.End--&quot;] ++ #[payload]"/>
	</sub-flow>
	<sub-flow name="impl-csv-processing-subflow" doc:id="3318bbfe-bbf4-4dbb-86b8-3281cc8ba68c" >
		<ee:transform doc:name="Set Var - withStatus (Filter files with status only)" doc:id="9eaaf035-d223-49ab-afee-cb53424321b8">
			<ee:message>
			</ee:message>
			<ee:variables>
				<ee:set-variable variableName="withStatus"><![CDATA[%dw 2.0
output application/json
---
flatten((payload.Data map ((item, index) -> {
    "FileData": item.FileData map 
        {
            "FileName": item.FileName,
            "DateCreated": $.DateCreated,
            "PolicyNumber": $.PolicyNumber,
            "CustomerSourceUniqueId": $.CustomerSourceUniqueId,
            "FirstName": $.FirstName,
            "MiddleNames": $.MiddleNames,
            "LastName": $.LastName,
            "ComplianceLevel": $.ComplianceLevel ,
            "GenericStatus": $.GenericStatus
        }
}) filter (!isEmpty($.FileData))).FileData)]]></ee:set-variable>
			</ee:variables>
		</ee:transform>
		<foreach doc:name="For Each - withStatus" doc:id="38a034f2-f980-41c8-b631-925f3b4b200d" collection="#[vars.withStatus]">
			<ee:transform doc:name="Set Var - file, filesToArchive" doc:id="70f52496-4717-48bf-b9e5-7ce3f4f1c57a">
				<ee:message>
				</ee:message>
				<ee:variables>
					<ee:set-variable variableName="file"><![CDATA[payload]]></ee:set-variable>
					<ee:set-variable variableName="filesToArchive"><![CDATA[%dw 2.0
output application/json
---
vars.filesToArchive + payload.FileName]]></ee:set-variable>
				</ee:variables>
			</ee:transform>
			<flow-ref doc:name="impl-csv-processing-patch-transactions-subflow" doc:id="6cf5037d-ab2e-499d-bb90-8aa91163fbba" name="impl-csv-processing-patch-transactions-subflow" />
			<flow-ref doc:name="impl-csv-processing-get-transactions-subflow" doc:id="8732eb8e-d23b-4325-ae75-270e96044fea" name="impl-csv-processing-get-transactions-subflow" />
			<choice doc:name="Choice" doc:id="1cb91f9d-c8bb-4207-9a34-16b43bffd564">
				<when expression="#[!vars.containsEmptyStatus]">
					<flow-ref doc:name="impl-csv-processing-patch-distributions-subflow" doc:id="e79464e6-e37e-4f0a-8685-011e96472ad7" name="impl-csv-processing-patch-distributions-subflow" />
					<flow-ref doc:name="aml-sql-sys-api-get-emailtemplate" doc:id="9e0c3480-b6ea-47ab-a870-4f97994cac22" name="aml-sql-sys-api-get-emailtemplate"/>
					<flow-ref doc:name="impl-csv-processing-messaging-subflow" doc:id="a4458bd4-46ee-465d-ba93-96e086bcd2e3" name="impl-csv-processing-messaging-subflow"/>
				</when>
			</choice>
		</foreach>
		<flow-ref doc:name="impl-csv-processing-archive-files-subflow" doc:id="38636ecd-761c-4b16-87f6-2f486056db41" name="impl-csv-processing-archive-files-subflow" />
	</sub-flow>
	<sub-flow name="impl-csv-processing-patch-transactions-subflow" doc:id="8c392bc2-b928-4896-9c44-53c2b5c41924" >
		<ee:transform doc:name="Request Payload for PATCH /transactions" doc:id="80f4a9d0-e847-47ef-b306-711874791100" >
			<ee:message >
				<ee:set-payload ><![CDATA[%dw 2.0
output application/json

var fileData = vars.file
---
{
  "NetrevealIdentifierId": "",
  "Source": "ComplianceLevel" ++ fileData.ComplianceLevel,
  "PolicyNumber": fileData.PolicyNumber,
  "CustomerSourceUniqueId": fileData.CustomerSourceUniqueId,
  "GenericStatus": fileData.GenericStatus
}]]></ee:set-payload>
			</ee:message>
			<ee:variables >
				<ee:set-variable variableName="path" ><![CDATA[p('system.aml-sql-sys-api.requesturl') ++ "/transactions"]]></ee:set-variable>
			</ee:variables>
		</ee:transform>
		<flow-ref doc:name="aml-sql-sys-api-patch-transactions" doc:id="ead1afc9-a4c6-4c22-8ec3-c5889ca06d7d" name="aml-sql-sys-api-patch-transactions"/>
	</sub-flow>
	<sub-flow name="impl-csv-processing-get-transactions-subflow" doc:id="13f1b16d-554d-4479-8e0f-1e77220b42bb">
		<ee:transform doc:name="Set Var - path" doc:id="34b430fd-0116-47a2-905c-7a040b1745a9">
			<ee:message>
			</ee:message>
			<ee:variables>
				<ee:set-variable variableName="path"><![CDATA[%dw 2.0
output application/java
---
p('system.aml-sql-sys-api.requesturl') ++ "/transactions?policyNumber=" ++ vars.file.PolicyNumber]]></ee:set-variable>
			</ee:variables>
		</ee:transform>
		<flow-ref doc:name="aml-sql-sys-api-get-transactions_bynetrevealid" doc:id="4f7750c9-1269-446e-bc13-593dc8bf2aad" name="aml-sql-sys-api-get-transactions_bynetrevealid" />
		<ee:transform doc:name="Set Var - containsEmptyStatus, policyRecords" doc:id="63adea81-a3e9-4f2a-8d17-cb52a71025d3">
				<ee:message>
				</ee:message>
				<ee:variables>
					<ee:set-variable variableName="containsEmptyStatus"><![CDATA[%dw 2.0
output application/json

var statusArr = payload.Data map $.GenericStatus

fun containsEmptyStatus(arr) = if (isEmpty(arr)) true
   else not isEmpty(arr filter isEmpty($))
---
containsEmptyStatus(statusArr)]]></ee:set-variable>
				<ee:set-variable variableName="policyRecords" ><![CDATA[%dw 2.0
output application/json
---
payload.Data]]></ee:set-variable>
				</ee:variables>
			</ee:transform>
	</sub-flow>
	<sub-flow name="impl-csv-processing-patch-distributions-subflow" doc:id="45f9ebba-af27-43e6-9e8c-c814704532fa" >
		<ee:transform doc:name="Request Payload for PATCH /distributions" doc:id="5f7b3db5-e1df-4ccc-bfe8-545d324f7306" >
			<ee:message >
				<ee:set-payload ><![CDATA[%dw 2.0
output application/json
var statusArr = payload.Data map $.GenericStatus
---
if((statusArr map 
    if(upper($) == "CLEARED") true
    else false) reduce ($$ and $)) 
    {
    	"WithHit": 0,
    	"CanProceed": 1
    }
else 
	{
    	"WithHit": 1,
    	"CanProceed": 0
    }]]></ee:set-payload>
			</ee:message>
			<ee:variables >
				<ee:set-variable variableName="path" ><![CDATA[%dw 2.0
output application/java
---
p('system.aml-sql-sys-api.requesturl') ++ "/distributions/" ++ vars.file.PolicyNumber ++ "/status"]]></ee:set-variable>
			</ee:variables>
		</ee:transform>
		<set-variable value="#[if(payload.CanProceed == 1) true&#10;else false]" doc:name="Set Variable - canProceed" doc:id="5467ee15-82cb-4bb4-8799-0969b75e07c1" variableName="canProceed"/>
		<flow-ref doc:name="aml-sql-sys-api-patch-distribution" doc:id="51d6bcb2-4e8b-42a3-8a83-471d7e4e4ed0" name="aml-sql-sys-api-patch-distribution"/>
	</sub-flow>
	<sub-flow name="impl-csv-processing-messaging-subflow" doc:id="9858f11b-d0c5-42e4-bfa5-021db2393378" >
		<ee:transform doc:name="Request Payload for messaging" doc:id="48f4031a-300d-4266-b6f2-3155fb025f4c" >
			<ee:message >
				<ee:set-payload ><![CDATA[%dw 2.0
var emailTemplate = if(vars.canProceed) payload.Data filter ($.LevelCode == "Cleared")
					else payload.Data filter ($.LevelCode == "Confirmed")

output application/json
---
{
    "Sender": "no-reply@axa.com.ph",
    "SenderName": "No Reply",
    "Subject": emailTemplate[0].Subject,
    "Body": emailTemplate[0].Body,
    "Recipient": vars.policyRecords[0].CustomerRecipient ++ ";" ++ vars.policyRecords[0].AgentRecipient,
    "SourceId": 2
}]]></ee:set-payload>
			</ee:message>
		</ee:transform>
		<flow-ref doc:name="messaging-sys-api" doc:id="02565c81-c1b1-468c-a90c-db6b344ffc49" name="messaging-sys-api"/>
	</sub-flow>
	<sub-flow name="impl-csv-processing-archive-files-subflow" doc:id="fc5f1a0e-9091-47e6-b2b4-a9515964ea05" >
		<ee:transform doc:name="Set Var - archiveFilesHeaders" doc:id="ebf7c6fd-a0b2-4565-b09a-d0248bb87f27" >
			<ee:message >
				<ee:set-payload ><![CDATA[%dw 2.0
output application/json
---
{
	"Files": vars.filesToArchive
}]]></ee:set-payload>
			</ee:message>
			<ee:variables >
				<ee:set-variable variableName="archiveFilesHeaders" ><![CDATA[%dw 2.0
output application/java
---
{
	"Client-Id" : p('system.archive-records-sys-api.client-id'),
	"Client-Secret" : p('system.archive-records-sys-api.client-secret') ,
	"SourcePath": p('system.archive-records-sys-api.archive-files.source-path'),
	"TargetPath": p('system.archive-records-sys-api.archive-files.target-path'),
	"Consumer": p('system.archive-records-sys-api.consumer')
}]]></ee:set-variable>
			</ee:variables>
		</ee:transform>
		<flow-ref doc:name="archive-records-sys-api-archive-files-subflow" doc:id="2f3ceede-cc03-48a9-83c7-48b5e6806d04" name="archive-records-sys-api-archive-files-subflow"/>
	</sub-flow>
	
</mule>
