<?xml version="1.0" encoding="UTF-8"?>

<mule xmlns:http="http://www.mulesoft.org/schema/mule/http" xmlns="http://www.mulesoft.org/schema/mule/core"
	xmlns:doc="http://www.mulesoft.org/schema/mule/documentation"
	xmlns:xsi="http://www.w3.org/2001/XMLSchema-instance" xsi:schemaLocation="http://www.mulesoft.org/schema/mule/core http://www.mulesoft.org/schema/mule/core/current/mule.xsd
http://www.mulesoft.org/schema/mule/http http://www.mulesoft.org/schema/mule/http/current/mule-http.xsd">
	<sub-flow name="messaging-sys-api-post-email-subflow" doc:id="1e3c8cf8-8bee-4294-9ffa-2a084f95d039" >
		<logger level="INFO" doc:name="START messaging-sys-api-flow" doc:id="6f6630d8-33f3-4fd4-9783-4096ef6f9cc9" message="#[p('global.properties.api.id') ++ &quot;.&quot; ++ p('global.properties.api.appName') ++ &quot;.&quot; ++ p('global.properties.mule.operations.email.id') ++ &quot;.&quot; ++ p('global.properties.mule.operations.email.name') ++ &quot;.&quot; ++ &quot;messaging-sys-api-flow&quot; ++ &quot;.Start--&quot;] ++ #[payload]]" />
		<http:request doc:name="messaging-sys-api POST /email" doc:id="1b6d3c5d-2242-4a38-91af-9e430d916525" config-ref="MUnit_Request_configuration" path="${system.messaging-sys-api.request.post-email.path}" method="${system.messaging-sys-api.request.post-email.method}">
			<http:headers ><![CDATA[#[output application/java
---
{
    "Client-Id": p('system.messaging-sys-api.request.client-id'),
    "Client-Secret": p('system.messaging-sys-api.request.client-secret')
}]]]></http:headers>
		</http:request>
		<logger level="INFO" doc:name="END messaging-sys-api-flow" doc:id="0aa22138-0efd-47ce-bf5a-0aa2ca997a76" message="#[p('global.properties.api.id') ++ &quot;.&quot; ++ p('global.properties.api.appName') ++ &quot;.&quot; ++ p('global.properties.mule.operations.email.id') ++ &quot;.&quot; ++ p('global.properties.mule.operations.email.name') ++ &quot;.&quot; ++ &quot;messaging-sys-api-flow&quot; ++ &quot;.End--&quot;] ++ #[payload]]" />
	</sub-flow>
</mule>
