<?xml version="1.0" encoding="UTF-8"?>
<domain:mule-domain
        xmlns:secure-properties="http://www.mulesoft.org/schema/mule/secure-properties"
        xmlns:tls="http://www.mulesoft.org/schema/mule/tls"
        xmlns:http="http://www.mulesoft.org/schema/mule/http"
        xmlns="http://www.mulesoft.org/schema/mule/core"
        xmlns:domain="http://www.mulesoft.org/schema/mule/ee/domain" xmlns:xsi="http://www.w3.org/2001/XMLSchema-instance" xmlns:doc="http://www.mulesoft.org/schema/mule/documentation" xsi:schemaLocation="
               http://www.mulesoft.org/schema/mule/core http://www.mulesoft.org/schema/mule/core/current/mule.xsd
               http://www.mulesoft.org/schema/mule/ee/domain http://www.mulesoft.org/schema/mule/ee/domain/current/mule-domain-ee.xsd
http://www.mulesoft.org/schema/mule/http http://www.mulesoft.org/schema/mule/http/current/mule-http.xsd
http://www.mulesoft.org/schema/mule/tls http://www.mulesoft.org/schema/mule/tls/current/mule-tls.xsd
http://www.mulesoft.org/schema/mule/secure-properties http://www.mulesoft.org/schema/mule/secure-properties/current/mule-secure-properties.xsd">

    <!-- configure here resource to be shared within the domain -->
	<http:listener-config name="HTTP_Listener_config" doc:name="HTTP Listener config" doc:id="032c2818-914f-487c-9a11-bd459f62b607" >
		<http:listener-connection host="0.0.0.0" port="8081" />
	</http:listener-config>
	<http:request-config name="HTTP_Request_configuration" doc:name="HTTP Request configuration" doc:id="018225a4-6429-4c40-8873-db3a4d97a2b6" basePath="${http.internal.request.basepath}" >
		<http:request-connection protocol="HTTP" host="${http.internal.request.host}" port="${http.internal.request.port}" />
	</http:request-config>
	<http:request-config name="HTTPS_Request_configuration" doc:name="HTTP Request configuration" doc:id="1783a879-f101-4f0a-9375-f722335aca38" basePath="${https.internal.request.basepath}" >
		<http:request-connection protocol="HTTPS" host="${https.internal.request.host}" port="${https.internal.request.port}" tlsContext="AXA_Request_TLS_Context"/>
	</http:request-config>
	<http:listener-config name="HTTPS_Listener_config" doc:name="HTTP Listener config" doc:id="76aae1b9-7aee-4532-ac68-63a821b602dd" basePath="${https.basepath}" >
		<http:listener-connection protocol="HTTPS" host="${https.host}" port="${https.port}" connectionIdleTimeout="${https.connection-idle-timeout}" tlsContext="AXA_Listener_TLS_Context"/>
	</http:listener-config>
	<tls:context name="AXA_Listener_TLS_Context" doc:name="TLS Context" doc:id="05d05ef9-26a9-45aa-88cb-cabcc4cd803e" >
		<tls:key-store type="${tls.listener.keystore.type}" path="${tls.listener.keystore.path}" alias="${tls.listener.keystore.alias}" keyPassword="${secure::tls.enc.key}" password="${secure::tls.enc.key}" />
	</tls:context>
	<configuration-properties doc:name="Configuration properties" doc:id="ecfa800c-5bf9-43e7-9fcb-214b1043fc3f" file="properties\common-domain.yaml" />
	<global-property doc:name="Global Property" doc:id="0f652f12-519a-406d-acbe-a4b2a1e64b9e" name="env" value="dev" />
	<global-property doc:name="Global Property" doc:id="c968584b-3620-4572-9a45-c5bd1a46285c" name="key" value="1234567812345678" />
	<secure-properties:config name="Secure_Properties_Config" doc:name="Secure Properties Config" doc:id="b1fde617-5a29-4da9-9c7f-3d316c9e1764" file="properties/common-domain.yaml" key="${key}" />
	<tls:context name="AXA_Request_TLS_Context" doc:name="TLS Context" doc:id="ce510015-a09c-4bbb-a9fb-3a7cb38aa9df" >
		<tls:trust-store path="${tls.request.truststore.path}" password="${secure::tls.enc.key}" type="${tls.request.truststore.type}" />
	</tls:context>	
</domain:mule-domain>