<?xml version="1.0" encoding="UTF-8"?>
<mule xmlns:doc="http://www.mulesoft.org/schema/mule/documentation" xmlns="http://www.mulesoft.org/schema/mule/core" xmlns:apikit="http://www.mulesoft.org/schema/mule/mule-apikit" xmlns:ee="http://www.mulesoft.org/schema/mule/ee/core" xmlns:http="http://www.mulesoft.org/schema/mule/http" xmlns:xsi="http://www.w3.org/2001/XMLSchema-instance" xsi:schemaLocation="http://www.mulesoft.org/schema/mule/core http://www.mulesoft.org/schema/mule/core/current/mule.xsd http://www.mulesoft.org/schema/mule/http http://www.mulesoft.org/schema/mule/http/current/mule-http.xsd http://www.mulesoft.org/schema/mule/mule-apikit http://www.mulesoft.org/schema/mule/mule-apikit/current/mule-apikit.xsd http://www.mulesoft.org/schema/mule/ee/core http://www.mulesoft.org/schema/mule/ee/core/current/mule-ee.xsd ">
    <flow name="archive-records-sys-api-main">
        <http:listener config-ref="HTTP_Listener_config" path="${global.properties.api.path.main}">
            <http:response statusCode="#[vars.httpStatus default 200]">
                <http:headers><![CDATA[#[vars.outboundHeaders default {}]]]></http:headers>
            </http:response>
            <http:error-response statusCode="#[vars.httpStatus default 500]">
                <http:body><![CDATA[#[payload]]]></http:body>
                <http:headers><![CDATA[#[vars.outboundHeaders default {}]]]></http:headers>
            </http:error-response>
        </http:listener>
        <flow-ref doc:name="archive-records-sys-api_set-variables" doc:id="1807a3fa-3221-49fb-bd19-8b3a19ee0fac" name="archive-records-sys-api_set-variables"/>
		<apikit:router config-ref="archive-records-sys-api-config" />
		<error-handler ref="common-apikit-Error_Handler" />
    </flow>
    <flow name="archive-records-sys-api-console">
        <http:listener config-ref="HTTP_Listener_config" path="${global.properties.api.path.console}">
            <http:response statusCode="#[vars.httpStatus default 200]">
                <http:headers><![CDATA[#[vars.outboundHeaders default {}]]]></http:headers>
            </http:response>
            <http:error-response statusCode="#[vars.httpStatus default 500]">
                <http:body><![CDATA[#[payload]]]></http:body>
                <http:headers><![CDATA[#[vars.outboundHeaders default {}]]]></http:headers>
            </http:error-response>
        </http:listener>
        <apikit:console config-ref="archive-records-sys-api-config" />
		<error-handler ref="common-apikit-Error_Handler" />
    </flow>
    <flow name="get:\files:archive-records-sys-api-config" doc:id="08b34486-13c5-484c-8765-1aa5994af920">
    	<ee:transform doc:name="Set reqMetadata" doc:id="42b4fb4b-b8e4-40b2-9e76-65514ac66397" >
			<ee:message >
			</ee:message>
			<ee:variables >
				<ee:set-variable variableName="reqMetadata" ><![CDATA[%dw 2.0
import p from Mule
output application/json
---
{
	"OperationId": p('global.properties.mule.operations.get-files.id'),
	"OperationName": p('global.properties.mule.operations.get-files.name'),
	"FlowLabel": p('global.properties.mule.operations.get-files.domain'),
	"Flow": flow.name
}]]></ee:set-variable>
			</ee:variables>
		</ee:transform>
        <flow-ref doc:name="impl-read-file-main-subflow" doc:id="08e9b0c3-8631-4ddb-8577-d1728605bb0e" name="impl-read-file-main-subflow"/>
    </flow>
    <flow name="put:\files\archive:application\json:archive-records-sys-api-config" doc:id="3d0e03f5-0d75-4e3a-9f7f-6d2a1ffbc0ee">
    	<ee:transform doc:name="Set reqMetadata" doc:id="88f21f33-94f6-41ff-ae25-619332cfd2d6" >
			<ee:variables >
				<ee:set-variable variableName="reqMetadata" ><![CDATA[%dw 2.0
import p from Mule
output application/json
---
{
	"OperationId": p('global.properties.mule.operations.put-files-archive.id'),
	"OperationName": p('global.properties.mule.operations.put-files-archive.name'),
	"FlowLabel": p('global.properties.mule.operations.put-files-archive.domain'),
	"Flow": flow.name
}]]></ee:set-variable>
			</ee:variables>
		</ee:transform>
        <flow-ref doc:name="impl-archive-file-main-subflow" doc:id="48af6d56-7f3a-4f09-be7c-32d53bcc6514" name="impl-archive-file-main-subflow"/>
    </flow>
    <flow name="post:\files:application\json:archive-records-sys-api-config">
        <ee:transform doc:name="Set reqMetadata" doc:id="f0df7b8c-2ff4-4625-ab60-4b7015c9bbdd" >
			<ee:variables >
				<ee:set-variable variableName="reqMetadata" ><![CDATA[%dw 2.0
import p from Mule
output application/json
---
{
	"OperationId": p('global.properties.mule.operations.post-files.id'),
	"OperationName": p('global.properties.mule.operations.post-files.name'),
	"FlowLabel": p('global.properties.mule.operations.post-files.domain'),
	"Flow": flow.name
}]]></ee:set-variable>
			</ee:variables>
		</ee:transform>
        <flow-ref doc:name="impl-create-file-main-subflow" doc:id="b1ed1310-3c59-4164-aa82-448137840bc8" name="impl-create-file-main-subflow"/>
    </flow>
    <sub-flow name="archive-records-sys-api_set-variables" doc:id="50ab3b67-6ae0-4211-88d6-fa91a1d11d62" >
		<set-variable value="#[attributes.headers['X-Correlation-Id']]" doc:name="correlationId" doc:id="d675744e-c8e8-4266-bb11-6226d94f47e7" variableName="correlationId"/>
	</sub-flow>
</mule>
