<?xml version="1.0" encoding="UTF-8"?>

<mule xmlns:ee="http://www.mulesoft.org/schema/mule/ee/core" xmlns="http://www.mulesoft.org/schema/mule/core"
	xmlns:doc="http://www.mulesoft.org/schema/mule/documentation"
	xmlns:xsi="http://www.w3.org/2001/XMLSchema-instance" xsi:schemaLocation="http://www.mulesoft.org/schema/mule/core http://www.mulesoft.org/schema/mule/core/current/mule.xsd
http://www.mulesoft.org/schema/mule/ee/core http://www.mulesoft.org/schema/mule/ee/core/current/mule-ee.xsd">
	<sub-flow name="impl-patch-transactions-subflow" doc:id="c1253f90-594b-4fd9-bfe0-96e4728ab722" >
		<logger level="INFO" doc:name="START impl-patch-transactions-subflow" doc:id="fd9d709d-8283-458e-b570-e28c0e014453" message="#[p('global.properties.api.id') ++ &quot;.&quot; ++ p('global.properties.api.appName') ++ &quot;.&quot; ++ vars.operationId ++ &quot;.&quot; ++ vars.operationName ++ &quot;.&quot; ++ &quot;impl-patch-transactions-subflow&quot; ++ &quot;.Start--&quot;] ++ #[payload]"/>
		<ee:transform doc:name="Set Var - query" doc:id="9255c51d-1337-461c-b7b3-a06a8576f7e1" >
			<ee:message >
			</ee:message>
			<ee:variables >
				<ee:set-variable variableName="query" ><![CDATA[%dw 2.0
output application/json

var whereClause = if(!isEmpty(payload.NetrevealIdentifierId)) "WHERE NetrevealIdentifierId = :NetrevealIdentifierId"
					else "WHERE PolicyNumber = :PolicyNumber AND CustomerSourceUniqueId = :CustomerSourceUniqueId" 
var complianceStatus = if(payload.Source == 'ComplianceLevel2') "ComplianceStatusLevel2 = :GenericStatus "
						else if(payload.Source == 'ComplianceLevel3') "ComplianceStatusLevel3 = :GenericStatus "
						else "ComplianceStatusLevel4 = :GenericStatus "

---
p('queries.patch-transactions')
++
complianceStatus
++
whereClause]]></ee:set-variable>
				<ee:set-variable variableName="updateParams" ><![CDATA[%dw 2.0
output application/json
---
{
	"GenericStatus": payload.GenericStatus
}
++
if (!isEmpty(payload.NetrevealIdentifierId))
{
	"NetrevealIdentifierId": payload.NetrevealIdentifierId
}
else if (!isEmpty(payload.PolicyNumber) and !isEmpty(payload.CustomerSourceUniqueId))
{
    "PolicyNumber": payload.PolicyNumber,
    "CustomerSourceUniqueId": payload.CustomerSourceUniqueId
}
else {}]]></ee:set-variable>
			</ee:variables>
		</ee:transform>
		<flow-ref doc:name="sys-sql-flow_update-subflow" doc:id="1761bcea-0cc7-4ca0-9cf1-69ba50efc886" name="aml-database_update-subflow" />
		<choice doc:name="Choice" doc:id="fd2e34d8-811c-4056-a1df-402b14efc85c" >
			<when expression="#[payload.affectedRows &gt; 0]">
				<ee:transform doc:name="Set Response Payload" doc:id="50a82308-3e9b-4dbc-b8c7-e340c1a3cc31">
			<ee:message>
				<ee:set-payload><![CDATA[%dw 2.0
output application/json
---
{
  "ResponseCode": p('response.success.code'),
  "ResponseStatus": p('response.success.message'),
  "CorrelationId": vars.correlationId,
  "Timestamp": now() >> "Asia/Manila",
  "Data": {
    "Message": "Record has been successfully updated."
  }
}
]]></ee:set-payload>
			</ee:message>
		</ee:transform>
			</when>
			<otherwise>
				<ee:transform doc:name="Response 404 Not Found" doc:id="0c776bf3-60bf-431e-993d-9d8e61ff13ef" >
					<ee:message >
						<ee:set-payload ><![CDATA[%dw 2.0
output application/json
---
{
  ResponseCode: "404",
  ResponseStatus: "Not Found",
  CorrelationId: vars.correlationId,
  Timestamp: now() >> "Asia/Manila",
  Data: {
    Message: "No record was updated."
  }
}]]></ee:set-payload>
					</ee:message>
					<ee:variables >
						<ee:set-variable variableName="httpStatus" ><![CDATA[404]]></ee:set-variable>
					</ee:variables>
				</ee:transform>
			</otherwise>
		</choice>
		<logger level="INFO" doc:name="END impl-patch-transactions-subflow" doc:id="9d4e053d-cef0-45f2-83cf-f47725cb91f4" message="#[p('global.properties.api.id') ++ &quot;.&quot; ++ p('global.properties.api.appName') ++ &quot;.&quot; ++ vars.operationId ++ &quot;.&quot; ++ vars.operationName ++ &quot;.&quot; ++ &quot;impl-patch-transactions-subflow&quot; ++ &quot;.End--&quot;] ++ #[payload]"/>
	</sub-flow>
</mule>
