<?xml version="1.0" encoding="UTF-8"?>

<mule xmlns:ee="http://www.mulesoft.org/schema/mule/ee/core" xmlns="http://www.mulesoft.org/schema/mule/core"
	xmlns:doc="http://www.mulesoft.org/schema/mule/documentation"
	xmlns:xsi="http://www.w3.org/2001/XMLSchema-instance" xsi:schemaLocation="http://www.mulesoft.org/schema/mule/core http://www.mulesoft.org/schema/mule/core/current/mule.xsd
http://www.mulesoft.org/schema/mule/ee/core http://www.mulesoft.org/schema/mule/ee/core/current/mule-ee.xsd">
	<sub-flow name="impl-patch-distributions-status-main-subflow" doc:id="ec795971-dcc6-4782-b71a-082909368d84" >
		<logger level="INFO" doc:name="START impl-patch-distributions-status-main-subflow" doc:id="3d96b50d-afc8-4341-aa50-fdef57ece62b" message="#[p('global.properties.api.id') ++ &quot;.&quot; ++ p('global.properties.api.appName') ++ &quot;.&quot; ++ vars.operationId ++ &quot;.&quot; ++ vars.operationName ++ &quot;.&quot; ++ &quot;impl-patch-distributions-status-main-subflow&quot; ++ &quot;.Start--&quot;] ++ #[payload]"/>
		<ee:transform doc:name="Set query and updateParams" doc:id="f6eae035-3b01-487d-9fb9-2008e1fa6f27" >
			<ee:message >
			</ee:message>
			<ee:variables >
				<ee:set-variable variableName="query" ><![CDATA[%dw 2.0
output application/json
---
p('queries.axasol-update')]]></ee:set-variable>
				<ee:set-variable variableName="updateParams" ><![CDATA[%dw 2.0
output application/json
---
{
	"PolicyNo": attributes.uriParams.PolicyNumber,
	"WithHit": payload.WithHit,
	"CanProceed": payload.CanProceed
}]]></ee:set-variable>
			</ee:variables>
		</ee:transform>
		<flow-ref doc:name="axasol-database_update-subflow" doc:id="09aa333a-d940-4338-b593-b9d9614bcde7" name="axasol-database_update-subflow"/>
		<ee:transform doc:name="Response Payload" doc:id="59e7a9aa-ab79-4c6b-b770-60530207bc1f" >
			<ee:message >
				<ee:set-payload ><![CDATA[%dw 2.0
output application/json
---
{
  "ResponseCode": p('response.success.code'),
  "ResponseStatus": p('response.success.message'),
  "CorrelationId": vars.correlationId,
  "Timestamp": now() >> "Asia/Manila",
  "Data": {
    "Message": "Record has been successfully updated in AXASOL Database."
  }
}
]]></ee:set-payload>
			</ee:message>
		</ee:transform>
		<logger level="INFO" doc:name="END impl-patch-distributions-status-main-subflow" doc:id="33a58a78-432e-4ef1-95e2-5119e9620b82" message="#[p('global.properties.api.id') ++ &quot;.&quot; ++ p('global.properties.api.appName') ++ &quot;.&quot; ++ vars.operationId ++ &quot;.&quot; ++ vars.operationName ++ &quot;.&quot; ++ &quot;impl-patch-distributions-status-main-subflow&quot; ++ &quot;.End--&quot;] ++ #[payload]"/>
	</sub-flow>
</mule>
