<?xml version="1.0" encoding="UTF-8"?>

<mule xmlns:os="http://www.mulesoft.org/schema/mule/os" xmlns:ee="http://www.mulesoft.org/schema/mule/ee/core"
	xmlns="http://www.mulesoft.org/schema/mule/core"
	xmlns:doc="http://www.mulesoft.org/schema/mule/documentation" xmlns:xsi="http://www.w3.org/2001/XMLSchema-instance" xsi:schemaLocation="http://www.mulesoft.org/schema/mule/core http://www.mulesoft.org/schema/mule/core/current/mule.xsd
http://www.mulesoft.org/schema/mule/ee/core http://www.mulesoft.org/schema/mule/ee/core/current/mule-ee.xsd
http://www.mulesoft.org/schema/mule/os http://www.mulesoft.org/schema/mule/os/current/mule-os.xsd">
	
	<sub-flow name="impl-get-email-templates-main-subflow" doc:id="54370539-5a9d-47fa-bb5e-358d231ebe72" >
		<logger level="INFO" doc:name="START impl-get-email-templates-main-subflow" doc:id="47a8046b-0fd6-494d-8ba3-cea6d2b33e93" message="#[p('global.properties.api.id') ++ &quot;.&quot; ++ p('global.properties.api.appName') ++ &quot;.&quot; ++ vars.operationId ++ &quot;.&quot; ++ vars.operationName ++ &quot;.&quot; ++ &quot;impl-get-email-templates-main-subflow&quot; ++ &quot;.Start--&quot;] ++ #[payload]"/>
		<ee:transform doc:name="Set Variable - query" doc:id="ddfd868b-44d1-4c9c-ab72-904e509edf38" >
			<ee:message >
			</ee:message>
			<ee:variables >
				<ee:set-variable variableName="query" ><![CDATA[%dw 2.0
output application/json
---
p('queries.email-templates')]]></ee:set-variable>
			</ee:variables>
		</ee:transform>
		<ee:cache doc:name="Cache" doc:id="a0a03cd4-05a9-4731-af4c-6e88205bf5c9" cachingStrategy-ref="Caching_Strategy">
			<flow-ref doc:name="aml-database_select-subflow" doc:id="e5a8122b-be30-4f53-b473-7bf094dc0db0" name="aml-database_select-subflow" />
		</ee:cache>
		<ee:transform doc:name="Response Payload" doc:id="d60ebf80-19fd-4f69-8ed7-e198a25b4ce5" >
			<ee:message >
				<ee:set-payload ><![CDATA[%dw 2.0
output application/json
---
{
	"ResponseCode": p('response.success.code'),
	"ResponseStatus": p('response.success.message'),
	"CorrelationId": vars.correlationId,
	"Timestamp": now() >> "Asia/Manila",
	"Data": payload
}]]></ee:set-payload>
			</ee:message>
		</ee:transform>
		<logger level="INFO" doc:name="END impl-get-email-templates-main-subflow" doc:id="59860f50-c926-4594-999e-c252ba1e1ecf" message="#[p('global.properties.api.id') ++ &quot;.&quot; ++ p('global.properties.api.appName') ++ &quot;.&quot; ++ vars.operationId ++ &quot;.&quot; ++ vars.operationName ++ &quot;.&quot; ++ &quot;impl-get-email-templates-main-subflow&quot; ++ &quot;.End--&quot;] ++ #[payload]"/>
	</sub-flow>
</mule>
