<?xml version="1.0" encoding="UTF-8"?>

<mule xmlns:ee="http://www.mulesoft.org/schema/mule/ee/core" xmlns="http://www.mulesoft.org/schema/mule/core"
	xmlns:doc="http://www.mulesoft.org/schema/mule/documentation"
	xmlns:xsi="http://www.w3.org/2001/XMLSchema-instance" xsi:schemaLocation="http://www.mulesoft.org/schema/mule/core http://www.mulesoft.org/schema/mule/core/current/mule.xsd
http://www.mulesoft.org/schema/mule/ee/core http://www.mulesoft.org/schema/mule/ee/core/current/mule-ee.xsd">
	<sub-flow name="impl-get-references-subflow" doc:id="8970ac27-ffe7-4ebb-a664-316ed3bfc429" >
		<logger level="INFO" doc:name="START impl-get-references-subflow" doc:id="1bc61f00-62e1-4f5d-8e70-c7ce2045fdc8" message="#[p('global.properties.api.id') ++ &quot;.&quot; ++ p('global.properties.api.appName') ++ &quot;.&quot; ++ vars.operationId ++ &quot;.&quot; ++ vars.operationName ++ &quot;.&quot; ++ &quot;impl-get-references-subflow&quot; ++ &quot;.Start--&quot;] ++ #[payload]"/>
		<set-variable value="#[attributes.uriParams.Reference]" doc:name="reference" doc:id="e2457fc8-40cb-4659-9e09-a8c9aeb979fa" variableName="reference"/>
		<ee:transform doc:name="Set Variable - query" doc:id="a85cf2b5-0914-4d47-8c06-bcb0993e2d4d" >
			<ee:message >
			</ee:message>
			<ee:variables >
				<ee:set-variable variableName="query" ><![CDATA[%dw 2.0
output application/json
---
p('queries.get-references') ++ vars.reference]]></ee:set-variable>
			</ee:variables>
		</ee:transform>
		<try doc:name="Try" doc:id="e7c85e92-b74a-4c98-aaed-c7c171fd0984" >
			<flow-ref doc:name="sys-sql-flow_select-subflow" doc:id="749e9302-8ded-4271-a937-c8a5cc30eb33" name="aml-database_select-subflow" />
			<ee:transform doc:name="Transform DB Result to JSON" doc:id="79410785-3875-440d-91ef-64b4cdd5cb61">
			<ee:message>
				<ee:set-payload><![CDATA[%dw 2.0
output application/json
---
{
	"ResponseCode": p('response.success.code'),
	"ResponseStatus": p('response.success.message'),
	"CorrelationId": vars.correlationId,
	"Timestamp": now() >> "Asia/Manila",
	"Data": payload map {
		"Code": $[0],
		"Description": $[1]
	}
}]]></ee:set-payload>
			</ee:message>
		</ee:transform>
		<error-handler ref="error-handler" />
		</try>
		<logger level="INFO" doc:name="END impl-get-references-subflow" doc:id="9c377734-2e89-4880-a6e0-3ca9fe142525" message="#[p('global.properties.api.id') ++ &quot;.&quot; ++ p('global.properties.api.appName') ++ &quot;.&quot; ++ vars.operationId ++ &quot;.&quot; ++ vars.operationName ++ &quot;.&quot; ++ &quot;impl-get-references-subflow&quot; ++ &quot;.End--&quot;] ++ #[payload]"/>
	</sub-flow>
</mule>
