<?xml version="1.0" encoding="UTF-8"?>

<mule xmlns:ee="http://www.mulesoft.org/schema/mule/ee/core" xmlns="http://www.mulesoft.org/schema/mule/core"
	xmlns:doc="http://www.mulesoft.org/schema/mule/documentation"
	xmlns:xsi="http://www.w3.org/2001/XMLSchema-instance" xsi:schemaLocation="http://www.mulesoft.org/schema/mule/core http://www.mulesoft.org/schema/mule/core/current/mule.xsd
http://www.mulesoft.org/schema/mule/ee/core http://www.mulesoft.org/schema/mule/ee/core/current/mule-ee.xsd">
	<sub-flow name="impl-post-assign-id-subflow" doc:id="c5e5f056-5b3b-48a4-ad8d-cddbec900b35" >
		<logger level="INFO" doc:name="START impl-post-assign-id-subflow" doc:id="65528617-a886-499c-ad8a-eb6b337cc1b8" message="#[p('global.properties.api.id') ++ &quot;.&quot; ++ p('global.properties.api.appName') ++ &quot;.&quot; ++ vars.operationId ++ &quot;.&quot; ++ vars.operationName ++ &quot;.&quot; ++ &quot;impl-post-assignid-subflow&quot; ++ &quot;.Start--&quot;] ++ #[payload]"/>
		<set-variable value="#[payload]" doc:name="origPayload" doc:id="ebb7565d-501e-4378-8b80-1dbe7a4c8f55" variableName="origPayload"/>
		<flow-ref doc:name="impl-post-assign-id-subflow_query-id" doc:id="385acb95-c02e-446f-9eed-079481e7b04d" name="impl-post-assign-id-subflow_query-id"/>
		<choice doc:name="Choice" doc:id="ef239944-a1dc-48ec-b9cb-e04dee64f0f2" >
			<when expression="#[isEmpty(payload)]">
				<ee:transform doc:name="Set Var - generatedId, query" doc:id="e511d659-698b-42f1-839d-26788d80ca98">
			<ee:message>
			</ee:message>
			<ee:variables>
				<ee:set-variable variableName="generatedId"><![CDATA[%dw 2.0
import dw::Crypto
import * from dw::core::Strings

var params = ((vars.origPayload filterObject ((value, key, index) -> (value != null and value != "")) mapObject ((value, key, index) -> {
    data : (value as String)
})).*data joinBy "")

output application/json
---
{
    "Id" : "AML-" ++ now() as String {format: "yyyyMMdd"} ++ "-" ++ substring(Crypto::SHA1(params as Binary),0,12)
}]]></ee:set-variable>
						<ee:set-variable variableName="query" ><![CDATA[%dw 2.0
output application/json
---
p('queries.insert-customer-id')]]></ee:set-variable>
			</ee:variables>
		</ee:transform>
				<flow-ref doc:name="impl-post-assign-id-flow_insert-id" doc:id="2bd9ab35-11dc-41f3-b28c-f785790caf49" name="impl-post-assign-id-flow_insert-id"/>
			</when>
			<otherwise >
				<logger level="INFO" doc:name="Customer already has existing Id" doc:id="365e2eae-36a8-4fa6-b599-e695031fec7c" message='#[%dw 2.0&#10;output application/json&#10;---&#10;{&#10;	"Message": "Customer already has existing Id.",&#10;	"CorrelationId": vars.correlationId,&#10;	"Payload": payload&#10;}]'/>
				<ee:transform doc:name="Set Var - generatedId" doc:id="e25102ed-f96e-4cf1-8286-9bd4587dd63b" >
					<ee:message >
					</ee:message>
					<ee:variables >
						<ee:set-variable variableName="generatedId" ><![CDATA[%dw 2.0
output application/json
---
{
	"Id": payload[0].CustomerSourceUniqueId
}
]]></ee:set-variable>
					</ee:variables>
				</ee:transform>
			</otherwise>
		</choice>
		<ee:transform doc:name="Response Payload" doc:id="781bca16-b5c8-445d-8158-87fc0c12961a" >
			<ee:message >
				<ee:set-payload ><![CDATA[%dw 2.0
output application/json
---
{
  "ResponseCode": "200",
  "ResponseStatus": "Success",
  "CorrelationId": vars.correlationId,
  "Timestamp": now() >> "Asia/Manila",
  "Data":
    	{
    		"Id": vars.generatedId.Id
    	}
      	++
    	if(!isBlank(vars.origPayload.FirstName))
	    {
	        "FirstName": vars.origPayload.FirstName,
	        "MiddleNames": vars.origPayload.MiddleNames,
	        "LastName": vars.origPayload.LastName
	    }
        else
        {
	        "CompanyName": vars.origPayload.Company,
	        "CompanyEmail": vars.origPayload.CustomerRecipient
        }
}]]></ee:set-payload>
			</ee:message>
		</ee:transform>
		<logger level="INFO" doc:name="END impl-post-assign-id-subflow" doc:id="c2146967-cf0a-4589-9c2f-0f3253c6658d" message="#[p('global.properties.api.id') ++ &quot;.&quot; ++ p('global.properties.api.appName') ++ &quot;.&quot; ++ vars.operationId ++ &quot;.&quot; ++ vars.operationName ++ &quot;.&quot; ++ &quot;impl-post-assignid-subflow&quot; ++ &quot;.End--&quot;] ++ #[payload]"/>
	</sub-flow>
	<sub-flow name="impl-post-assign-id-subflow_query-id" doc:id="2d11319a-62e7-4516-9ae1-b3b9d02e8a7f" >
		<ee:transform doc:name="Set Var - query, filters" doc:id="e0f96052-3b72-428c-a091-9e4d844339d4" >
			<ee:message >
			</ee:message>
			<ee:variables >
				<ee:set-variable variableName="query" ><![CDATA[%dw 2.0
import some from dw::core::Arrays

output application/json
---
p('queries.select-customer-id') ++ " WHERE " ++ 
((payload filterObject ((value, key, index) -> (value != null and value != "")) mapObject ((value, key, index) -> {
    myData : (key as String) ++ " = :" ++ (key as String)
})).*myData joinBy  " AND ")]]></ee:set-variable>
				<ee:set-variable variableName="filters" ><![CDATA[%dw 2.0
output application/json
---
payload]]></ee:set-variable>
			</ee:variables>
		</ee:transform>
		<flow-ref doc:name="sys-sql-flow_select-subflow" doc:id="be73f664-0583-40e2-9b87-c09a0d74e7c5" name="aml-database_select-subflow" />
	</sub-flow>
	<sub-flow name="impl-post-assign-id-flow_insert-id" doc:id="a542cd43-58ea-431f-b9c8-f8a13b802e59" >
		<ee:transform doc:name="Set Var - insertParams" doc:id="f4caac5f-0426-4ca7-bbd8-8b79e25478a1" >
			<ee:message >
			</ee:message>
			<ee:variables >
				<ee:set-variable variableName="insertParams" ><![CDATA[%dw 2.0
output application/json
---
{
	"CustomerSourceUniqueId": vars.generatedId.Id,
    "FirstName": vars.origPayload.FirstName default "",
    "MiddleNames": vars.origPayload.MiddleNames default "",
    "LastName": vars.origPayload.LastName default "",
    "Gender": vars.origPayload.Gender default "",
    "Birthdate": vars.origPayload.Birthdate default "",
    "CompanyName": vars.origPayload.CompanyName default "",
    "CompanyEmail": vars.origPayload.CustomerRecipient default "",
}]]></ee:set-variable>
			</ee:variables>
		</ee:transform>
		<flow-ref doc:name="sys-sql-flow_insert-subflow" doc:id="009c40cc-ce43-4523-94fa-8e9d850b402a" name="aml-database_insert-subflow"/>
	</sub-flow>
</mule>
