<?xml version="1.0" encoding="UTF-8"?>

<mule xmlns:ee="http://www.mulesoft.org/schema/mule/ee/core" xmlns="http://www.mulesoft.org/schema/mule/core"
	xmlns:doc="http://www.mulesoft.org/schema/mule/documentation"
	xmlns:xsi="http://www.w3.org/2001/XMLSchema-instance" xsi:schemaLocation="http://www.mulesoft.org/schema/mule/core http://www.mulesoft.org/schema/mule/core/current/mule.xsd
http://www.mulesoft.org/schema/mule/ee/core http://www.mulesoft.org/schema/mule/ee/core/current/mule-ee.xsd">
	<sub-flow name="impl-get-transactions-main-subflow" doc:id="5d77e1b1-49d5-4fb3-9fe0-8264d7bc94ce" >
		<logger level="INFO" doc:name="START impl-get-transactions-main-subflow" doc:id="9b30f8bf-7fc5-44e7-8e19-8d9f4b77fcb9" message="#[p('global.properties.api.id') ++ &quot;.&quot; ++ p('global.properties.api.appName') ++ &quot;.&quot; ++ vars.operationId ++ &quot;.&quot; ++ vars.operationName ++ &quot;.&quot; ++ &quot;impl-get-transactions-main-subflow&quot; ++ &quot;.Start--&quot;] ++ #[payload]"/>
		<ee:transform doc:name="Set Var - filters, query" doc:id="c074ecca-c7e3-4c19-af48-35bc2503162d" >
			<ee:message >
			</ee:message>
			<ee:variables >
				<ee:set-variable variableName="filters" ><![CDATA[%dw 2.0
output application/json
---
if(!isEmpty(attributes.queryParams.date))
{
	"DateCreated": attributes.queryParams.date
}
else if(!isEmpty(attributes.queryParams.hours))
{
	"Hours": attributes.queryParams.hours
}
else if(!isEmpty(attributes.queryParams.netrevealIdentifierId))
{
	"NetrevealIdentifierId": attributes.queryParams.netrevealIdentifierId
}
else if(!isEmpty(attributes.queryParams.policyNumber))
{
	"PolicyNumber": attributes.queryParams.policyNumber
}
else ""]]></ee:set-variable>
				<ee:set-variable variableName="query" ><![CDATA[%dw 2.0
output application/json
---
if(!isEmpty(attributes.queryParams.date))
	p('queries.get-transactions-date')
else if (!isEmpty(attributes.queryParams.hours) and attributes.queryParams.hours == "36")
	p('queries.get-transactions-36-hours')
else if (!isEmpty(attributes.queryParams.hours) and attributes.queryParams.hours == "72") 
	p('queries.get-transactions-72-hours')
else if (!isEmpty(attributes.queryParams.hours) and attributes.queryParams.hours == "12") 
	p('queries.get-transactions-12-hours')
else if (!isEmpty(attributes.queryParams.netrevealIdentifierId))
	p('queries.get-transactions-netreveal-identifier-id')
else if (!isEmpty(attributes.queryParams.policyNumber))
	p('queries.get-transactions-policy-number')
else ""]]></ee:set-variable>
			</ee:variables>
		</ee:transform>
		<flow-ref doc:name="aml-database_select-subflow" doc:id="bb613b21-6c01-4c5a-b5ef-92c13312c447" name="aml-database_select-subflow"/>
		<ee:transform doc:name="Transform DB Result to JSON" doc:id="5e2eec6b-ad22-45ef-80c1-5382d293eaa2" >
			<ee:message >
				<ee:set-payload ><![CDATA[%dw 2.0
output application/json
---
{
	"ResponseCode": p('response.success.code'),
	"ResponseStatus": p('response.success.message'),
	"CorrelationId": vars.correlationId,
	"Timestamp": now() >> "Asia/Manila",
	"Data": payload map {
		  "PolicyNumber": $.PolicyNumber,
		  "CustomerSourceUniqueId": $.CustomerSourceUniqueId,
		  "FirstName": $.FirstName,
		  "LastName": $.LastName,
		  "MiddleNames": $.MiddleNames,
		  "Birthdate": $.Birthdate,
		  "Gender": $.Gender,
		  "PersonTitle": $.PersonTitle,
		  "Type": $.Type,
		  "AgentRecipient": $.AgentRecipient,
		  "CustomerRecipient": $.CustomerRecipient,
		  "CompanyName": $.CompanyName,
		  "ComplianceStatusLevel1": $.ComplianceStatusLevel1,
		  "ComplianceStatusLevel2": $.ComplianceStatusLevel2,
		  "ComplianceStatusLevel3": $.ComplianceStatusLevel3,
		  "ComplianceStatusLevel4": $.ComplianceStatusLevel4,
		  "Asset": $.Asset,
		  "NetrevealIdentifierId": $.NetrevealIdentifierId,
		  "Status": $.Status,
		  "GenericStatus": $.GenericStatus,
		  "DateCreated": $.DateCreated,
		  "DateModified": $.DateModified
	}
}]]></ee:set-payload>
			</ee:message>
		</ee:transform>
		<logger level="INFO" doc:name="END impl-get-transactions-main-subflow" doc:id="a3d699e3-e306-4545-8f2d-9873c03ebd72" message="#[p('global.properties.api.id') ++ &quot;.&quot; ++ p('global.properties.api.appName') ++ &quot;.&quot; ++ vars.operationId ++ &quot;.&quot; ++ vars.operationName ++ &quot;.&quot; ++ &quot;impl-get-transactions-main-subflow&quot; ++ &quot;.End--&quot;] ++ #[payload]"/>
	</sub-flow>
</mule>
