<?xml version="1.0" encoding="UTF-8"?>

<mule xmlns:ee="http://www.mulesoft.org/schema/mule/ee/core" xmlns="http://www.mulesoft.org/schema/mule/core"
	xmlns:doc="http://www.mulesoft.org/schema/mule/documentation"
	xmlns:xsi="http://www.w3.org/2001/XMLSchema-instance" xsi:schemaLocation="http://www.mulesoft.org/schema/mule/core http://www.mulesoft.org/schema/mule/core/current/mule.xsd
http://www.mulesoft.org/schema/mule/ee/core http://www.mulesoft.org/schema/mule/ee/core/current/mule-ee.xsd">
	<sub-flow name="impl-get-netrevealstatus-subflow" doc:id="191d2779-2ec1-4236-be22-02234117730e" >
		<logger level="INFO" doc:name="START impl-get-netrevealstatus-subflow" doc:id="9b6821bc-2e12-469f-a1bf-134f94df317d" message="#[p('global.properties.api.id') ++ &quot;.&quot; ++ p('global.properties.api.appName') ++ &quot;.&quot; ++ vars.operationId ++ &quot;.&quot; ++ vars.operationName ++ &quot;.&quot; ++ &quot;impl-get-netrevealstatus-subflow&quot; ++ &quot;.Start--&quot;] ++ #[payload]"/>
		<ee:transform doc:name="Set Var - query, filters" doc:id="890cb46e-060a-4379-b3a7-e50294c55367" >
			<ee:message >
			</ee:message>
			<ee:variables >
				<ee:set-variable variableName="query" ><![CDATA[%dw 2.0
output application/json
---
p('queries.get-status')]]></ee:set-variable>
				<ee:set-variable variableName="filters" ><![CDATA[%dw 2.0
output application/json
---
{
	"PolicyNumber": attributes.uriParams.PolicyNumber
}]]></ee:set-variable>
			</ee:variables>
		</ee:transform>
		<flow-ref doc:name="sys-sql-flow_select-subflow" doc:id="db22865a-7841-4924-8c8b-b7a4bd6e365c" name="aml-database_select-subflow" />
		<choice doc:name="Choice" doc:id="fdf9a35c-052d-431a-b62d-5a571a62c379" >
			<when expression="#[!isEmpty(payload)]">
				<ee:transform doc:name="Response Payload" doc:id="ad026f06-4d2e-4739-bd19-946dc7e57223">
			<ee:message>
				<ee:set-payload><![CDATA[%dw 2.0
output application/json
---
{
  "ResponseCode": "200",
  "ResponseStatus": "Success",
  "CorrelationId": vars.correlationId,
  "Timestamp": now() >> "Asia/Manila",
  "Data": {
    "Proceed": payload reduce ((item, accumulator=false) -> 
    	!(accumulator or item.Status ~="Hit" and (item.GenericStatus ~= "Confirmed" or item.GenericStatus ~= "")) as String)
  }
}]]></ee:set-payload>
			</ee:message>
		</ee:transform>
			</when>
			<otherwise >
				<ee:transform doc:name="No Record Found" doc:id="55dcf06b-b15a-4ba9-bddb-59765a0d81dd">
						<ee:message>
							<ee:set-payload><![CDATA[%dw 2.0
output application/json
---
{
  "ResponseCode": "404",
  "ResponseStatus": "Not Found",
  "CorrelationId": vars.correlationId,
  "Timestamp": now() >> "Asia/Manila",
  "Data": {
	"Proceed": "false"
	}
}]]></ee:set-payload>
						</ee:message>
						<ee:variables>
							<ee:set-variable variableName="httpStatus"><![CDATA[404]]></ee:set-variable>
						</ee:variables>
					</ee:transform>
			</otherwise>
		</choice>
		<logger level="INFO" doc:name="END impl-get-netrevealstatus-subflow" doc:id="46fc1e7c-3d78-4bf1-9eeb-765a760aa6a0" message="#[p('global.properties.api.id') ++ &quot;.&quot; ++ p('global.properties.api.appName') ++ &quot;.&quot; ++ vars.operationId ++ &quot;.&quot; ++ vars.operationName ++ &quot;.&quot; ++ &quot;impl-get-netrevealstatus-subflow&quot; ++ &quot;.End--&quot;] ++ #[payload]"/>
	</sub-flow>
</mule>
