<?xml version="1.0" encoding="UTF-8"?>

<mule xmlns:ee="http://www.mulesoft.org/schema/mule/ee/core" xmlns="http://www.mulesoft.org/schema/mule/core"
	xmlns:doc="http://www.mulesoft.org/schema/mule/documentation"
	xmlns:xsi="http://www.w3.org/2001/XMLSchema-instance" xsi:schemaLocation="http://www.mulesoft.org/schema/mule/core http://www.mulesoft.org/schema/mule/core/current/mule.xsd
http://www.mulesoft.org/schema/mule/ee/core http://www.mulesoft.org/schema/mule/ee/core/current/mule-ee.xsd">
	<sub-flow name="impl-post-transactions-subflow" doc:id="6174086c-fdf8-4372-9821-f65fb2dc6eb7" >
		<logger level="INFO" doc:name="START impl-post-transactions-subflow" doc:id="7f9a9053-58ae-44ab-aafa-c32859844c31" message="#[p('global.properties.api.id') ++ &quot;.&quot; ++ p('global.properties.api.appName') ++ &quot;.&quot; ++ vars.operationId ++ &quot;.&quot; ++ vars.operationName ++ &quot;.&quot; ++ &quot;impl-post-transactions-subflow&quot; ++ &quot;.Start--&quot;] ++ #[payload]"/>
		<ee:transform doc:name="Set Var - query" doc:id="9baeb2b3-5fa0-42fa-aa15-721b1aa9632f" >
			<ee:message >
			</ee:message>
			<ee:variables >
				<ee:set-variable variableName="query" ><![CDATA[%dw 2.0
output application/json
---
p('queries.post-transactions')]]></ee:set-variable>
			</ee:variables>
		</ee:transform>
		<try doc:name="Try" doc:id="939ce742-9cf8-41cc-b551-24d9324ef9e7" >
			<foreach doc:name="For Each" doc:id="8b51908d-163a-4d8a-b095-a816cdfb7da3" collection="#[payload.Transactions]">
				<set-variable value='#[%dw 2.0&#10;output text&#10;---&#10;write(payload, "application/json")]' doc:name="textPayload" doc:id="60e88140-68f6-4744-ac22-b1d546e5d865" variableName="textPayload" />
				<ee:transform doc:name="Set Insert Statement Parameters" doc:id="1905e83b-862d-4524-86c1-d63374110226">
				<ee:message>
				</ee:message>
				<ee:variables>
					<ee:set-variable variableName="insertParams"><![CDATA[%dw 2.0
output application/json
---
{
	"CustomerSourceUniqueId": payload.CustomerSourceUniqueId,
	"PolicyNumber": payload.PolicyNumber,
	"PersonTitle": payload.PersonTitle,
	"FirstName": payload.FirstName,
	"MiddleNames": payload.MiddleNames,
	"LastName": payload.LastName,
	"Gender": payload.Gender,
	"Birthdate": payload.Birthdate,
	"CompanyName" : payload.CompanyName,
	"CustomerRecipient": payload.CustomerRecipient,
	"Status": payload.Status,
	"NetrevealIdentifierId": payload.NetrevealIdentifierId,
	"GenericStatus": payload.GenericStatus,
	"Remarks": payload.Remarks,
	"Asset": payload.Asset,
	"AgentRecipient": payload.AgentRecipient,
	"Type": payload.Type,
	"Payload": vars.textPayload,
	"ComplianceStatusLevel1": payload.Status
}]]></ee:set-variable>
				</ee:variables>
			</ee:transform>
				<flow-ref doc:name="sys-sql-flow_insert-subflow" doc:id="dd233d92-b883-4cd3-8c1d-5117237e3e46" name="aml-database_insert-subflow" />
			</foreach>
		<error-handler ref="error-handler" />
		</try>
		<ee:transform doc:name="Response Payload" doc:id="8bdee4c0-0ae0-4fba-9faf-81806bd1f751" >
			<ee:message >
				<ee:set-payload ><![CDATA[%dw 2.0
output application/json
---
{
  "ResponseCode": p('response.success.code'),
  "ResponseStatus": p('response.success.message'),
  "CorrelationId": vars.correlationId,
  "Timestamp": now() >> "Asia/Manila",
  "Data": {
    "Message": "Record has been successfully created."
  }
}
]]></ee:set-payload>
			</ee:message>
		</ee:transform>
		<logger level="INFO" doc:name="END impl-post-transactions-subflow" doc:id="195b0b15-9cf1-4ae7-8d66-86110db54fe6" message="#[p('global.properties.api.id') ++ &quot;.&quot; ++ p('global.properties.api.appName') ++ &quot;.&quot; ++ vars.operationId ++ &quot;.&quot; ++ vars.operationName ++ &quot;.&quot; ++ &quot;impl-post-transactions-subflow&quot; ++ &quot;.End--&quot;] ++ #[payload]"/>
	</sub-flow>
</mule>
