<?xml version="1.0" encoding="UTF-8"?>

<mule xmlns:ee="http://www.mulesoft.org/schema/mule/ee/core" xmlns="http://www.mulesoft.org/schema/mule/core"
	xmlns:doc="http://www.mulesoft.org/schema/mule/documentation"
	xmlns:xsi="http://www.w3.org/2001/XMLSchema-instance" xsi:schemaLocation="http://www.mulesoft.org/schema/mule/core http://www.mulesoft.org/schema/mule/core/current/mule.xsd
http://www.mulesoft.org/schema/mule/ee/core http://www.mulesoft.org/schema/mule/ee/core/current/mule-ee.xsd">
	<sub-flow name="impl-ipf-query-policyno-extract-flows" doc:id="ee2c5499-20a7-4e19-9621-afc3c3397efe" >
		<logger level="INFO" doc:name="START -  ipf-query-extract" doc:id="a46e361b-ac68-414b-9fe9-a9f3ddf85a67" message="#[${file::dwl/logger/start-msg.dwl}]" />
		
		<ee:transform doc:name="Set variable policyno" doc:id="42efeb7b-0fe1-4192-a1f8-8fb0408df650" >
			<ee:message >
			</ee:message>
			<ee:variables >
				<ee:set-variable variableName="policyno" ><![CDATA[message.attributes.uriParams.'policynumber']]></ee:set-variable>
			</ee:variables>
		</ee:transform>
		<flow-ref doc:name="ipf-database-select-policy-extract" doc:id="780cb77d-84f7-42fa-9e5b-2dda01fa5424" name="ipf-database-select-policy-extract"/>
    		<ee:transform doc:name="Extract Response" doc:id="4d8d17d4-76d4-41b7-a524-6ba9010c7b85" >
			<ee:message >
				<ee:set-payload ><![CDATA[%dw 2.0
output application/json
---
{
  ResponseCode: p('response.success.code') ,
  ResponseStatus: p('response.success.message'),
  CorrelationId: correlationId,
  Timestamp: now() >> "Asia/Manila",
  Data:   payload
  	    
  	}]]></ee:set-payload>
			</ee:message>
		</ee:transform>
		<logger level="INFO" doc:name="END -  ipf-query-extract" doc:id="0fb411e8-2fd4-42f4-81b2-82f2e71a6b8a" message="#[${file::dwl/logger/end-msg.dwl}]" />
    
	</sub-flow>
	
	<sub-flow name="impl-ipf-query-batch-details-flows" doc:id="0862c417-4839-4167-a595-e3f30c78636c" >
			<logger level="INFO" doc:name="START - query-details-flows" doc:id="92bea6af-3fe8-4e13-9114-39d808e9d4ac" message="#[${file::dwl/logger/start-msg.dwl}]" />
	
		<ee:transform doc:name="set variable startdate and enddate" doc:id="43d67f14-9d88-47f4-b013-1df87a38d2ea" >
			<ee:message >
			</ee:message>
			<ee:variables >
				<ee:set-variable variableName="startdate" ><![CDATA[message.attributes.queryParams.startdate]]></ee:set-variable>
				<ee:set-variable variableName="enddate" ><![CDATA[message.attributes.queryParams.enddate]]></ee:set-variable>
			</ee:variables>
		</ee:transform>
		<flow-ref doc:name="ipf-database-select-batch-details" doc:id="a39eaea1-590d-4620-a640-056c6d835fca" name="ipf-database-select-batch-details"/>
	   		<ee:transform doc:name="Details Response" doc:id="951319a3-de3b-4ed9-b264-f1d6ec7be66d" >
			<ee:message >
				<ee:set-payload ><![CDATA[%dw 2.0
output application/json
---
{
  ResponseCode: p('response.success.code') ,
  ResponseStatus: p('response.success.message'),
  CorrelationId: correlationId,
  Timestamp: now() >> "Asia/Manila",
  Data: 
      payload
  
}]]></ee:set-payload>
			</ee:message>
		</ee:transform>
		<logger level="INFO" doc:name="END query-details-flows" doc:id="16846889-0957-4ed0-9bff-115b529a2618" message="#[${file::dwl/logger/end-msg.dwl}]" />
 
</sub-flow>


<sub-flow name="impl-ipf-query-bypolicynumber-details-flows" doc:id="238a9da8-bf0c-47fe-b172-9ffd04d66718" >
			<logger level="INFO" doc:name="START - query-details-flows" doc:id="392d00a6-9a36-42e8-ab19-69ef91ff7820" message="#[${file::dwl/logger/start-msg.dwl}]" />
	
		<ee:transform doc:name="set variable policynumber" doc:id="3255ab07-9a1e-4e5e-a14d-ba8dc262bccf" >
			<ee:message >
			</ee:message>
			<ee:variables >
				<ee:set-variable variableName="policynumber" ><![CDATA[message.attributes.uriParams.'policynumber']]></ee:set-variable>
			</ee:variables>
		</ee:transform>
		<flow-ref doc:name="ipf-database-select-bypolicynumber-details" doc:id="5dc2fc52-4ba0-407d-8da1-d82daad5cfa7" name="ipf-database-select-bypolicynumber-details"/>
	   		<ee:transform doc:name="Details Response" doc:id="dec6dea0-1d3f-4fcb-ab04-c907d2cf51e6" >
			<ee:message >
				<ee:set-payload ><![CDATA[%dw 2.0
output application/json
---
{
  ResponseCode: p('response.success.code') ,
  ResponseStatus: p('response.success.message'),
  CorrelationId: correlationId,
  Timestamp: now() >> "Asia/Manila",
  Data: 
      payload
  
}]]></ee:set-payload>
			</ee:message>
		</ee:transform>
		<logger level="INFO" doc:name="END query-details-flows" doc:id="4ed73f2b-c46c-4724-b7bf-bacd0d8a00b9" message="#[${file::dwl/logger/end-msg.dwl}]" />
 
</sub-flow>
</mule>
