<?xml version="1.0" encoding="UTF-8"?>

<mule xmlns:db="http://www.mulesoft.org/schema/mule/db" xmlns:ee="http://www.mulesoft.org/schema/mule/ee/core"
	xmlns="http://www.mulesoft.org/schema/mule/core"
	xmlns:doc="http://www.mulesoft.org/schema/mule/documentation" xmlns:xsi="http://www.w3.org/2001/XMLSchema-instance" xsi:schemaLocation="http://www.mulesoft.org/schema/mule/core http://www.mulesoft.org/schema/mule/core/current/mule.xsd
http://www.mulesoft.org/schema/mule/ee/core http://www.mulesoft.org/schema/mule/ee/core/current/mule-ee.xsd
http://www.mulesoft.org/schema/mule/db http://www.mulesoft.org/schema/mule/db/current/mule-db.xsd">
	<sub-flow name="impl-payment-db-query-select-from-table-subflow" doc:id="214c1ceb-84e5-4ea8-9dfa-ccbc32fa5a8f" >
		<logger level="INFO" doc:name="START - Payment DB - Select from Table" doc:id="05ee7bd4-9e62-4e33-9b28-ceae220317f3" message="#[${file::dwl/logger/start-msg.dwl}]" />
		<ee:transform doc:name="Set query" doc:id="75fe14e7-d052-4db0-ad9c-690853c6e865" >
			<ee:message >
			</ee:message>
			<ee:variables >
				<ee:set-variable variableName="query" ><![CDATA[%dw 2.0
output application/java

var tableName = attributes.queryParams.tableName
var selectFields = if (isBlank(attributes.queryParams.selectFields)) "*" else attributes.queryParams.selectFields
var whereClause = if (isBlank(attributes.queryParams.whereClause)) "" else " WHERE " ++ attributes.queryParams.whereClause
---
"SELECT " ++ selectFields ++ " FROM " ++ tableName ++ whereClause]]></ee:set-variable>
			</ee:variables>
		</ee:transform>
		<flow-ref doc:name="payment-database-select-subflow" doc:id="da27f7e8-cf5a-4378-a6c9-7b4e72b0ba5d" name="payment-database-select-subflow"/>
		<ee:transform doc:name="Set Response Payload" doc:id="e2e7c4e7-a58e-4b5d-b484-e5cc27109b55" >
			<ee:message >
				<ee:set-payload ><![CDATA[%dw 2.0
output application/json
---
{
	"correlationId": correlationId,
	"timestamp": now() >> "Asia/Manila",
	"responseCode": p('response.success.code'),
	"responseStatus": p('response.success.message'),
	"data": payload map ((value,index) -> (value mapObject {'$$':$}))
}]]></ee:set-payload>
			</ee:message>
		</ee:transform>
		<logger level="INFO" doc:name="END - Payment DB - Select from Table" doc:id="5d6f89c2-8c0b-47cd-b522-a85f026d932e" message="#[${file::dwl/logger/end-msg.dwl}]" />
	</sub-flow>
	<sub-flow name="impl-payment-db-query-insert-into-table-subflow" doc:id="68ed9e98-86a6-4a79-888b-b2612f884828" >
		<logger level="INFO" doc:name="START - Payment DB - Insert Into Table" doc:id="5a053881-8ec2-40fb-b009-4eb8720b96dc" message="#[${file::dwl/logger/start-msg.dwl}]" />
		<ee:transform doc:name="Set query" doc:id="c828b5e7-7d60-42a7-b168-c0a9e7fd8f09">
			<ee:message />
			<ee:variables>
				<ee:set-variable variableName="query"><![CDATA[%dw 2.0
output application/java

var tableName = payload.tableName
var keys = payload.data pluck ($$) joinBy  ","
var values = payload.data pluck ("'" ++ ($ default "") ++ "'") joinBy  ","
---
"INSERT INTO " ++ tableName ++ " (" ++ keys ++ ") " ++ "VALUES (" ++ values ++ ")"
]]></ee:set-variable>
			</ee:variables>
		</ee:transform>
		<flow-ref doc:name="payment-database-insert-into-subflow" doc:id="6833073a-867e-4bf7-8d3a-16d60cc5fdec" name="payment-database-insert-into-subflow"/>
		<ee:transform doc:name="Set Response Payload" doc:id="cf0bf349-4ec2-4480-a226-bf5bbd8d6e9a">
			<ee:message>
				<ee:set-payload><![CDATA[%dw 2.0
output application/json
---
{
	"correlationId": correlationId,
	"timestamp": now() >> "Asia/Manila",
	"responseCode": p('response.success.code'),
	"responseStatus": p('response.success.message'),
}]]></ee:set-payload>
			</ee:message>
		</ee:transform>
		<logger level="INFO" doc:name="END - Payment DB - Insert Into Table" doc:id="51ce0455-ce4e-4085-b4f5-4e69fa1358c5" message="#[${file::dwl/logger/end-msg.dwl}]" />
	</sub-flow>
	<sub-flow name="impl-payment-db-query-update-table-subflow" doc:id="a808283d-358a-4d4a-8488-cea8a39ecc17" >
		<logger level="INFO" doc:name="START - Payment DB - Update Table" doc:id="aee5e1f9-8e75-447b-976d-d7045eddaf28" message="#[${file::dwl/logger/start-msg.dwl}]" />
		<ee:transform doc:name="Set query" doc:id="99714d3f-bcfd-43ad-9b7c-95f3d6a488de" >
			<ee:message />
			<ee:variables >
				<ee:set-variable variableName="query" ><![CDATA[%dw 2.0
output application/json
skipNullOn="everywhere"

var tableName = payload.tableName
var whereCondition = payload.whereCondition pluck ($$ ++ "=" ++ $) joinBy " AND "
var updateValues = payload.data pluck ($$ ++ "='" ++ ($ default "") ++ "'") joinBy  ","
---
"UPDATE " ++ tableName ++ " SET " ++ updateValues ++ " WHERE " ++ whereCondition]]></ee:set-variable>
			</ee:variables>
		</ee:transform>
		<flow-ref doc:name="payment-database-update-subflow" doc:id="0a877470-9249-4239-a0a5-3f766cb4e4ee" name="payment-database-update-subflow"/>
		<ee:transform doc:name="Set Response Payload" doc:id="a9e3e481-54e5-442e-81a9-ffd628f99912">
			<ee:message>
				<ee:set-payload><![CDATA[%dw 2.0
output application/json
---
{
	"correlationId": correlationId,
	"timestamp": now() >> "Asia/Manila",
	"responseCode": p('response.success.code'),
	"responseStatus": p('response.success.message'),
}]]></ee:set-payload>
			</ee:message>
		</ee:transform>
		<logger level="INFO" doc:name="END - Payment DB - Update Table" doc:id="39e54226-1d43-4b38-a7e1-905b51167676" message="#[${file::dwl/logger/end-msg.dwl}]" />
	</sub-flow>
</mule>
