<!-- [STUDIO:"get:\netrevealstatus\(PolicyNumber):aml-exp-api-config"]<?xml version="1.0" encoding="UTF-8"?> [STUDIO] -->
<mule xmlns:os="http://www.mulesoft.org/schema/mule/os" xmlns="http://www.mulesoft.org/schema/mule/core" xmlns:apikit="http://www.mulesoft.org/schema/mule/mule-apikit" xmlns:doc="http://www.mulesoft.org/schema/mule/documentation" xmlns:ee="http://www.mulesoft.org/schema/mule/ee/core" xmlns:http="http://www.mulesoft.org/schema/mule/http" xmlns:xsi="http://www.w3.org/2001/XMLSchema-instance" xsi:schemaLocation="http://www.mulesoft.org/schema/mule/core http://www.mulesoft.org/schema/mule/core/current/mule.xsd http://www.mulesoft.org/schema/mule/http http://www.mulesoft.org/schema/mule/http/current/mule-http.xsd http://www.mulesoft.org/schema/mule/mule-apikit http://www.mulesoft.org/schema/mule/mule-apikit/current/mule-apikit.xsd http://www.mulesoft.org/schema/mule/ee/core http://www.mulesoft.org/schema/mule/ee/core/current/mule-ee.xsd 
http://www.mulesoft.org/schema/mule/os http://www.mulesoft.org/schema/mule/os/current/mule-os.xsd">
   
	<flow name="aml-exp-api-main">
        <http:listener path="${global.properties.api.path.main}" config-ref="HTTP_Listener_config">
            <http:response statusCode="#[vars.httpStatus default 200]">
                <http:headers><![CDATA[#[vars.outboundHeaders default {}]]]></http:headers>
            </http:response>
            <http:error-response statusCode="#[vars.httpStatus default 500]">
                <http:body><![CDATA[#[payload]]]></http:body>
                <http:headers><![CDATA[#[vars.outboundHeaders default {}]]]></http:headers>
            </http:error-response>
        </http:listener> 
		<flow-ref doc:name="aml-exp-api_set-variables" doc:id="28d56006-1c26-4fae-9f08-686d2fe19e1a" name="aml-exp-api_set-variables"/>
		<apikit:router config-ref="aml-exp-api-config" />
        <error-handler ref="error-handler" />
    </flow>
    <flow name="aml-exp-api-console">
        <http:listener path="${global.properties.api.path.console}" config-ref="HTTP_Listener_config">
            <http:response statusCode="#[vars.httpStatus default 200]">
                <http:headers><![CDATA[#[vars.outboundHeaders default {}]]]></http:headers>
            </http:response>
            <http:error-response statusCode="#[vars.httpStatus default 500]">
                <http:body><![CDATA[#[payload]]]></http:body>
                <http:headers><![CDATA[#[vars.outboundHeaders default {}]]]></http:headers>
            </http:error-response>
        </http:listener>
        <apikit:console config-ref="aml-exp-api-config" />
        <error-handler ref="error-handler" />
    </flow>
<!-- [STUDIO:"get:\netrevealstatus\(PolicyNumber):aml-exp-api-config"]    <flow name="get:\netrevealstatus\(PolicyNumber):aml-exp-api-config">
        <ee:transform>
            <ee:variables>
                <ee:set-variable variableName="PolicyNumber">attributes.uriParams.'PolicyNumber'</ee:set-variable>
            </ee:variables>
        </ee:transform>
        <ee:transform>
            <ee:message>
                <ee:set-payload><![CDATA[%dw 2.0
output application/json
&#45;&#45;-
{
  ResponseCode: 200,
  ResponseStatus: "Success",
  CorrelationId: "30031d0a-a593-431a-4s67-f543hf2jj83a5",
  Timestamp: "2023-02-06T10:00:31.000Z",
  Data: {
    Proceed: "true"
  }
}]]></ee:set-payload>
            </ee:message>
        </ee:transform>
    </flow> [STUDIO] -->
    <flow name="post:\transactions\status:application\json:aml-exp-api-config">
        <ee:transform doc:name="Set Var - operationId, operationName" doc:id="e3cc2795-2ae5-4a67-92b6-90fb16197b0c">
            <ee:variables>
                <ee:set-variable variableName="operationName"><![CDATA[p('global.properties.mule.operations.post-transactions-status.name')]]></ee:set-variable>
                <ee:set-variable variableName="operationId"><![CDATA[p('global.properties.mule.operations.post-transactions-status.id')]]></ee:set-variable>
            </ee:variables>
        </ee:transform>
		<flow-ref doc:name="impl-transactions-status-main-subflow" doc:id="a4230860-0358-4d42-90ad-7fc39b64a8c3" name="impl-transactions-status-main-subflow"/>
    </flow>
    <flow name="post:\customers:application\json:aml-exp-api-config">
        <idempotent-message-validator doc:name="Idempotent Message Validator" doc:id="1a9566c9-6e38-4cc4-98e8-41522721f3b4" objectStore="Object_store" idExpression="#[payload.PolicyNumber]" valueExpression="#[payload.PolicyNumber]" />
		<ee:transform doc:name="Set Var - operationId, operationName" doc:id="e42bcc2c-508d-4a23-8619-27fa6cee7a94">
            <ee:variables>
                <ee:set-variable variableName="operationName"><![CDATA[p('global.properties.mule.operations.post-customers.name')]]></ee:set-variable>
                <ee:set-variable variableName="operationId"><![CDATA[p('global.properties.mule.operations.post-customers.id')]]></ee:set-variable>
            </ee:variables>
        </ee:transform>
        <flow-ref doc:name="impl-post-customers-main-subflow" doc:id="db8cc060-bffe-4b70-a1f7-b6751fda4064" name="impl-post-customers-main-subflow" />
    </flow>
	<sub-flow name="aml-exp-api_set-variables" doc:id="bac0b1fd-498e-4798-b3e1-b29b8c8a0107" >
		<set-variable value="#[attributes.headers['X-Correlation-Id']]" doc:name="correlationId" doc:id="74e0ca87-91fe-4e10-892f-1e1ff68b6583" variableName="correlationId"/>
	</sub-flow>
</mule>
