<?xml version="1.0" encoding="UTF-8"?>

<mule xmlns:ee="http://www.mulesoft.org/schema/mule/ee/core" xmlns="http://www.mulesoft.org/schema/mule/core"
	xmlns:doc="http://www.mulesoft.org/schema/mule/documentation"
	xmlns:xsi="http://www.w3.org/2001/XMLSchema-instance" xsi:schemaLocation="http://www.mulesoft.org/schema/mule/core http://www.mulesoft.org/schema/mule/core/current/mule.xsd
http://www.mulesoft.org/schema/mule/ee/core http://www.mulesoft.org/schema/mule/ee/core/current/mule-ee.xsd">
	<flow name="impl-payments-initiation-main-subflow" doc:id="53e48da7-99b6-48b1-bcdb-404202846a6c" >
		<logger level="INFO" doc:name="START - Payments Initiation" doc:id="c34d427f-eba0-4b21-a6b8-c58c16de2cb8" message="#[${file::dwl/logger/start-msg.dwl}]" />
		<flow-ref doc:name="impl-payments-initiation-create-transaction-subflow" doc:id="afe892a1-d797-4d12-a933-49872c9126bf" name="impl-payments-initiation-create-transaction-subflow"/>
		<flow-ref doc:name="impl-payments-initiation-get-enrollment-details-subflow" doc:id="cfbcd8d8-2aab-4637-b2a1-c28dcc139abf" name="impl-payments-initiation-get-enrollment-details-subflow"/>
		<flow-ref doc:name="impl-payments-initiation-get-table-entries-subflow" doc:id="daf4bad1-f877-4670-8291-7eccb82d8b49" name="impl-payments-initiation-get-table-entries-subflow" />
		<flow-ref doc:name="impl-payments-initiation-update-transaction-subflow" doc:id="ea5bf977-367c-4c19-a4f6-2de10fe4041d" name="impl-payments-initiation-update-transaction-subflow"/>
		<flow-ref doc:name="impl-payments-initiation-get-secure-hash-subflow" doc:id="783545bd-1b25-4117-a0a5-965854d3e6e9" name="impl-payments-initiation-get-secure-hash-subflow"/>
		<ee:transform doc:name="Set Payment Request Response" doc:id="96eb6c62-9750-46d6-90f5-b0e6f7691d11">
			<ee:message>
				<ee:set-payload><![CDATA[%dw 2.0
output application/json
---
{
    "amount": vars.transactionDetails.Amt as String { format: "0.00"},
    "orderRef": vars.transactionDetails.OrderRef,
    "payMethod": vars.transactionDetails.PayMethod,
    "payType": vars.transactionDetails.PayType,
    "cancelUrl": vars.assetDetails.CancelUrl,
    "failUrl": vars.assetDetails.FailUrl,
    "successUrl": vars.assetDetails.SuccessUrl,
    "currCode": vars.merchantDetails.CurrCode,
    "lang": p('pesopay.lang'),
    "mpsMode": p('pesopay.mpsMode'),
    "merchantId": vars.merchantDetails.MerchantId,
    "secureHash": vars.secureHash
}]]></ee:set-payload>
			</ee:message>
			<ee:variables >
				<ee:set-variable variableName="httpStatus" ><![CDATA[%dw 2.0
output application/java
---
200]]></ee:set-variable>
			</ee:variables>
		</ee:transform>
		<logger level="INFO" doc:name="END - Payments Initiation" doc:id="255e3f39-a95f-473e-811f-7869e58d1ab5" message="#[${file::dwl/logger/end-msg.dwl}]" />
		<error-handler ref="payment-initiation-error-handler" />
	</flow>
	<sub-flow name="impl-payments-initiation-create-transaction-subflow" doc:id="892ddfd6-ef58-4b9a-be0d-b83d9c108a4f" >
		<logger level="INFO" doc:name="START - Payments Initiation - Create Transaction" doc:id="c1f8cc7e-6477-433e-9fc6-f80287480fd9" message="#[${file::dwl/logger/start-msg.dwl}]" />
		<ee:transform doc:name="Set Request Payload, apiInfo - SELECT from Assets Table" doc:id="87f68994-0a08-4b82-9412-e71b07edbf8b" >
			<ee:message >
				<ee:set-payload ><![CDATA[%dw 2.0
output application/json
---
{}]]></ee:set-payload>

			</ee:message>
			<ee:variables >
				<ee:set-variable variableName="apiInfo" ><![CDATA[%dw 2.0
import p from Mule
output application/json
var orderBy = " ORDER BY Created DESC"
---
{
	queryParams: {
		"tableName": p('table.assets'),
		"whereClause": "Id='" ++ vars.reqPayload.assetId ++ "'" ++ orderBy
	}	
}]]></ee:set-variable>
			</ee:variables>
		
</ee:transform>
		<flow-ref doc:name="payments-db-sys-api-payments-select-query-subflow - assetDetails" doc:id="7f6d950f-887c-44a5-8e09-e06915d6c2de" name="payments-db-sys-api-payments-select-query-subflow" target="assetDetails" targetValue="#[payload.data[0]]"/>
		<choice doc:name="Is Asset Disabled 1) Not Disabled Default) Disabled" doc:id="e98439af-1a11-44c6-a47a-13224f47cbc8" >
			<when expression="#[isEmpty(vars.assetDetails)]">
				<raise-error doc:name="Asset Non Existent Error" doc:id="526e386b-7562-4245-b4ea-d332b7e7647f" type="ASSET:NONEXISTENT" description="Asset does not exist."/>
			
</when>
			<when expression="#[!isEmpty(vars.assetDetails) and vars.assetDetails.Disabled == null]">
				<set-variable value="#[%dw 2.0&#10;import replaceAll from dw::core::Strings&#10;output application/json&#10;---&#10;{&#10;	&quot;Id&quot;: upper(correlationId),&#10;	&quot;PayRef&quot;: 0,&#10;    &quot;Type&quot;: vars.reqPayload.'type',&#10;    &quot;Amt&quot;: vars.reqPayload.amount,&#10;    &quot;AssetId&quot;: vars.reqPayload.assetId,&#10;    &quot;PayMethod&quot;: vars.reqPayload.payMethod,&#10;    &quot;PayType&quot;: vars.reqPayload.payType,&#10;    &quot;OrderRef&quot;: replaceAll(vars.reqPayload.policyNumbers[0],&quot;-&quot;,&quot;&quot;) ++ now() as String {format:p('pesopay.dateFormat.orderRef')},&#10;    &quot;Remarks&quot;: vars.reqPayload.returnId,&#10;    &quot;Created&quot;: now(),&#10;    &quot;Currency&quot;: vars.reqPayload.currency&#10;}]" doc:name="Set transactionDetails" doc:id="f813e25d-e855-42da-8d27-fc7942ef6e8b" variableName="transactionDetails" mimeType="application/json"/>
				<ee:transform doc:name="Set Request Payload, apiInfo - INSERT INTO Transaction Table" doc:id="9503dd8c-bd29-44f3-ac10-5dd6470c7df6" >
					<ee:message >
						<ee:set-payload ><![CDATA[%dw 2.0
output application/json
---
{
    "tableName": p('table.transactions'),
    "data": vars.transactionDetails
}]]></ee:set-payload>
					</ee:message>
					<ee:variables >
						<ee:set-variable variableName="apiInfo" ><![CDATA[%dw 2.0
output application/json
---
{}]]></ee:set-variable>
					</ee:variables>
				</ee:transform>
				<flow-ref doc:name="payments-db-sys-api-payments-insert-into-query-subflow" doc:id="e37109ef-6716-4241-bfbb-e6ca098d376a" name="payments-db-sys-api-payments-insert-into-query-subflow"/>
			</when>
			<otherwise>
				<raise-error doc:name="Asset Unauthorized Error" doc:id="7ddaf5be-f751-42a6-9001-1d31489691cd" type="ASSET:UNAUTHORIZED" description="Asset is unauthorized." />
			</otherwise>
		</choice>
		<logger level="INFO" doc:name="END - Payments Initiation - Create Transaction" doc:id="9b72f78d-6d79-47ae-a5ee-fb8823a15af1" message="#[${file::dwl/logger/end-msg.dwl}]" />
	</sub-flow>
	<sub-flow name="impl-payments-initiation-get-enrollment-details-subflow" doc:id="ee6cbd84-a4d2-46f4-809d-ace0042bed89" >
		<logger level="INFO" doc:name="START - Payments Initiation - Get Enrollment Details" doc:id="a0e94690-d222-4e20-af11-e8d73fa72acd" message="#[${file::dwl/logger/start-msg.dwl}]" />
		<choice doc:name="Payment Type 1) Recurring 2) One-Time Default) Error" doc:id="a3c85fce-5ad9-467f-8118-dc0f73484e43">
			<when expression="#[!isEmpty(vars.reqPayload.'type') and vars.reqPayload.'type' as String == p('pesopay.paymentType.recurring')]">
				<set-variable value='#[%dw 2.0&#10;output application/json&#10;---&#10;{&#10;    "Id": uuid(),&#10;    "Created": now(),&#10;    "Expiration": now() + |P13M|,&#10;	"TransactionId": vars.transactionDetails.Id,&#10;	"InstallmentFirstPayAmt": 0,&#10;	"InstallmentPeriod": 0,&#10;	"MerchantId": 0,&#10;	"RLSRegistered": null,&#10;}]' doc:name="Set enrollmentDetails" doc:id="7b93027f-3ff8-4871-b05e-90ca070e7511" variableName="enrollmentDetails" />
				<ee:transform doc:name="Set Request Payload, apiInfo - INSERT INTO Enrollments Table" doc:id="32a05c57-6bcb-4ec0-8e7a-8040110501a5">
					<ee:message>
						<ee:set-payload><![CDATA[%dw 2.0
output application/json
---
{
    "tableName": p('table.enrollments'),
    "data": vars.enrollmentDetails
}]]></ee:set-payload>
					</ee:message>
					<ee:variables>
						<ee:set-variable variableName="apiInfo"><![CDATA[%dw 2.0
output application/json
---
{}]]></ee:set-variable>
					</ee:variables>
				</ee:transform>
				<flow-ref doc:name="payments-db-sys-api-payments-insert-into-query-subflow" doc:id="d3fe200b-ea6c-4d56-b876-64ab91a30abd" name="payments-db-sys-api-payments-insert-into-query-subflow" />
				<set-variable value='#[%dw 2.0&#10;import p from Mule&#10;output application/json&#10;---&#10;{&#10;	"Id": uuid(),&#10;    "EnrollmentId": vars.enrollmentDetails.Id,&#10;    "PolicyNumber": vars.reqPayload.policyNumbers[0],&#10;    "Created": now()&#10;}]' doc:name="Set enrolledPolicyDetails" doc:id="82dac2b9-298a-492f-a680-9b2b239b35b5" variableName="enrolledPolicyDetails" />
				<ee:transform doc:name="Set Request Payload, apiInfo - INSERT INTO Enrolled Policies Table" doc:id="1f60536d-83f0-4ac5-8351-68bd8ab33e42">
					<ee:message>
						<ee:set-payload><![CDATA[%dw 2.0
output application/json
---
{
    "tableName": p('table.enrolledPolicies'),
    "data": vars.enrolledPolicyDetails
}]]></ee:set-payload>
					</ee:message>
					<ee:variables>
						<ee:set-variable variableName="apiInfo"><![CDATA[%dw 2.0
output application/json
---
{}]]></ee:set-variable>
					</ee:variables>
				</ee:transform>
				<flow-ref doc:name="payments-db-sys-api-payments-insert-into-query-subflow" doc:id="5d18a799-41e9-4685-83b5-3b3664087a8b" name="payments-db-sys-api-payments-insert-into-query-subflow" />
			</when>
			<when expression="#[!isEmpty(vars.reqPayload.'type') and vars.reqPayload.'type' as String == p('pesopay.paymentType.onetime')]">
				<ee:transform doc:name="Set Request Payload, apiInfo - SELECT from Enrollments Table" doc:id="3f7b250e-d607-4023-9b0c-2ce4987ed752">
			<ee:message>
				<ee:set-payload><![CDATA[%dw 2.0
output application/json
---
{}]]></ee:set-payload>
			</ee:message>
			<ee:variables>
				<ee:set-variable variableName="apiInfo"><![CDATA[%dw 2.0
output application/json
var orderBy = " ORDER BY Created DESC"
---
{
	queryParams: {
		"tableName": p('table.enrollments'),
		"whereClause": "TransactionId='" ++ vars.transactionDetails.Id ++ "'" ++ orderBy
	}
}]]></ee:set-variable>
			</ee:variables>
		</ee:transform>
				<flow-ref doc:name="payments-db-sys-api-payments-select-query-subflow - enrollmentDetails" doc:id="16b00b75-834e-4f19-8d9d-d3ac5a011614" name="payments-db-sys-api-payments-select-query-subflow" targetValue="#[payload.data[0]]" target="enrollmentDetails" />

			</when>
			<otherwise>
				<raise-error doc:name="Raise Invalid Payment Type Error" doc:id="efbb2420-556c-47be-86b8-1abb15b94dea" type="PAYMENTTYPE:INVALID" description="Invalid Payment Type." />
			</otherwise>
		</choice>
		<logger level="INFO" doc:name="END - Payments Initiation - Get Enrollment Details" doc:id="c77b62a6-1839-4e68-81de-7f6a02e1bea4" message="#[${file::dwl/logger/end-msg.dwl}]" />
	</sub-flow>
	<sub-flow name="impl-payments-initiation-get-table-entries-subflow" doc:id="f0a53d01-4299-4d3b-8e74-35ec9eb8146d" >
		<logger level="INFO" doc:name="START - Payments Initiation - Get Table Entries" doc:id="427ae5dd-3ea3-4c2d-9d28-2e587e55e604" message="#[${file::dwl/logger/start-msg.dwl}]" />
		<ee:transform doc:name="Set Request Payload, apiInfo - SELECT from Payment Providers Table" doc:id="99677735-e911-4088-b3d0-245e70aa67ea" >
			<ee:message >
				<ee:set-payload ><![CDATA[%dw 2.0
output application/json
---
{}]]></ee:set-payload>
			</ee:message>
			<ee:variables >
				<ee:set-variable variableName="apiInfo" ><![CDATA[%dw 2.0
output application/json
var orderBy = " ORDER BY Created DESC"
---
{
	queryParams: {
		"tableName": p('table.paymentProviders'),
		"whereClause": "AssetId='" ++ vars.reqPayload.assetId ++ "'" ++ orderBy
	}	
}]]></ee:set-variable>
			</ee:variables>
		</ee:transform>
		<flow-ref doc:name="payments-db-sys-api-payments-select-query-subflow - paymentProviderDetails" doc:id="65448d7e-dc50-45f0-a74a-6e98114da39f" name="payments-db-sys-api-payments-select-query-subflow" targetValue="#[payload.data[0]]" target="paymentProviderDetails"/>
		<ee:transform doc:name="Set Request Payload, apiInfo - SELECT from Merchants Table" doc:id="3b7d13e6-81b4-4764-b236-e99ce1679618" >
			<ee:message >
				<ee:set-payload ><![CDATA[%dw 2.0
output application/json
---
{}]]></ee:set-payload>
			</ee:message>
			<ee:variables >
				<ee:set-variable variableName="apiInfo" ><![CDATA[%dw 2.0
output application/json
var orderBy = " ORDER BY Created DESC"
---
{
	queryParams: {
		"tableName": p('table.merchants'),
		"whereClause": "Id='" ++ vars.paymentProviderDetails.MerchantId ++ "'" ++ orderBy
	}	
}]]></ee:set-variable>
			</ee:variables>
		</ee:transform>
		<flow-ref doc:name="payments-db-sys-api-payments-select-query-subflow - merchantDetails" doc:id="392f1558-c248-41d3-8c9f-151f61b13048" name="payments-db-sys-api-payments-select-query-subflow" targetValue="#[payload.data[0]]" target="merchantDetails"/>
		<ee:transform doc:name="TEMP - Set Request Payload, apiInfo - SELECT from Assets Table" doc:id="b1122f0c-bbe7-454a-acdf-40d844e7d4f4">
			<ee:message>
				<ee:set-payload><![CDATA[%dw 2.0
output application/json
---
{}]]></ee:set-payload>
			</ee:message>
			<ee:variables>
				<ee:set-variable variableName="apiInfo"><![CDATA[%dw 2.0
output application/json
var orderBy = " ORDER BY Created DESC"
---
{
	queryParams: {
		"tableName": p('table.assets'),
		"whereClause": "Id='" ++ vars.merchantDetails.ProviderAssetId ++ "'" ++ orderBy
	}	
}]]></ee:set-variable>
			</ee:variables>
		</ee:transform>
		<flow-ref doc:name="payments-db-sys-api-payments-select-query-subflow - assetDetails" doc:id="9e8b48b1-0170-44f1-a30c-1f0dc72633e9" name="payments-db-sys-api-payments-select-query-subflow" target="assetDetails" targetValue="#[payload.data[0]]" />
		<logger level="INFO" doc:name="END - Payments Initiation - Get Table Entries" doc:id="519aedd4-3483-4f12-8f00-563f5c8ca9c5" message="#[${file::dwl/logger/end-msg.dwl}]" />
	</sub-flow>
	<sub-flow name="impl-payments-initiation-update-transaction-subflow" doc:id="99df71c0-9e3d-41d2-be81-235b9f68de48" >
		<logger level="INFO" doc:name="START - Payments Initiation - Update Transaction" doc:id="95dc902d-04f6-4334-a754-ba5c64f158c1" message="#[${file::dwl/logger/start-msg.dwl}]" />
		<set-variable value='#[%dw 2.0&#10;output application/json&#10;---&#10;vars.transactionDetails ++ {&#10;    "MerchantId": vars.MerchantDetails.Id,&#10;    "Updated": now()&#10;}]' doc:name="Set transactionDetails" doc:id="be62f2a9-2f39-454a-8711-0f0918a46f6a" variableName="transactionDetails" mimeType="application/json" />
		<ee:transform doc:name="Set Request Payload, apiInfo - UPDATE Transaction Table" doc:id="284a52be-4652-4961-990c-f513439d068c" >
			<ee:message >
				<ee:set-payload ><![CDATA[%dw 2.0
output application/json
---
{
    "tableName": p('table.transactions'),
    "whereCondition": {
      "Id": vars.transactionDetails.Id
    },
    "data": {
        "MerchantId": vars.transactionDetails.MerchantId,
        "Updated": vars.transactionDetails.Updated
    }
}]]></ee:set-payload>
			</ee:message>
			<ee:variables >
				<ee:set-variable variableName="apiInfo" ><![CDATA[%dw 2.0
output application/json
---
{}]]></ee:set-variable>
			</ee:variables>
		</ee:transform>
		<flow-ref doc:name="payments-db-sys-api-payments-update-query-subflow" doc:id="bb27d502-79ed-4e04-8c4c-d94e55f78a2c" name="payments-db-sys-api-payments-update-query-subflow"/>
		<logger level="INFO" doc:name="END - Payments Initiation - Update Transaction" doc:id="a308b541-2e6b-433a-9cc6-f9545c42952a" message="#[${file::dwl/logger/end-msg.dwl}]" />
	</sub-flow>
	<sub-flow name="impl-payments-initiation-get-secure-hash-subflow" doc:id="2ea45aac-7ff3-4698-9e1c-1d9c5524f056" >
		<logger level="INFO" doc:name="START - Payments Initiation - Secure Hash" doc:id="80aca444-5f7e-47ba-8877-0b6b11e3a15d" message="#[${file::dwl/logger/start-msg.dwl}]" />
		<ee:transform doc:name="Set secureHash" doc:id="379038aa-6b1c-4418-a4e8-622a62cca8ae" >
			<ee:message >
			</ee:message>
			<ee:variables >
				<ee:set-variable variableName="secureHash" ><![CDATA[%dw 2.0
import dw::Crypto
output application/json

var signingData = vars.merchantDetails.MerchantId ++ "|" ++ vars.transactionDetails.OrderRef ++ "|" ++ 
					vars.merchantDetails.CurrCode ++ "|" ++ vars.transactionDetails.Amt as String { format: "0.00"} ++ "|" ++ 
					vars.transactionDetails.PayType ++ "|" ++ vars.merchantDetails.SecureHashSecret
---
Crypto::SHA1( signingData as Binary)]]></ee:set-variable>
			</ee:variables>
		</ee:transform>
		<logger level="INFO" doc:name="END - Payments Initiation - Secure Hash" doc:id="d281ad0d-0209-4380-953e-56529c89d68d" message="#[${file::dwl/logger/end-msg.dwl}]" />
	</sub-flow>
</mule>
