<?xml version="1.0" encoding="UTF-8"?>

<mule xmlns:tls="http://www.mulesoft.org/schema/mule/tls" xmlns:http="http://www.mulesoft.org/schema/mule/http"
	xmlns="http://www.mulesoft.org/schema/mule/core"
	xmlns:doc="http://www.mulesoft.org/schema/mule/documentation" xmlns:xsi="http://www.w3.org/2001/XMLSchema-instance" xsi:schemaLocation="http://www.mulesoft.org/schema/mule/core http://www.mulesoft.org/schema/mule/core/current/mule.xsd
http://www.mulesoft.org/schema/mule/http http://www.mulesoft.org/schema/mule/http/current/mule-http.xsd
http://www.mulesoft.org/schema/mule/tls http://www.mulesoft.org/schema/mule/tls/current/mule-tls.xsd">
	
	<sub-flow name="aml-sql-sys-api-get-transactions" doc:id="ed2c7229-563d-4615-bc25-b489a54ad9c2" >
		<logger level="INFO" doc:name="START aml-sql-sys-api-get-transactions" doc:id="2c170759-e7e9-4ae4-ad1e-6e136b34e36f" message="#[ &quot;transactionId:&quot; ++ correlationId ++ ('global.properties.api.id') ++ &quot;.&quot; ++ p('global.properties.api.appName') ++ &quot;.&quot; ++ p('global.properties.mule.operations.amlsql.id') ++ &quot;.&quot; ++ p('global.properties.mule.operations.amlsql.name') ++ &quot;.&quot; ++ &quot;aml-sql-sys-api-get-transactions&quot; ++ &quot;.Start--&quot;] ++ #[payload]"/>
	
		<http:request method="GET" doc:name="aml-sql-sys-api" doc:id="3890ca20-8bc0-4404-b6b8-e4a24e7b2e62" config-ref="HTTP_Request_configuration" path="#[vars.path]">
			<http:headers ><![CDATA[#[output application/java
---
{
	"Client-Id" : p('system.aml-sql-sys-api.client-id'),
	"Client-Secret" : p('system.aml-sql-sys-api.client-secret'),
	"X-Correlation-Id" : correlationId
}]]]></http:headers>
			<http:query-params ><![CDATA[#[output application/java
			
---
{
	"hours" : vars.amlhour
}]]]></http:query-params>
		
</http:request>
	<logger level="INFO" doc:name="END  aml-sql-sys-api-get-transactions" doc:id="1a16a250-c999-4cd6-b4b3-78ff1452a468" message="#[&quot;transactionId:&quot; ++ correlationId ++ p('global.properties.api.id') ++ &quot;.&quot; ++ p('global.properties.api.appName') ++ &quot;.&quot; ++ p('global.properties.mule.operations.amlsql.id') ++ &quot;.&quot; ++ p('global.properties.mule.operations.amlsql.name') ++ &quot;.&quot; ++ &quot;aml-sql-sys-api-get-transactions&quot; ++ &quot;.End--&quot;]  ++ #[payload]"/>

	</sub-flow>
	
	
	<sub-flow name="aml-sql-sys-api-get-emailtemplate" doc:id="01f9675c-2dba-4a7c-b251-f05ed1e21ab2" >
		<logger level="INFO" doc:name="START aml-sql-sys-api" doc:id="4354ff14-9426-4b38-bc0d-2d027d03d4d5" message="#[ &quot;transactionId:&quot; ++ correlationId ++ ('global.properties.api.id') ++ &quot;.&quot; ++ p('global.properties.api.appName') ++ &quot;.&quot; ++ p('global.properties.mule.operations.amlsql.id') ++ &quot;.&quot; ++ p('global.properties.mule.operations.amlsql.name') ++ &quot;.&quot; ++ &quot;aml-sql-sys-api-get-emailtemplate&quot; ++ &quot;.Start--&quot;] ++ #[payload]"/>
	
		<http:request method="GET" doc:name="aml-sql-sys-api" doc:id="ff89406a-fd0e-4108-b4a2-575a396a6803" config-ref="HTTP_Request_configuration" path="#[vars.templatepath]">
			<http:headers ><![CDATA[#[output application/java
---
{
	"Client-Id" : p('system.aml-sql-sys-api.client-id'),
	"Client-Secret" : p('system.aml-sql-sys-api.client-secret'),
	"X-Correlation-Id" : correlationId
}]]]></http:headers>
		
</http:request>
	<logger level="INFO" doc:name="END  aml-sql-sys-api" doc:id="abe469ac-9865-4654-896c-d9f13ae1f8b7" message="#[&quot;transactionId:&quot; ++ correlationId ++ p('global.properties.api.id') ++ &quot;.&quot; ++ p('global.properties.api.appName') ++ &quot;.&quot; ++ p('global.properties.mule.operations.amlsql.id') ++ &quot;.&quot; ++ p('global.properties.mule.operations.amlsql.name') ++ &quot;.&quot; ++ &quot;aml-sql-sys-api-get-emailtemplate&quot; ++ &quot;.End--&quot;]  ++ #[payload]"/>

	</sub-flow>
	
	
	
	<sub-flow name="aml-sql-sys-api-patch-transactions" doc:id="4808c669-b42a-488e-9680-751b268a39b8" >
		<logger level="INFO" doc:name="START aml-sql-sys-api" doc:id="ea05fb9e-010e-4bf4-af60-ffac42eb6251" message="#[ &quot;transactionId:&quot; ++ correlationId ++ ('global.properties.api.id') ++ &quot;.&quot; ++ p('global.properties.api.appName') ++ &quot;.&quot; ++ p('global.properties.mule.operations.amlsql.id') ++ &quot;.&quot; ++ p('global.properties.mule.operations.amlsql.name') ++ &quot;.&quot; ++ &quot;aml-sql-sys-api-patch-transactions&quot; ++ &quot;.Start--&quot;] ++ #[payload]"/>
	
		<http:request method="PATCH" doc:name="aml-sql-sys-api" doc:id="96259fb7-62a4-4b6a-89b5-80e880b827e4" config-ref="HTTP_Request_configuration" path="#[vars.path]">
			<http:headers ><![CDATA[#[output application/java
---
{
	"Client-Id" : p('system.aml-sql-sys-api.client-id'),
	"Client-Secret" : p('system.aml-sql-sys-api.client-secret'),
	"X-Correlation-Id" : correlationId
}]]]></http:headers>
		
</http:request>
	<logger level="INFO" doc:name="END  aml-sql-sys-api" doc:id="5b355f43-3b9f-4dde-854d-4dd5060e8722" message="#[&quot;transactionId:&quot; ++ correlationId ++ p('global.properties.api.id') ++ &quot;.&quot; ++ p('global.properties.api.appName') ++ &quot;.&quot; ++ p('global.properties.mule.operations.amlsql.id') ++ &quot;.&quot; ++ p('global.properties.mule.operations.amlsql.name') ++ &quot;.&quot; ++ &quot;aml-sql-sys-api-patch-transactions&quot; ++ &quot;.End--&quot;]  ++ #[payload]"/>

	</sub-flow>
	
	<sub-flow name="aml-sql-sys-api-patch-distribution" doc:id="278687d4-657e-4600-a9ab-06a0fd2b1b23" >
		<logger level="INFO" doc:name="START aml-sql-sys-api-patch-distribution" doc:id="9e64e6eb-1978-4c72-b31c-fb8b08ec47fc" message="#[ &quot;transactionId:&quot; ++ correlationId ++ ('global.properties.api.id') ++ &quot;.&quot; ++ p('global.properties.api.appName') ++ &quot;.&quot; ++ p('global.properties.mule.operations.amlsql.id') ++ &quot;.&quot; ++ p('global.properties.mule.operations.amlsql.name') ++ &quot;.&quot; ++ &quot;aml-sql-sys-api-patch-distribution&quot; ++ &quot;.Start--&quot;] ++ #[payload]"/>
	
		<http:request method="PATCH" doc:name="aml-sql-sys-api" doc:id="c453f7e9-6210-4295-ad36-3f2c1d07aa1e" config-ref="HTTP_Request_configuration" path="#[vars.path]">
			<http:headers ><![CDATA[#[output application/java
---
{
	"Client-Id" : p('system.aml-sql-sys-api.client-id'),
	"Client-Secret" : p('system.aml-sql-sys-api.client-secret'),
	"X-Correlation-Id" : correlationId
}]]]></http:headers>
		
</http:request>
	<logger level="INFO" doc:name="END aml-sql-sys-api-patch-distribution" doc:id="858e9941-c612-41c2-925d-8557ab186b5b" message="#[&quot;transactionId:&quot; ++ correlationId ++ p('global.properties.api.id') ++ &quot;.&quot; ++ p('global.properties.api.appName') ++ &quot;.&quot; ++ p('global.properties.mule.operations.amlsql.id') ++ &quot;.&quot; ++ p('global.properties.mule.operations.amlsql.name') ++ &quot;.&quot; ++ &quot;aml-sql-sys-api-patch-distribution&quot; ++ &quot;.End--&quot;]  ++ #[payload]"/>

	</sub-flow>
	
	<sub-flow name="aml-sql-sys-api-get-transactions_bynetrevealid" doc:id="418b25ec-f0b5-4c76-ac21-ac1ec26d9a5a" >
		<logger level="INFO" doc:name="START aml-sql-sys-api-get-transactions_bynetrevealid" doc:id="614087a7-09ef-4583-87e6-6098344ae7c7" message="#[ &quot;transactionId:&quot; ++ correlationId ++ ('global.properties.api.id') ++ &quot;.&quot; ++ p('global.properties.api.appName') ++ &quot;.&quot; ++ p('global.properties.mule.operations.amlsql.id') ++ &quot;.&quot; ++ p('global.properties.mule.operations.amlsql.name') ++ &quot;.&quot; ++ &quot;aml-sql-sys-api-get-transactions_bynetrevealid&quot; ++ &quot;.Start--&quot;] ++ #[payload]"/>
	
		<http:request method="GET" doc:name="aml-sql-sys-api" doc:id="acf03c6e-591c-4829-a9c7-a1ecb2ea8e75" config-ref="HTTP_Request_configuration" path="#[vars.path]">
			<http:headers ><![CDATA[#[output application/java
---
{
	"Client-Id" : p('system.aml-sql-sys-api.client-id'),
	"Client-Secret" : p('system.aml-sql-sys-api.client-secret'),
	"X-Correlation-Id" : correlationId
}]]]></http:headers>
		

</http:request>
	<logger level="INFO" doc:name="END  aml-sql-sys-api-get-transactions_bynetrevealid" doc:id="7e79cb95-a0fa-45e3-ab52-21c15dcce91d" message="#[&quot;transactionId:&quot; ++ correlationId ++ p('global.properties.api.id') ++ &quot;.&quot; ++ p('global.properties.api.appName') ++ &quot;.&quot; ++ p('global.properties.mule.operations.amlsql.id') ++ &quot;.&quot; ++ p('global.properties.mule.operations.amlsql.name') ++ &quot;.&quot; ++ &quot;aml-sql-sys-api-get-transactions_bynetrevealid&quot; ++ &quot;.End--&quot;]  ++ #[payload]"/>

	</sub-flow>
	
</mule>
