<?xml version="1.0" encoding="UTF-8"?>

<mule xmlns:http="http://www.mulesoft.org/schema/mule/http" xmlns="http://www.mulesoft.org/schema/mule/core"
	xmlns:doc="http://www.mulesoft.org/schema/mule/documentation"
	xmlns:xsi="http://www.w3.org/2001/XMLSchema-instance" xsi:schemaLocation="http://www.mulesoft.org/schema/mule/core http://www.mulesoft.org/schema/mule/core/current/mule.xsd
http://www.mulesoft.org/schema/mule/http http://www.mulesoft.org/schema/mule/http/current/mule-http.xsd">
	
	<sub-flow name="archive-records-sys-api-get-files-subflow" doc:id="084b9ee7-2d11-42e8-99a7-3242d3752b2e" >
		<logger level="INFO" doc:name="START archive-records-sys-api-get-files-subflow" doc:id="ece2392e-7560-4f88-ad14-37bc8092e1ac" message="#[p('global.properties.api.id') ++ &quot;.&quot; ++ p('global.properties.api.appName') ++ &quot;archive-records-sys-api-get-files-subflow&quot; ++ &quot;.Start--&quot;] ++ #[payload]"/>
		<http:request method="GET" doc:name="archive-records-sys-api GET /files" doc:id="176a9d9c-4066-409f-af00-c314cb4985c2" config-ref="HTTP_Request_configuration" path="${system.archive-records-sys-api.requesturl}">
			<http:headers ><![CDATA[#[output application/java
---
{
	"Consumer" : p('system.archive-records-sys-api.consumer'),
	"Client-Id" : p('system.archive-records-sys-api.client-id'),
	"Client-Secret" : p('system.archive-records-sys-api.client-secret'),
	"X-Correlation-Id" : correlationId
}]]]></http:headers>
			<http:query-params ><![CDATA[#[vars.queryParam]]]></http:query-params>
		</http:request>
		<logger level="INFO" doc:name="END archive-records-sys-api-get-files-subflow" doc:id="21a415e9-84c9-4da8-9c2e-6a7055115715" message="#[p('global.properties.api.id') ++ &quot;.&quot; ++ p('global.properties.api.appName') ++ &quot;archive-records-sys-api-get-files-subflow&quot; ++ &quot;.End--&quot;] ++ #[payload]"/>
	</sub-flow>
	<sub-flow name="archive-records-sys-api-archive-files-subflow" doc:id="de1e6b6a-e6bd-42f1-9007-32f9b91644be" >
		<logger level="INFO" doc:name="START archive-records-sys-api-archive-files-subflow" doc:id="5b22bed2-0fbd-483f-b9e8-087af14d2dc1" message="#[p('global.properties.api.id') ++ &quot;.&quot; ++ p('global.properties.api.appName') ++ &quot;archive-records-sys-api-archive-files-subflow&quot; ++ &quot;.Start--&quot;] ++ #[payload]"/>
		<http:request method="PUT" doc:name="archive-records-sys-api PUT /files/archive" doc:id="1df155ea-3717-490e-a4ce-e9073e0b45b5" path="${system.archive-records-sys-api.requesturl}/archive" config-ref="HTTP_Request_configuration">
			<http:headers ><![CDATA[#[vars.archiveFilesHeaders]]]></http:headers>
		</http:request>
		<logger level="INFO" doc:name="END archive-records-sys-api-archive-files-subflow" doc:id="cb90c743-a9e6-4e8f-b59a-eb895c2845c5" message="#[p('global.properties.api.id') ++ &quot;.&quot; ++ p('global.properties.api.appName') ++ &quot;archive-records-sys-api-archive-files-subflow&quot; ++ &quot;.End--&quot;] ++ #[payload]"/>
	</sub-flow>
</mule>
