<?xml version="1.0" encoding="UTF-8"?>

<mule xmlns:http="http://www.mulesoft.org/schema/mule/http" xmlns="http://www.mulesoft.org/schema/mule/core"
	xmlns:doc="http://www.mulesoft.org/schema/mule/documentation"
	xmlns:xsi="http://www.w3.org/2001/XMLSchema-instance" xsi:schemaLocation="http://www.mulesoft.org/schema/mule/core http://www.mulesoft.org/schema/mule/core/current/mule.xsd
http://www.mulesoft.org/schema/mule/http http://www.mulesoft.org/schema/mule/http/current/mule-http.xsd">

	
	<sub-flow name="messaging-sys-api" doc:id="c5623553-bea2-4c9f-ab30-c9d7c911cde0" >
		<logger level="INFO" doc:name="START messagin-sys-api_email" doc:id="fdbb7e26-9cee-46ae-b060-f2d503b032f7" message="#[&quot;transactionId:&quot; ++ correlationId ++ p('global.properties.api.id') ++ &quot;.&quot; ++ p('global.properties.api.appName') ++ &quot;.&quot; ++ p('global.properties.mule.operations.email.id') ++ &quot;.&quot; ++ p('global.properties.mule.operations.email.name') ++ &quot;.&quot; ++ &quot;messagin-sys-api_email&quot; ++ &quot;.Start--&quot;] ++ #[payload]"/>
	
		<http:request method="POST" doc:name="messaging-sys-api_email" doc:id="2b4ed7cd-4dee-4d65-8e3b-1de073152280" config-ref="HTTP_Request_configuration" path="#[vars.postmsgpath]">
			<http:headers ><![CDATA[#[output application/java
---
{
	"Client-Id" : p('system.messaging-sys-api.client-id'),
	"Client-Secret" : p('system.messaging-sys-api.client-secret'),
	"X-Correlation-Id" : correlationId
}]]]></http:headers>
		
</http:request>
	<logger level="INFO" doc:name="END  messagin-sys-api_email" doc:id="f792f57c-54e8-4e3d-a090-03d999f7a4dd" message="#[&quot;transactionId:&quot; ++ correlationId ++ p('global.properties.api.id') ++ &quot;.&quot; ++ p('global.properties.api.appName') ++ &quot;.&quot; ++ p('global.properties.mule.operations.email.id') ++ &quot;.&quot; ++ p('global.properties.mule.operations.email.name') ++ &quot;.&quot; ++ &quot;messagin-sys-api_email&quot; ++ &quot;.End--&quot;]  ++ #[payload]"/>

	</sub-flow>
</mule>
