<?xml version="1.0" encoding="UTF-8"?>

<mule xmlns:http="http://www.mulesoft.org/schema/mule/http"
	xmlns="http://www.mulesoft.org/schema/mule/core" xmlns:doc="http://www.mulesoft.org/schema/mule/documentation"
	xmlns:xsi="http://www.w3.org/2001/XMLSchema-instance"
	xsi:schemaLocation="
http://www.mulesoft.org/schema/mule/http http://www.mulesoft.org/schema/mule/http/current/mule-http.xsd http://www.mulesoft.org/schema/mule/core http://www.mulesoft.org/schema/mule/core/current/mule.xsd">
	
	
	<sub-flow name="netreveal-sys-api" doc:id="51b5daa2-7ad1-4de1-877b-0483e259dce7" >
		<logger level="INFO" doc:name="START netreveal-sys-api" doc:id="d15f9b79-b82a-4de3-8bab-d064a66619cb" message="#[&quot;transactionId:&quot; ++ correlationId ++ p('global.properties.api.id') ++ &quot;.&quot; ++ p('global.properties.api.appName') ++ &quot;.&quot; ++ p('global.properties.mule.operations.email.id') ++ &quot;.&quot; ++ p('global.properties.mule.operations.email.name') ++ &quot;.&quot; ++ &quot;netreveal-sys-api&quot; ++ &quot;.Start--&quot;] ++ #[payload]"/>
	
		<http:request method="POST" doc:name="netreveal-sys-api_email" doc:id="d206da61-a01b-42f9-9bc3-6ff550dbf830" config-ref="HTTP_Request_configuration" path="#[vars.path]">
			<http:body ><![CDATA[#[vars.alertstatus]]]></http:body>
			<http:headers ><![CDATA[#[output application/java
---
{
	"Client-Id" : p('system.netreveal-sys-api.client-id'),
	"Client-Secret" : p('system.netreveal-sys-api.client-secret'),
	"X-Correlation-Id" : correlationId
}]]]></http:headers>
		
</http:request>
	<logger level="INFO" doc:name="END  netreveal-sys-api" doc:id="9967c50f-16c8-4269-a7d3-dd0e3392f6c4" message="#[&quot;transactionId:&quot; ++ correlationId ++ p('global.properties.api.id') ++ &quot;.&quot; ++ p('global.properties.api.appName') ++ &quot;.&quot; ++ p('global.properties.mule.operations.email.id') ++ &quot;.&quot; ++ p('global.properties.mule.operations.email.name') ++ &quot;.&quot; ++ &quot;netreveal-sys-api&quot; ++ &quot;.End--&quot;]  ++ #[payload]"/>

	</sub-flow>
	
	
	
	</mule>
