<?xml version="1.0" encoding="UTF-8"?>

<mule xmlns:tls="http://www.mulesoft.org/schema/mule/tls" xmlns:http="http://www.mulesoft.org/schema/mule/http"
	xmlns:db="http://www.mulesoft.org/schema/mule/db"
	xmlns="http://www.mulesoft.org/schema/mule/core" xmlns:doc="http://www.mulesoft.org/schema/mule/documentation" xmlns:xsi="http://www.w3.org/2001/XMLSchema-instance" xsi:schemaLocation="http://www.mulesoft.org/schema/mule/core http://www.mulesoft.org/schema/mule/core/current/mule.xsd
http://www.mulesoft.org/schema/mule/db http://www.mulesoft.org/schema/mule/db/current/mule-db.xsd
http://www.mulesoft.org/schema/mule/http http://www.mulesoft.org/schema/mule/http/current/mule-http.xsd
http://www.mulesoft.org/schema/mule/tls http://www.mulesoft.org/schema/mule/tls/current/mule-tls.xsd">
	
	<http:request-config name="HTTP_Request_Payments-configuration" doc:name="HTTP Request configuration" doc:id="99f52305-c559-4d2e-803d-c144b6916d07" >
		<http:request-connection protocol="HTTPS" host="${system.host}" >
			<tls:context >
				<tls:trust-store insecure="true" />
			</tls:context>
		</http:request-connection>
	</http:request-config>
	<sub-flow name="ipf-database-select-extract" doc:id="85f49e1f-76b1-42a9-8d6f-f794b5b89bd5" >
			<logger level="INFO" doc:name="BEFORE REQUEST - GET payments-db-sys-api/v1/incomepayingfund" doc:id="670a71f0-0eb9-4b06-80dc-78339a0a4341" message="#[${file::dwl/logger/before-req-msg.dwl}]" />
		<http:request method="GET" doc:name="GET payments-db-sys-api/v1/incomepayingfund" doc:id="b1cd47e0-1bb2-4162-998a-47362ffcc333" config-ref="HTTP_Request_Payments-configuration" path="${system.extractpath}">
			<http:headers ><![CDATA[#[output application/java
---
{
	"Client-Id" : p('system.client-id'),
	"Client-Secret" : p('secure::system.client-secret'),
	"X-Correlation-Id" : correlationId
}]]]></http:headers>
			<http:uri-params ><![CDATA[#[output application/java
---
{
	"policynumber" : vars.policynumber
}]]]></http:uri-params>
		</http:request>
		<logger level="INFO" doc:name="AFTER REQUEST - GET payments-db-sys-api/v1/incomepayingfund" doc:id="bf0282e8-1b49-4168-9a90-03666a827ee5" message="#[${file::dwl/logger/after-req-msg.dwl}]" />
		
	</sub-flow>
	
	<sub-flow name="ipf-database-select-batch-details" doc:id="dc406c20-ba65-4a63-92db-c806d055a6ec" >
			<logger level="INFO" doc:name="BEFORE REQUEST - GET incomepayingfund/batch" doc:id="15c039a2-2f2f-481f-ab85-5f977e33eb10" message="#[${file::dwl/logger/before-req-msg.dwl}]" />
		<http:request method="GET" doc:name="GET incomepayingfund/batch" doc:id="943b5c46-2f0d-4cda-8ef7-57ca12ed4311" config-ref="HTTP_Request_Payments-configuration" path="${system.detailbybatchpath}">
			<http:headers ><![CDATA[#[output application/java
---
{
	"Client-Id" : p('system.client-id'),
	"Client-Secret" : p('secure::system.client-secret'),
	"X-Correlation-Id" : correlationId
}]]]></http:headers>
			<http:query-params ><![CDATA[#[output application/java
---
{
	"enddate" : vars.enddate,
	"startdate" : vars.startdate
}]]]></http:query-params>
		</http:request>
		<logger level="INFO" doc:name="AFTER REQUEST - GET incomepayingfund/batch" doc:id="b0bea56e-6987-4a1d-a2e4-2802096be6b7" message="#[${file::dwl/logger/after-req-msg.dwl}]" />
		
	</sub-flow>
	
	
	<sub-flow name="ipf-database-select-details-bypolicynumber" doc:id="03648dc8-a1e5-4e0f-9637-8ead25e20b49" >
			<logger level="INFO" doc:name="BEFORE REQUEST - GET payments-db-sys-api/v1/incomepayingfund/batch/" doc:id="93a1f480-49f8-401c-82ac-611ba3797f1e" message="#[${file::dwl/logger/before-req-msg.dwl}]" />
		<http:request method="GET" doc:name=" GET payments-db-sys-api/v1/incomepayingfund/batch/" doc:id="981c7415-a9c9-4e9c-8825-b6a26e7185d3" config-ref="HTTP_Request_Payments-configuration" path="${system.detailpath}">
			<http:headers ><![CDATA[#[output application/java
---
{
	"Client-Id" : p('system.client-id'),
	"Client-Secret" : p('secure::system.client-secret'),
	"X-Correlation-Id" : correlationId
}]]]></http:headers>
			<http:uri-params ><![CDATA[#[output application/java
---
{
	"policynumber" :  vars.policynumber
}]]]></http:uri-params>
		</http:request>
		<logger level="INFO" doc:name="AFTER REQUEST  - GET payments-db-sys-api/v1/incomepayingfund/batch/" doc:id="abbb4eac-6dfc-49bc-a1ba-95c1f2b34013" message="#[${file::dwl/logger/after-req-msg.dwl}]" />
		
	</sub-flow>
	
	
</mule>
