<?xml version='1.0' encoding='UTF-8'?>
<types:mule xmlns:types="http://www.mulesoft.org/schema/mule/types">
  <types:catalog>
    <types:type name="auto_bb4333ff-ffe2-409e-a525-b4ba7eba862c_Input-Payload" format="java">
      <types:shape format="weave" example="weave/autogenerated/bb4333ff-ffe2-409e-a525-b4ba7eba862c/Input-Payload.wev" autogeneratedOrigin="9f19b227-802a-453b-96fc-0e466a9ca208"><![CDATA[%dw 2.0

type auto_bb4333ff_ffe2_409e_a525_b4ba7eba862c_Input_Payload = Any

]]></types:shape>
    </types:type>
    <types:type name="auto_bb4333ff-ffe2-409e-a525-b4ba7eba862c_Input-Attributes" format="java">
      <types:shape format="weave" example="weave/autogenerated/bb4333ff-ffe2-409e-a525-b4ba7eba862c/Input-Attributes.wev" autogeneratedOrigin="9f19b227-802a-453b-96fc-0e466a9ca208"><![CDATA[%dw 2.0

type auto_bb4333ff_ffe2_409e_a525_b4ba7eba862c_Input_Attributes = {|
  statusCode: Number, 
  reasonPhrase: String, 
  headers: { _?: String }
|} {"typeAlias": "HttpResponseAttributes",
"typeId": "org.mule.extension.http.api.HttpResponseAttributes"}

]]></types:shape>
    </types:type>
    <types:type name="auto_bb4333ff-ffe2-409e-a525-b4ba7eba862c_Output-Payload" format="java">
      <types:shape format="weave" example="weave/autogenerated/bb4333ff-ffe2-409e-a525-b4ba7eba862c/Output-Payload.wev" autogeneratedOrigin="9f19b227-802a-453b-96fc-0e466a9ca208"><![CDATA[%dw 2.0

type auto_bb4333ff_ffe2_409e_a525_b4ba7eba862c_Output_Payload = Any

]]></types:shape>
    </types:type>
    <types:type name="auto_bb4333ff-ffe2-409e-a525-b4ba7eba862c_Output-Attributes" format="java">
      <types:shape format="weave" example="weave/autogenerated/bb4333ff-ffe2-409e-a525-b4ba7eba862c/Output-Attributes.wev" autogeneratedOrigin="9f19b227-802a-453b-96fc-0e466a9ca208"><![CDATA[%dw 2.0

type auto_bb4333ff_ffe2_409e_a525_b4ba7eba862c_Output_Attributes = {|
  statusCode: Number, 
  reasonPhrase: String, 
  headers: { _?: String }
|} {"typeAlias": "HttpResponseAttributes",
"typeId": "org.mule.extension.http.api.HttpResponseAttributes"}

]]></types:shape>
    </types:type>
    <types:type name="auto_d4d1ea53-7647-456e-a3ec-fdf596ebf1d2_Input-Payload" format="java">
      <types:shape format="weave" example="weave/autogenerated/d4d1ea53-7647-456e-a3ec-fdf596ebf1d2/Input-Payload.wev" autogeneratedOrigin="cf1cf6be-7878-42c9-b7df-5b1741a66b88"><![CDATA[%dw 2.0

type auto_d4d1ea53_7647_456e_a3ec_fdf596ebf1d2_Input_Payload = Any

]]></types:shape>
    </types:type>
    <types:type name="auto_d4d1ea53-7647-456e-a3ec-fdf596ebf1d2_Input-Attributes" format="java">
      <types:shape format="weave" example="weave/autogenerated/d4d1ea53-7647-456e-a3ec-fdf596ebf1d2/Input-Attributes.wev" autogeneratedOrigin="cf1cf6be-7878-42c9-b7df-5b1741a66b88"><![CDATA[%dw 2.0

type auto_d4d1ea53_7647_456e_a3ec_fdf596ebf1d2_Input_Attributes = {|
  statusCode: Number, 
  reasonPhrase: String, 
  headers: { _?: String }
|} {"typeAlias": "HttpResponseAttributes",
"typeId": "org.mule.extension.http.api.HttpResponseAttributes"}

]]></types:shape>
    </types:type>
    <types:type name="auto_d4d1ea53-7647-456e-a3ec-fdf596ebf1d2_Input-Variables-policyTxns" format="json">
      <types:shape format="weave" example="weave/autogenerated/d4d1ea53-7647-456e-a3ec-fdf596ebf1d2/Input-Variables-policyTxns.wev" autogeneratedOrigin="cf1cf6be-7878-42c9-b7df-5b1741a66b88"><![CDATA[%dw 2.0

type auto_d4d1ea53_7647_456e_a3ec_fdf596ebf1d2_Input_Variables_policyTxns = Any

]]></types:shape>
    </types:type>
    <types:type name="auto_d4d1ea53-7647-456e-a3ec-fdf596ebf1d2_Input-Variables-queryParams" format="java">
      <types:shape format="weave" example="weave/autogenerated/d4d1ea53-7647-456e-a3ec-fdf596ebf1d2/Input-Variables-queryParams.wev" autogeneratedOrigin="cf1cf6be-7878-42c9-b7df-5b1741a66b88"><![CDATA[%dw 2.0

type auto_d4d1ea53_7647_456e_a3ec_fdf596ebf1d2_Input_Variables_queryParams = {| netrevealIdentifierId: Null |}

]]></types:shape>
    </types:type>
    <types:type name="auto_d4d1ea53-7647-456e-a3ec-fdf596ebf1d2_Input-Variables-genericStatus" format="java">
      <types:shape format="weave" example="weave/autogenerated/d4d1ea53-7647-456e-a3ec-fdf596ebf1d2/Input-Variables-genericStatus.wev" autogeneratedOrigin="cf1cf6be-7878-42c9-b7df-5b1741a66b88"><![CDATA[%dw 2.0

type auto_d4d1ea53_7647_456e_a3ec_fdf596ebf1d2_Input_Variables_genericStatus = Any

]]></types:shape>
    </types:type>
    <types:type name="auto_d4d1ea53-7647-456e-a3ec-fdf596ebf1d2_Input-Variables-netrevealIdentifierId" format="java">
      <types:shape format="weave" example="weave/autogenerated/d4d1ea53-7647-456e-a3ec-fdf596ebf1d2/Input-Variables-netrevealIdentifierId.wev" autogeneratedOrigin="cf1cf6be-7878-42c9-b7df-5b1741a66b88"><![CDATA[%dw 2.0

type auto_d4d1ea53_7647_456e_a3ec_fdf596ebf1d2_Input_Variables_netrevealIdentifierId = Any

]]></types:shape>
    </types:type>
    <types:type name="auto_d4d1ea53-7647-456e-a3ec-fdf596ebf1d2_Input-Variables-containsEmptyStatus" format="json">
      <types:shape format="weave" example="weave/autogenerated/d4d1ea53-7647-456e-a3ec-fdf596ebf1d2/Input-Variables-containsEmptyStatus.wev" autogeneratedOrigin="cf1cf6be-7878-42c9-b7df-5b1741a66b88"><![CDATA[%dw 2.0

type auto_d4d1ea53_7647_456e_a3ec_fdf596ebf1d2_Input_Variables_containsEmptyStatus = Boolean

]]></types:shape>
    </types:type>
    <types:type name="auto_d4d1ea53-7647-456e-a3ec-fdf596ebf1d2_Input-Variables-policyNo" format="java">
      <types:shape format="weave" example="weave/autogenerated/d4d1ea53-7647-456e-a3ec-fdf596ebf1d2/Input-Variables-policyNo.wev" autogeneratedOrigin="cf1cf6be-7878-42c9-b7df-5b1741a66b88"><![CDATA[%dw 2.0

type auto_d4d1ea53_7647_456e_a3ec_fdf596ebf1d2_Input_Variables_policyNo = Any

]]></types:shape>
    </types:type>
    <types:type name="auto_d4d1ea53-7647-456e-a3ec-fdf596ebf1d2_Output-Payload" format="java">
      <types:shape format="weave" example="weave/autogenerated/d4d1ea53-7647-456e-a3ec-fdf596ebf1d2/Output-Payload.wev" autogeneratedOrigin="cf1cf6be-7878-42c9-b7df-5b1741a66b88"><![CDATA[%dw 2.0

type auto_d4d1ea53_7647_456e_a3ec_fdf596ebf1d2_Output_Payload = Any

]]></types:shape>
    </types:type>
    <types:type name="auto_d4d1ea53-7647-456e-a3ec-fdf596ebf1d2_Output-Attributes" format="java">
      <types:shape format="weave" example="weave/autogenerated/d4d1ea53-7647-456e-a3ec-fdf596ebf1d2/Output-Attributes.wev" autogeneratedOrigin="cf1cf6be-7878-42c9-b7df-5b1741a66b88"><![CDATA[%dw 2.0

type auto_d4d1ea53_7647_456e_a3ec_fdf596ebf1d2_Output_Attributes = {|
  statusCode: Number, 
  reasonPhrase: String, 
  headers: { _?: String }
|} {"typeAlias": "HttpResponseAttributes",
"typeId": "org.mule.extension.http.api.HttpResponseAttributes"}

]]></types:shape>
    </types:type>
    <types:type name="auto_d4d1ea53-7647-456e-a3ec-fdf596ebf1d2_Output-Variables-policyTxns" format="json">
      <types:shape format="weave" example="weave/autogenerated/d4d1ea53-7647-456e-a3ec-fdf596ebf1d2/Output-Variables-policyTxns.wev" autogeneratedOrigin="cf1cf6be-7878-42c9-b7df-5b1741a66b88"><![CDATA[%dw 2.0

type auto_d4d1ea53_7647_456e_a3ec_fdf596ebf1d2_Output_Variables_policyTxns = Any

]]></types:shape>
    </types:type>
    <types:type name="auto_d4d1ea53-7647-456e-a3ec-fdf596ebf1d2_Output-Variables-queryParams" format="java">
      <types:shape format="weave" example="weave/autogenerated/d4d1ea53-7647-456e-a3ec-fdf596ebf1d2/Output-Variables-queryParams.wev" autogeneratedOrigin="cf1cf6be-7878-42c9-b7df-5b1741a66b88"><![CDATA[%dw 2.0

type auto_d4d1ea53_7647_456e_a3ec_fdf596ebf1d2_Output_Variables_queryParams = {| netrevealIdentifierId: Null |}

]]></types:shape>
    </types:type>
    <types:type name="auto_d4d1ea53-7647-456e-a3ec-fdf596ebf1d2_Output-Variables-genericStatus" format="java">
      <types:shape format="weave" example="weave/autogenerated/d4d1ea53-7647-456e-a3ec-fdf596ebf1d2/Output-Variables-genericStatus.wev" autogeneratedOrigin="cf1cf6be-7878-42c9-b7df-5b1741a66b88"><![CDATA[%dw 2.0

type auto_d4d1ea53_7647_456e_a3ec_fdf596ebf1d2_Output_Variables_genericStatus = Any

]]></types:shape>
    </types:type>
    <types:type name="auto_d4d1ea53-7647-456e-a3ec-fdf596ebf1d2_Output-Variables-netrevealIdentifierId" format="java">
      <types:shape format="weave" example="weave/autogenerated/d4d1ea53-7647-456e-a3ec-fdf596ebf1d2/Output-Variables-netrevealIdentifierId.wev" autogeneratedOrigin="cf1cf6be-7878-42c9-b7df-5b1741a66b88"><![CDATA[%dw 2.0

type auto_d4d1ea53_7647_456e_a3ec_fdf596ebf1d2_Output_Variables_netrevealIdentifierId = Any

]]></types:shape>
    </types:type>
    <types:type name="auto_d4d1ea53-7647-456e-a3ec-fdf596ebf1d2_Output-Variables-containsEmptyStatus" format="json">
      <types:shape format="weave" example="weave/autogenerated/d4d1ea53-7647-456e-a3ec-fdf596ebf1d2/Output-Variables-containsEmptyStatus.wev" autogeneratedOrigin="cf1cf6be-7878-42c9-b7df-5b1741a66b88"><![CDATA[%dw 2.0

type auto_d4d1ea53_7647_456e_a3ec_fdf596ebf1d2_Output_Variables_containsEmptyStatus = Boolean

]]></types:shape>
    </types:type>
    <types:type name="auto_d4d1ea53-7647-456e-a3ec-fdf596ebf1d2_Output-Variables-policyNo" format="java">
      <types:shape format="weave" example="weave/autogenerated/d4d1ea53-7647-456e-a3ec-fdf596ebf1d2/Output-Variables-policyNo.wev" autogeneratedOrigin="cf1cf6be-7878-42c9-b7df-5b1741a66b88"><![CDATA[%dw 2.0

type auto_d4d1ea53_7647_456e_a3ec_fdf596ebf1d2_Output_Variables_policyNo = Any

]]></types:shape>
    </types:type>
    <types:type name="auto_b26fd48a-1691-415a-8f66-48c3f1c4f705_Input-Payload" format="java">
      <types:shape format="weave" example="weave/autogenerated/b26fd48a-1691-415a-8f66-48c3f1c4f705/Input-Payload.wev" autogeneratedOrigin="e9b728ac-089a-41e8-961e-e9cbd9804b98"><![CDATA[%dw 2.0

type auto_b26fd48a_1691_415a_8f66_48c3f1c4f705_Input_Payload = Any

]]></types:shape>
    </types:type>
    <types:type name="auto_b26fd48a-1691-415a-8f66-48c3f1c4f705_Input-Attributes" format="java">
      <types:shape format="weave" example="weave/autogenerated/b26fd48a-1691-415a-8f66-48c3f1c4f705/Input-Attributes.wev" autogeneratedOrigin="e9b728ac-089a-41e8-961e-e9cbd9804b98"><![CDATA[%dw 2.0

type auto_b26fd48a_1691_415a_8f66_48c3f1c4f705_Input_Attributes = {|
  statusCode: Number, 
  reasonPhrase: String, 
  headers: { _?: String }
|} {"typeAlias": "HttpResponseAttributes",
"typeId": "org.mule.extension.http.api.HttpResponseAttributes"}

]]></types:shape>
    </types:type>
    <types:type name="auto_b26fd48a-1691-415a-8f66-48c3f1c4f705_Input-Variables-policyTxns" format="json">
      <types:shape format="weave" example="weave/autogenerated/b26fd48a-1691-415a-8f66-48c3f1c4f705/Input-Variables-policyTxns.wev" autogeneratedOrigin="e9b728ac-089a-41e8-961e-e9cbd9804b98"><![CDATA[%dw 2.0

type auto_b26fd48a_1691_415a_8f66_48c3f1c4f705_Input_Variables_policyTxns = Any

]]></types:shape>
    </types:type>
    <types:type name="auto_b26fd48a-1691-415a-8f66-48c3f1c4f705_Input-Variables-queryParams" format="java">
      <types:shape format="weave" example="weave/autogenerated/b26fd48a-1691-415a-8f66-48c3f1c4f705/Input-Variables-queryParams.wev" autogeneratedOrigin="e9b728ac-089a-41e8-961e-e9cbd9804b98"><![CDATA[%dw 2.0

type auto_b26fd48a_1691_415a_8f66_48c3f1c4f705_Input_Variables_queryParams = {| netrevealIdentifierId: Null |}

]]></types:shape>
    </types:type>
    <types:type name="auto_b26fd48a-1691-415a-8f66-48c3f1c4f705_Input-Variables-genericStatus" format="java">
      <types:shape format="weave" example="weave/autogenerated/b26fd48a-1691-415a-8f66-48c3f1c4f705/Input-Variables-genericStatus.wev" autogeneratedOrigin="e9b728ac-089a-41e8-961e-e9cbd9804b98"><![CDATA[%dw 2.0

type auto_b26fd48a_1691_415a_8f66_48c3f1c4f705_Input_Variables_genericStatus = Any

]]></types:shape>
    </types:type>
    <types:type name="auto_b26fd48a-1691-415a-8f66-48c3f1c4f705_Input-Variables-netrevealIdentifierId" format="java">
      <types:shape format="weave" example="weave/autogenerated/b26fd48a-1691-415a-8f66-48c3f1c4f705/Input-Variables-netrevealIdentifierId.wev" autogeneratedOrigin="e9b728ac-089a-41e8-961e-e9cbd9804b98"><![CDATA[%dw 2.0

type auto_b26fd48a_1691_415a_8f66_48c3f1c4f705_Input_Variables_netrevealIdentifierId = Any

]]></types:shape>
    </types:type>
    <types:type name="auto_b26fd48a-1691-415a-8f66-48c3f1c4f705_Input-Variables-containsEmptyStatus" format="json">
      <types:shape format="weave" example="weave/autogenerated/b26fd48a-1691-415a-8f66-48c3f1c4f705/Input-Variables-containsEmptyStatus.wev" autogeneratedOrigin="e9b728ac-089a-41e8-961e-e9cbd9804b98"><![CDATA[%dw 2.0

type auto_b26fd48a_1691_415a_8f66_48c3f1c4f705_Input_Variables_containsEmptyStatus = Boolean

]]></types:shape>
    </types:type>
    <types:type name="auto_b26fd48a-1691-415a-8f66-48c3f1c4f705_Input-Variables-policyNo" format="java">
      <types:shape format="weave" example="weave/autogenerated/b26fd48a-1691-415a-8f66-48c3f1c4f705/Input-Variables-policyNo.wev" autogeneratedOrigin="e9b728ac-089a-41e8-961e-e9cbd9804b98"><![CDATA[%dw 2.0

type auto_b26fd48a_1691_415a_8f66_48c3f1c4f705_Input_Variables_policyNo = Any

]]></types:shape>
    </types:type>
    <types:type name="auto_b26fd48a-1691-415a-8f66-48c3f1c4f705_Output-Payload" format="java">
      <types:shape format="weave" example="weave/autogenerated/b26fd48a-1691-415a-8f66-48c3f1c4f705/Output-Payload.wev" autogeneratedOrigin="e9b728ac-089a-41e8-961e-e9cbd9804b98"><![CDATA[%dw 2.0

type auto_b26fd48a_1691_415a_8f66_48c3f1c4f705_Output_Payload = Any

]]></types:shape>
    </types:type>
    <types:type name="auto_b26fd48a-1691-415a-8f66-48c3f1c4f705_Output-Attributes" format="java">
      <types:shape format="weave" example="weave/autogenerated/b26fd48a-1691-415a-8f66-48c3f1c4f705/Output-Attributes.wev" autogeneratedOrigin="e9b728ac-089a-41e8-961e-e9cbd9804b98"><![CDATA[%dw 2.0

type auto_b26fd48a_1691_415a_8f66_48c3f1c4f705_Output_Attributes = {|
  statusCode: Number, 
  reasonPhrase: String, 
  headers: { _?: String }
|} {"typeAlias": "HttpResponseAttributes",
"typeId": "org.mule.extension.http.api.HttpResponseAttributes"}

]]></types:shape>
    </types:type>
    <types:type name="auto_b26fd48a-1691-415a-8f66-48c3f1c4f705_Output-Variables-policyTxns" format="json">
      <types:shape format="weave" example="weave/autogenerated/b26fd48a-1691-415a-8f66-48c3f1c4f705/Output-Variables-policyTxns.wev" autogeneratedOrigin="e9b728ac-089a-41e8-961e-e9cbd9804b98"><![CDATA[%dw 2.0

type auto_b26fd48a_1691_415a_8f66_48c3f1c4f705_Output_Variables_policyTxns = Any

]]></types:shape>
    </types:type>
    <types:type name="auto_b26fd48a-1691-415a-8f66-48c3f1c4f705_Output-Variables-queryParams" format="java">
      <types:shape format="weave" example="weave/autogenerated/b26fd48a-1691-415a-8f66-48c3f1c4f705/Output-Variables-queryParams.wev" autogeneratedOrigin="e9b728ac-089a-41e8-961e-e9cbd9804b98"><![CDATA[%dw 2.0

type auto_b26fd48a_1691_415a_8f66_48c3f1c4f705_Output_Variables_queryParams = {| netrevealIdentifierId: Null |}

]]></types:shape>
    </types:type>
    <types:type name="auto_b26fd48a-1691-415a-8f66-48c3f1c4f705_Output-Variables-genericStatus" format="java">
      <types:shape format="weave" example="weave/autogenerated/b26fd48a-1691-415a-8f66-48c3f1c4f705/Output-Variables-genericStatus.wev" autogeneratedOrigin="e9b728ac-089a-41e8-961e-e9cbd9804b98"><![CDATA[%dw 2.0

type auto_b26fd48a_1691_415a_8f66_48c3f1c4f705_Output_Variables_genericStatus = Any

]]></types:shape>
    </types:type>
    <types:type name="auto_b26fd48a-1691-415a-8f66-48c3f1c4f705_Output-Variables-netrevealIdentifierId" format="java">
      <types:shape format="weave" example="weave/autogenerated/b26fd48a-1691-415a-8f66-48c3f1c4f705/Output-Variables-netrevealIdentifierId.wev" autogeneratedOrigin="e9b728ac-089a-41e8-961e-e9cbd9804b98"><![CDATA[%dw 2.0

type auto_b26fd48a_1691_415a_8f66_48c3f1c4f705_Output_Variables_netrevealIdentifierId = Any

]]></types:shape>
    </types:type>
    <types:type name="auto_b26fd48a-1691-415a-8f66-48c3f1c4f705_Output-Variables-containsEmptyStatus" format="json">
      <types:shape format="weave" example="weave/autogenerated/b26fd48a-1691-415a-8f66-48c3f1c4f705/Output-Variables-containsEmptyStatus.wev" autogeneratedOrigin="e9b728ac-089a-41e8-961e-e9cbd9804b98"><![CDATA[%dw 2.0

type auto_b26fd48a_1691_415a_8f66_48c3f1c4f705_Output_Variables_containsEmptyStatus = Boolean

]]></types:shape>
    </types:type>
    <types:type name="auto_b26fd48a-1691-415a-8f66-48c3f1c4f705_Output-Variables-policyNo" format="java">
      <types:shape format="weave" example="weave/autogenerated/b26fd48a-1691-415a-8f66-48c3f1c4f705/Output-Variables-policyNo.wev" autogeneratedOrigin="e9b728ac-089a-41e8-961e-e9cbd9804b98"><![CDATA[%dw 2.0

type auto_b26fd48a_1691_415a_8f66_48c3f1c4f705_Output_Variables_policyNo = Any

]]></types:shape>
    </types:type>
    <types:type name="auto_152e886e-6f9a-49a6-a8df-08bc7b6ac63d_Input-Payload" format="json">
      <types:shape format="weave" example="weave/autogenerated/152e886e-6f9a-49a6-a8df-08bc7b6ac63d/Input-Payload.wev" autogeneratedOrigin="54b28bc2-6bd5-4037-864e-cca2a7d1e7b0"><![CDATA[%dw 2.0

type auto_152e886e_6f9a_49a6_a8df_08bc7b6ac63d_Input_Payload = Any

]]></types:shape>
    </types:type>
    <types:type name="auto_152e886e-6f9a-49a6-a8df-08bc7b6ac63d_Input-Attributes" format="java">
      <types:shape format="weave" example="weave/autogenerated/152e886e-6f9a-49a6-a8df-08bc7b6ac63d/Input-Attributes.wev" autogeneratedOrigin="54b28bc2-6bd5-4037-864e-cca2a7d1e7b0"><![CDATA[%dw 2.0

type auto_152e886e_6f9a_49a6_a8df_08bc7b6ac63d_Input_Attributes = Any

]]></types:shape>
    </types:type>
    <types:type name="auto_152e886e-6f9a-49a6-a8df-08bc7b6ac63d_Input-Variables-outboundHeaders" format="java">
      <types:shape format="weave" example="weave/autogenerated/152e886e-6f9a-49a6-a8df-08bc7b6ac63d/Input-Variables-outboundHeaders.wev" autogeneratedOrigin="54b28bc2-6bd5-4037-864e-cca2a7d1e7b0"><![CDATA[%dw 2.0

type auto_152e886e_6f9a_49a6_a8df_08bc7b6ac63d_Input_Variables_outboundHeaders = Any

]]></types:shape>
    </types:type>
    <types:type name="auto_152e886e-6f9a-49a6-a8df-08bc7b6ac63d_Input-Variables-correlationId" format="java">
      <types:shape format="weave" example="weave/autogenerated/152e886e-6f9a-49a6-a8df-08bc7b6ac63d/Input-Variables-correlationId.wev" autogeneratedOrigin="54b28bc2-6bd5-4037-864e-cca2a7d1e7b0"><![CDATA[%dw 2.0

type auto_152e886e_6f9a_49a6_a8df_08bc7b6ac63d_Input_Variables_correlationId = Any

]]></types:shape>
    </types:type>
    <types:type name="auto_152e886e-6f9a-49a6-a8df-08bc7b6ac63d_Output-Payload" format="json">
      <types:shape format="weave" example="weave/autogenerated/152e886e-6f9a-49a6-a8df-08bc7b6ac63d/Output-Payload.wev" autogeneratedOrigin="54b28bc2-6bd5-4037-864e-cca2a7d1e7b0"><![CDATA[%dw 2.0

type auto_152e886e_6f9a_49a6_a8df_08bc7b6ac63d_Output_Payload = {|
  ResponseCode: String, 
  ResponseStatus: String, 
  CorrelationId: Null, 
  Timestamp: DateTime, 
  Data: {| Message: String |}
|}

]]></types:shape>
    </types:type>
    <types:type name="auto_152e886e-6f9a-49a6-a8df-08bc7b6ac63d_Output-Attributes" format="java">
      <types:shape format="weave" example="weave/autogenerated/152e886e-6f9a-49a6-a8df-08bc7b6ac63d/Output-Attributes.wev" autogeneratedOrigin="54b28bc2-6bd5-4037-864e-cca2a7d1e7b0"><![CDATA[%dw 2.0

type auto_152e886e_6f9a_49a6_a8df_08bc7b6ac63d_Output_Attributes = {|
  statusCode: Number, 
  reasonPhrase: String, 
  headers: { _?: String }
|} {"typeAlias": "HttpResponseAttributes",
"typeId": "org.mule.extension.http.api.HttpResponseAttributes"}

]]></types:shape>
    </types:type>
    <types:type name="auto_152e886e-6f9a-49a6-a8df-08bc7b6ac63d_Output-Variables-policyTxns" format="json">
      <types:shape format="weave" example="weave/autogenerated/152e886e-6f9a-49a6-a8df-08bc7b6ac63d/Output-Variables-policyTxns.wev" autogeneratedOrigin="54b28bc2-6bd5-4037-864e-cca2a7d1e7b0"><![CDATA[%dw 2.0

type auto_152e886e_6f9a_49a6_a8df_08bc7b6ac63d_Output_Variables_policyTxns = Any

]]></types:shape>
    </types:type>
    <types:type name="auto_152e886e-6f9a-49a6-a8df-08bc7b6ac63d_Output-Variables-transactionRecord" format="json">
      <types:shape format="weave" example="weave/autogenerated/152e886e-6f9a-49a6-a8df-08bc7b6ac63d/Output-Variables-transactionRecord.wev" autogeneratedOrigin="54b28bc2-6bd5-4037-864e-cca2a7d1e7b0"><![CDATA[%dw 2.0

type auto_152e886e_6f9a_49a6_a8df_08bc7b6ac63d_Output_Variables_transactionRecord = Any

]]></types:shape>
    </types:type>
    <types:type name="auto_152e886e-6f9a-49a6-a8df-08bc7b6ac63d_Output-Variables-outboundHeaders" format="java">
      <types:shape format="weave" example="weave/autogenerated/152e886e-6f9a-49a6-a8df-08bc7b6ac63d/Output-Variables-outboundHeaders.wev" autogeneratedOrigin="54b28bc2-6bd5-4037-864e-cca2a7d1e7b0"><![CDATA[%dw 2.0

type auto_152e886e_6f9a_49a6_a8df_08bc7b6ac63d_Output_Variables_outboundHeaders = Any

]]></types:shape>
    </types:type>
    <types:type name="auto_152e886e-6f9a-49a6-a8df-08bc7b6ac63d_Output-Variables-txnList" format="json">
      <types:shape format="weave" example="weave/autogenerated/152e886e-6f9a-49a6-a8df-08bc7b6ac63d/Output-Variables-txnList.wev" autogeneratedOrigin="54b28bc2-6bd5-4037-864e-cca2a7d1e7b0"><![CDATA[%dw 2.0

type auto_152e886e_6f9a_49a6_a8df_08bc7b6ac63d_Output_Variables_txnList = Any

]]></types:shape>
    </types:type>
    <types:type name="auto_152e886e-6f9a-49a6-a8df-08bc7b6ac63d_Output-Variables-queryParams" format="java">
      <types:shape format="weave" example="weave/autogenerated/152e886e-6f9a-49a6-a8df-08bc7b6ac63d/Output-Variables-queryParams.wev" autogeneratedOrigin="54b28bc2-6bd5-4037-864e-cca2a7d1e7b0"><![CDATA[%dw 2.0

type auto_152e886e_6f9a_49a6_a8df_08bc7b6ac63d_Output_Variables_queryParams = {| netrevealIdentifierId: Null |}

]]></types:shape>
    </types:type>
    <types:type name="auto_152e886e-6f9a-49a6-a8df-08bc7b6ac63d_Output-Variables-policyNo" format="java">
      <types:shape format="weave" example="weave/autogenerated/152e886e-6f9a-49a6-a8df-08bc7b6ac63d/Output-Variables-policyNo.wev" autogeneratedOrigin="54b28bc2-6bd5-4037-864e-cca2a7d1e7b0"><![CDATA[%dw 2.0

type auto_152e886e_6f9a_49a6_a8df_08bc7b6ac63d_Output_Variables_policyNo = Any

]]></types:shape>
    </types:type>
    <types:type name="auto_152e886e-6f9a-49a6-a8df-08bc7b6ac63d_Output-Variables-operationName" format="java">
      <types:shape format="raml" autogeneratedOrigin="54b28bc2-6bd5-4037-864e-cca2a7d1e7b0"><![CDATA[#%RAML 1.0 DataType
type: string]]></types:shape>
    </types:type>
    <types:type name="auto_152e886e-6f9a-49a6-a8df-08bc7b6ac63d_Output-Variables-genericStatus" format="java">
      <types:shape format="weave" example="weave/autogenerated/152e886e-6f9a-49a6-a8df-08bc7b6ac63d/Output-Variables-genericStatus.wev" autogeneratedOrigin="54b28bc2-6bd5-4037-864e-cca2a7d1e7b0"><![CDATA[%dw 2.0

type auto_152e886e_6f9a_49a6_a8df_08bc7b6ac63d_Output_Variables_genericStatus = Any

]]></types:shape>
    </types:type>
    <types:type name="auto_152e886e-6f9a-49a6-a8df-08bc7b6ac63d_Output-Variables-netrevealIdentifierId" format="java">
      <types:shape format="weave" example="weave/autogenerated/152e886e-6f9a-49a6-a8df-08bc7b6ac63d/Output-Variables-netrevealIdentifierId.wev" autogeneratedOrigin="54b28bc2-6bd5-4037-864e-cca2a7d1e7b0"><![CDATA[%dw 2.0

type auto_152e886e_6f9a_49a6_a8df_08bc7b6ac63d_Output_Variables_netrevealIdentifierId = Any

]]></types:shape>
    </types:type>
    <types:type name="auto_152e886e-6f9a-49a6-a8df-08bc7b6ac63d_Output-Variables-containsEmptyStatus" format="json">
      <types:shape format="weave" example="weave/autogenerated/152e886e-6f9a-49a6-a8df-08bc7b6ac63d/Output-Variables-containsEmptyStatus.wev" autogeneratedOrigin="54b28bc2-6bd5-4037-864e-cca2a7d1e7b0"><![CDATA[%dw 2.0

type auto_152e886e_6f9a_49a6_a8df_08bc7b6ac63d_Output_Variables_containsEmptyStatus = Boolean

]]></types:shape>
    </types:type>
    <types:type name="auto_152e886e-6f9a-49a6-a8df-08bc7b6ac63d_Output-Variables-axasolPayload" format="json">
      <types:shape format="weave" example="weave/autogenerated/152e886e-6f9a-49a6-a8df-08bc7b6ac63d/Output-Variables-axasolPayload.wev" autogeneratedOrigin="54b28bc2-6bd5-4037-864e-cca2a7d1e7b0"><![CDATA[%dw 2.0

type auto_152e886e_6f9a_49a6_a8df_08bc7b6ac63d_Output_Variables_axasolPayload = {|
  WithHit: Number, 
  CanProceed: Number
|}

]]></types:shape>
    </types:type>
    <types:type name="auto_152e886e-6f9a-49a6-a8df-08bc7b6ac63d_Output-Variables-operationId" format="java">
      <types:shape format="raml" autogeneratedOrigin="54b28bc2-6bd5-4037-864e-cca2a7d1e7b0"><![CDATA[#%RAML 1.0 DataType
type: string]]></types:shape>
    </types:type>
    <types:type name="auto_152e886e-6f9a-49a6-a8df-08bc7b6ac63d_Output-Variables-correlationId" format="java">
      <types:shape format="weave" example="weave/autogenerated/152e886e-6f9a-49a6-a8df-08bc7b6ac63d/Output-Variables-correlationId.wev" autogeneratedOrigin="54b28bc2-6bd5-4037-864e-cca2a7d1e7b0"><![CDATA[%dw 2.0

type auto_152e886e_6f9a_49a6_a8df_08bc7b6ac63d_Output_Variables_correlationId = Any

]]></types:shape>
    </types:type>
  </types:catalog>
  <types:enrichment select="#bb4333ff-ffe2-409e-a525-b4ba7eba862c">
    <types:processor-declaration>
      <types:input-event>
        <types:message>
          <types:payload type="auto_bb4333ff-ffe2-409e-a525-b4ba7eba862c_Input-Payload"/>
          <types:attributes type="auto_bb4333ff-ffe2-409e-a525-b4ba7eba862c_Input-Attributes"/>
        </types:message>
      </types:input-event>
      <types:output-event>
        <types:message>
          <types:payload type="auto_bb4333ff-ffe2-409e-a525-b4ba7eba862c_Output-Payload"/>
          <types:attributes type="auto_bb4333ff-ffe2-409e-a525-b4ba7eba862c_Output-Attributes"/>
        </types:message>
      </types:output-event>
    </types:processor-declaration>
  </types:enrichment>
  <types:enrichment select="#cd96f8c9-fefb-44a5-88c6-6bf056b1a1a7"/>
  <types:enrichment select="#d4d1ea53-7647-456e-a3ec-fdf596ebf1d2">
    <types:processor-declaration>
      <types:input-event>
        <types:message>
          <types:payload type="auto_d4d1ea53-7647-456e-a3ec-fdf596ebf1d2_Input-Payload"/>
          <types:attributes type="auto_d4d1ea53-7647-456e-a3ec-fdf596ebf1d2_Input-Attributes"/>
        </types:message>
        <types:variables>
          <types:variable name="policyTxns" type="auto_d4d1ea53-7647-456e-a3ec-fdf596ebf1d2_Input-Variables-policyTxns"/>
          <types:variable name="queryParams" type="auto_d4d1ea53-7647-456e-a3ec-fdf596ebf1d2_Input-Variables-queryParams"/>
          <types:variable name="genericStatus" type="auto_d4d1ea53-7647-456e-a3ec-fdf596ebf1d2_Input-Variables-genericStatus"/>
          <types:variable name="netrevealIdentifierId" type="auto_d4d1ea53-7647-456e-a3ec-fdf596ebf1d2_Input-Variables-netrevealIdentifierId"/>
          <types:variable name="containsEmptyStatus" type="auto_d4d1ea53-7647-456e-a3ec-fdf596ebf1d2_Input-Variables-containsEmptyStatus"/>
          <types:variable name="policyNo" type="auto_d4d1ea53-7647-456e-a3ec-fdf596ebf1d2_Input-Variables-policyNo"/>
        </types:variables>
      </types:input-event>
      <types:output-event>
        <types:message>
          <types:payload type="auto_d4d1ea53-7647-456e-a3ec-fdf596ebf1d2_Output-Payload"/>
          <types:attributes type="auto_d4d1ea53-7647-456e-a3ec-fdf596ebf1d2_Output-Attributes"/>
        </types:message>
        <types:variables>
          <types:variable name="policyTxns" type="auto_d4d1ea53-7647-456e-a3ec-fdf596ebf1d2_Output-Variables-policyTxns"/>
          <types:variable name="queryParams" type="auto_d4d1ea53-7647-456e-a3ec-fdf596ebf1d2_Output-Variables-queryParams"/>
          <types:variable name="genericStatus" type="auto_d4d1ea53-7647-456e-a3ec-fdf596ebf1d2_Output-Variables-genericStatus"/>
          <types:variable name="netrevealIdentifierId" type="auto_d4d1ea53-7647-456e-a3ec-fdf596ebf1d2_Output-Variables-netrevealIdentifierId"/>
          <types:variable name="containsEmptyStatus" type="auto_d4d1ea53-7647-456e-a3ec-fdf596ebf1d2_Output-Variables-containsEmptyStatus"/>
          <types:variable name="policyNo" type="auto_d4d1ea53-7647-456e-a3ec-fdf596ebf1d2_Output-Variables-policyNo"/>
        </types:variables>
      </types:output-event>
    </types:processor-declaration>
  </types:enrichment>
  <types:enrichment select="#b26fd48a-1691-415a-8f66-48c3f1c4f705">
    <types:processor-declaration>
      <types:input-event>
        <types:message>
          <types:payload type="auto_b26fd48a-1691-415a-8f66-48c3f1c4f705_Input-Payload"/>
          <types:attributes type="auto_b26fd48a-1691-415a-8f66-48c3f1c4f705_Input-Attributes"/>
        </types:message>
        <types:variables>
          <types:variable name="policyTxns" type="auto_b26fd48a-1691-415a-8f66-48c3f1c4f705_Input-Variables-policyTxns"/>
          <types:variable name="queryParams" type="auto_b26fd48a-1691-415a-8f66-48c3f1c4f705_Input-Variables-queryParams"/>
          <types:variable name="genericStatus" type="auto_b26fd48a-1691-415a-8f66-48c3f1c4f705_Input-Variables-genericStatus"/>
          <types:variable name="netrevealIdentifierId" type="auto_b26fd48a-1691-415a-8f66-48c3f1c4f705_Input-Variables-netrevealIdentifierId"/>
          <types:variable name="containsEmptyStatus" type="auto_b26fd48a-1691-415a-8f66-48c3f1c4f705_Input-Variables-containsEmptyStatus"/>
          <types:variable name="policyNo" type="auto_b26fd48a-1691-415a-8f66-48c3f1c4f705_Input-Variables-policyNo"/>
        </types:variables>
      </types:input-event>
      <types:output-event>
        <types:message>
          <types:payload type="auto_b26fd48a-1691-415a-8f66-48c3f1c4f705_Output-Payload"/>
          <types:attributes type="auto_b26fd48a-1691-415a-8f66-48c3f1c4f705_Output-Attributes"/>
        </types:message>
        <types:variables>
          <types:variable name="policyTxns" type="auto_b26fd48a-1691-415a-8f66-48c3f1c4f705_Output-Variables-policyTxns"/>
          <types:variable name="queryParams" type="auto_b26fd48a-1691-415a-8f66-48c3f1c4f705_Output-Variables-queryParams"/>
          <types:variable name="genericStatus" type="auto_b26fd48a-1691-415a-8f66-48c3f1c4f705_Output-Variables-genericStatus"/>
          <types:variable name="netrevealIdentifierId" type="auto_b26fd48a-1691-415a-8f66-48c3f1c4f705_Output-Variables-netrevealIdentifierId"/>
          <types:variable name="containsEmptyStatus" type="auto_b26fd48a-1691-415a-8f66-48c3f1c4f705_Output-Variables-containsEmptyStatus"/>
          <types:variable name="policyNo" type="auto_b26fd48a-1691-415a-8f66-48c3f1c4f705_Output-Variables-policyNo"/>
        </types:variables>
      </types:output-event>
    </types:processor-declaration>
  </types:enrichment>
  <types:enrichment select="#152e886e-6f9a-49a6-a8df-08bc7b6ac63d">
    <types:processor-declaration>
      <types:input-event>
        <types:message>
          <types:payload type="auto_152e886e-6f9a-49a6-a8df-08bc7b6ac63d_Input-Payload"/>
          <types:attributes type="auto_152e886e-6f9a-49a6-a8df-08bc7b6ac63d_Input-Attributes"/>
        </types:message>
        <types:variables>
          <types:variable name="outboundHeaders" type="auto_152e886e-6f9a-49a6-a8df-08bc7b6ac63d_Input-Variables-outboundHeaders"/>
          <types:variable name="correlationId" type="auto_152e886e-6f9a-49a6-a8df-08bc7b6ac63d_Input-Variables-correlationId"/>
        </types:variables>
      </types:input-event>
      <types:output-event>
        <types:message>
          <types:payload type="auto_152e886e-6f9a-49a6-a8df-08bc7b6ac63d_Output-Payload"/>
          <types:attributes type="auto_152e886e-6f9a-49a6-a8df-08bc7b6ac63d_Output-Attributes"/>
        </types:message>
        <types:variables>
          <types:variable name="policyTxns" type="auto_152e886e-6f9a-49a6-a8df-08bc7b6ac63d_Output-Variables-policyTxns"/>
          <types:variable name="transactionRecord" type="auto_152e886e-6f9a-49a6-a8df-08bc7b6ac63d_Output-Variables-transactionRecord"/>
          <types:variable name="outboundHeaders" type="auto_152e886e-6f9a-49a6-a8df-08bc7b6ac63d_Output-Variables-outboundHeaders"/>
          <types:variable name="txnList" type="auto_152e886e-6f9a-49a6-a8df-08bc7b6ac63d_Output-Variables-txnList"/>
          <types:variable name="queryParams" type="auto_152e886e-6f9a-49a6-a8df-08bc7b6ac63d_Output-Variables-queryParams"/>
          <types:variable name="policyNo" type="auto_152e886e-6f9a-49a6-a8df-08bc7b6ac63d_Output-Variables-policyNo"/>
          <types:variable name="operationName" type="auto_152e886e-6f9a-49a6-a8df-08bc7b6ac63d_Output-Variables-operationName"/>
          <types:variable name="genericStatus" type="auto_152e886e-6f9a-49a6-a8df-08bc7b6ac63d_Output-Variables-genericStatus"/>
          <types:variable name="netrevealIdentifierId" type="auto_152e886e-6f9a-49a6-a8df-08bc7b6ac63d_Output-Variables-netrevealIdentifierId"/>
          <types:variable name="containsEmptyStatus" type="auto_152e886e-6f9a-49a6-a8df-08bc7b6ac63d_Output-Variables-containsEmptyStatus"/>
          <types:variable name="axasolPayload" type="auto_152e886e-6f9a-49a6-a8df-08bc7b6ac63d_Output-Variables-axasolPayload"/>
          <types:variable name="operationId" type="auto_152e886e-6f9a-49a6-a8df-08bc7b6ac63d_Output-Variables-operationId"/>
          <types:variable name="correlationId" type="auto_152e886e-6f9a-49a6-a8df-08bc7b6ac63d_Output-Variables-correlationId"/>
        </types:variables>
      </types:output-event>
    </types:processor-declaration>
  </types:enrichment>
</types:mule>