<?xml version="1.0" encoding="UTF-8"?>

<mule xmlns:tls="http://www.mulesoft.org/schema/mule/tls" xmlns:http="http://www.mulesoft.org/schema/mule/http"
	xmlns="http://www.mulesoft.org/schema/mule/core"
	xmlns:doc="http://www.mulesoft.org/schema/mule/documentation" xmlns:xsi="http://www.w3.org/2001/XMLSchema-instance" xsi:schemaLocation="http://www.mulesoft.org/schema/mule/core http://www.mulesoft.org/schema/mule/core/current/mule.xsd
http://www.mulesoft.org/schema/mule/http http://www.mulesoft.org/schema/mule/http/current/mule-http.xsd
http://www.mulesoft.org/schema/mule/tls http://www.mulesoft.org/schema/mule/tls/current/mule-tls.xsd">
	<sub-flow name="aml-sql-sys-api-get-references-subflow" doc:id="5824fab6-201d-436d-a977-79c4380131e0" >
		<logger level="INFO" doc:name="START aml-sql-sys-api-get-references-subflow" doc:id="18cf2a01-bd29-4f7d-a3e6-eb872a788a8f" message="#[p('global.properties.api.id') ++ &quot;.&quot; ++ p('global.properties.api.appName') ++ &quot;.&quot; ++ vars.operationId ++ &quot;.&quot; ++ vars.operationName ++ &quot;.&quot; ++ &quot;aml-sql-sys-api-get-references-subflow&quot; ++ &quot;.Start--&quot;] ++ #[payload]"/>
		<http:request method="${system.aml-sql-sys-api.request.get-references.method}" doc:name="aml-sql-sys-api GET /references Request" doc:id="95b01d34-7626-4456-a973-e08b1c2301b0" config-ref="HTTP_Request_configuration" path="${system.aml-sql-sys-api.request.get-references.path}">
			<http:headers ><![CDATA[#[output application/java
---
{
	"Client-Id": p('system.aml-sql-sys-api.request.client-id'),
	"Client-Secret": p('system.aml-sql-sys-api.request.client-secret')
}]]]></http:headers>
			<http:uri-params ><![CDATA[#[vars.uriParams]]]></http:uri-params>
		</http:request>
		<logger level="INFO" doc:name="END aml-sql-sys-api-get-references-subflow" doc:id="7e9722ab-da2c-4894-9e85-8410306fb11d" message="#[p('global.properties.api.id') ++ &quot;.&quot; ++ p('global.properties.api.appName') ++ &quot;.&quot; ++ vars.operationId ++ &quot;.&quot; ++ vars.operationName ++ &quot;.&quot; ++ &quot;aml-sql-sys-api-get-references-subflow&quot; ++ &quot;.End--&quot;] ++ #[payload]"/>
	</sub-flow>
	<sub-flow name="aml-sql-sys-api-post-assign-id-subflow" doc:id="40c544c0-4617-4a58-8f70-91433432f17a" >
		<logger level="INFO" doc:name="START aml-sql-sys-api-post-assign-id-subflow" doc:id="c1c32ca9-d4d0-4f91-836c-b1a3c927729d" message="#[p('global.properties.api.id') ++ &quot;.&quot; ++ p('global.properties.api.appName') ++ &quot;.&quot; ++ vars.operationId ++ &quot;.&quot; ++ vars.operationName ++ &quot;.&quot; ++ &quot;aml-sql-sys-api-post-assign-id-subflow&quot; ++ &quot;.Start--&quot;] ++ #[payload]"/>
		<http:request method="${system.aml-sql-sys-api.request.post-assignid.method}" doc:name="aml-sql-sys-api POST /customers/assignid Request" doc:id="d9c78937-3d24-469c-8ee6-826ad4b86fe4" config-ref="HTTP_Request_configuration" path="${system.aml-sql-sys-api.request.post-assignid.path}">
			<http:headers ><![CDATA[#[output application/java
---
{
	"Client-Id": p('system.aml-sql-sys-api.request.client-id'),
	"Client-Secret": p('system.aml-sql-sys-api.request.client-secret')
}]]]></http:headers>
		</http:request>
		<logger level="INFO" doc:name="END aml-sql-sys-api-post-assign-id-subflow" doc:id="eb5c852f-868b-4790-ae8a-cb3eccc5c2ea" message="#[p('global.properties.api.id') ++ &quot;.&quot; ++ p('global.properties.api.appName') ++ &quot;.&quot; ++ vars.operationId ++ &quot;.&quot; ++ vars.operationName ++ &quot;.&quot; ++ &quot;aml-sql-sys-api-post-assign-id-subflow&quot; ++ &quot;.End--&quot;] ++ #[payload]"/>
	</sub-flow>
	<sub-flow name="aml-sql-sys-api-post-transactions-subflow" doc:id="81906a37-b0c3-4175-9593-5f57ffff4867" >
		<logger level="INFO" doc:name="START aml-sql-sys-api-post-transactions-subflow" doc:id="d76b1bcf-ee25-4dc8-a11c-e2f926aa644e" message="#[p('global.properties.api.id') ++ &quot;.&quot; ++ p('global.properties.api.appName') ++ &quot;.&quot; ++ vars.operationId ++ &quot;.&quot; ++ vars.operationName ++ &quot;.&quot; ++ &quot;aml-sql-sys-api-post-transactions-subflow&quot; ++ &quot;.Start--&quot;] ++ #[payload]"/>
		<http:request method="${system.aml-sql-sys-api.request.post-transactions.method}" doc:name="aml-sql-sys-api POST /transactions Request" doc:id="5aa8c19f-5bfc-433a-876a-558a57fe0a5b" config-ref="HTTP_Request_configuration" path="${system.aml-sql-sys-api.request.post-transactions.path}">
			<http:headers ><![CDATA[#[output application/java
---
{
	"Client-Id": p('system.aml-sql-sys-api.request.client-id'),
	"Client-Secret": p('system.aml-sql-sys-api.request.client-secret')
}]]]></http:headers>
		</http:request>
		<logger level="INFO" doc:name="END aml-sql-sys-api-post-transactions-subflow" doc:id="b91269c2-d7a5-4b3d-b301-9bfa19099f89" message="#[p('global.properties.api.id') ++ &quot;.&quot; ++ p('global.properties.api.appName') ++ &quot;.&quot; ++ vars.operationId ++ &quot;.&quot; ++ vars.operationName ++ &quot;.&quot; ++ &quot;aml-sql-sys-api-post-transactions-subflow&quot; ++ &quot;.End--&quot;] ++ #[payload]"/>
	</sub-flow>
	<sub-flow name="aml-sql-sys-api-patch-transactions-subflow" doc:id="28371bdd-a68b-4d9d-a26e-b0714cd14034" >
		<logger level="INFO" doc:name="START aml-sql-sys-api-patch-transactions-subflow" doc:id="af2eda65-62e0-4305-8377-5fafb61437a2" message="#[p('global.properties.api.id') ++ &quot;.&quot; ++ p('global.properties.api.appName') ++ &quot;.&quot; ++ vars.operationId ++ &quot;.&quot; ++ vars.operationName ++ &quot;.&quot; ++ &quot;aml-sql-sys-api-patch-transactions-subflow&quot; ++ &quot;.Start--&quot;] ++ #[payload]"/>
		<http:request method="${system.aml-sql-sys-api.request.patch-transactions.method}" doc:name="aml-sql-sys-api PATCH /transactions Request" doc:id="24b19d8b-ecc5-4b82-af66-85ce24a314f1" config-ref="HTTP_Request_configuration" path="${system.aml-sql-sys-api.request.patch-transactions.path}">
			<http:headers ><![CDATA[#[output application/java
---
{
	"Client-Id": p('system.aml-sql-sys-api.request.client-id'),
	"Client-Secret": p('system.aml-sql-sys-api.request.client-secret')
}]]]></http:headers>
		</http:request>
		<logger level="INFO" doc:name="END aml-sql-sys-api-patch-transactions-subflow" doc:id="d2a748ec-9c99-4405-8c50-5779e4c474f2" message="#[p('global.properties.api.id') ++ &quot;.&quot; ++ p('global.properties.api.appName') ++ &quot;.&quot; ++ vars.operationId ++ &quot;.&quot; ++ vars.operationName ++ &quot;.&quot; ++ &quot;aml-sql-sys-api-patch-transactions-subflow&quot; ++ &quot;.End--&quot;] ++ #[payload]"/>
	</sub-flow>
	<sub-flow name="aml-sql-sys-api-patch-distributions-status-subflow" doc:id="77f1255f-64e5-489d-8806-7d73f6b658fa" >
		<logger level="INFO" doc:name="START aml-sql-sys-api-patch-distributions-status-subflow" doc:id="df525404-780f-4cda-bf09-0bb8fc3138d5" message="#[p('global.properties.api.id') ++ &quot;.&quot; ++ p('global.properties.api.appName') ++ &quot;.&quot; ++ vars.operationId ++ &quot;.&quot; ++ vars.operationName ++ &quot;.&quot; ++ &quot;aml-sql-sys-api-patch-distributions-status-subflow&quot; ++ &quot;.Start--&quot;] ++ #[payload]"/>
		<http:request method="${system.aml-sql-sys-api.request.patch-distributions-status.method}" doc:name="aml-sql-sys-api PATCH /distributions/{PolicyNumber}/status Request" doc:id="c94d22a0-3de2-4146-9d56-3cc6a23297fa" config-ref="HTTP_Request_configuration" path="${system.aml-sql-sys-api.request.patch-distributions-status.path}">
			<http:headers ><![CDATA[#[output application/java
---
{
	"Client-Id": p('system.aml-sql-sys-api.request.client-id'),
	"Client-Secret": p('system.aml-sql-sys-api.request.client-secret')
}]]]></http:headers>
			<http:uri-params ><![CDATA[#[output application/java
---
{
	"PolicyNumber": vars.policyNo
}]]]></http:uri-params>
		</http:request>
		<logger level="INFO" doc:name="END aml-sql-sys-api-patch-distributions-status-subflow" doc:id="84e5827d-fe8b-4913-a045-d037bf3d909c" message="#[p('global.properties.api.id') ++ &quot;.&quot; ++ p('global.properties.api.appName') ++ &quot;.&quot; ++ vars.operationId ++ &quot;.&quot; ++ vars.operationName ++ &quot;.&quot; ++ &quot;aml-sql-sys-api-patch-distributions-status-subflow&quot; ++ &quot;.End--&quot;] ++ #[payload]"/>
	</sub-flow>
	<sub-flow name="aml-sql-sys-api-get-email-templates-subflow" doc:id="b26fd48a-1691-415a-8f66-48c3f1c4f705" >
		<logger level="INFO" doc:name="START aml-sql-sys-api-get-email-templates-subflow" doc:id="aae865b0-7754-4c02-9b20-e9baedee4228" message="#[p('global.properties.api.id') ++ &quot;.&quot; ++ p('global.properties.api.appName') ++ &quot;.&quot; ++ vars.operationId ++ &quot;.&quot; ++ vars.operationName ++ &quot;.&quot; ++ &quot;aml-sql-sys-api-get-email-templates-subflow&quot; ++ &quot;.Start--&quot;] ++ #[payload]"/>
		<http:request method="${system.aml-sql-sys-api.request.get-email-templates.method}" doc:name="aml-sql-sys-api GET /email/templates Request" doc:id="64c321e5-eac8-4448-be44-f2d8cea68a38" config-ref="HTTP_Request_configuration" path="${system.aml-sql-sys-api.request.get-email-templates.path}">
			<http:headers ><![CDATA[#[output application/java
---
{
	"Client-Id": p('system.aml-sql-sys-api.request.client-id'),
	"Client-Secret": p('system.aml-sql-sys-api.request.client-secret')
}]]]></http:headers>
		</http:request>
		<logger level="INFO" doc:name="END aml-sql-sys-api-get-email-templates-subflow" doc:id="731cb278-628d-48b8-bc65-a2555e370ab7" message="#[p('global.properties.api.id') ++ &quot;.&quot; ++ p('global.properties.api.appName') ++ &quot;.&quot; ++ vars.operationId ++ &quot;.&quot; ++ vars.operationName ++ &quot;.&quot; ++ &quot;aml-sql-sys-api-get-email-templates-subflow&quot; ++ &quot;.End--&quot;] ++ #[payload]"/>
	</sub-flow>
	<sub-flow name="aml-sql-sys-api-get-transactions-subflow" doc:id="6cf39d7a-ecd2-4137-bbf0-27fccdf6c864" >
		<logger level="INFO" doc:name="START aml-sql-sys-api-get-transactions-subflow" doc:id="f75fd3db-11dc-418e-ba9d-25bbc6eff0f9" message="#[p('global.properties.api.id') ++ &quot;.&quot; ++ p('global.properties.api.appName') ++ &quot;.&quot; ++ vars.operationId ++ &quot;.&quot; ++ vars.operationName ++ &quot;.&quot; ++ &quot;aml-sql-sys-api-get-transactions-subflow&quot; ++ &quot;.Start--&quot;] ++ #[payload]"/>
		<http:request method="${system.aml-sql-sys-api.request.get-transactions.method}" doc:name="aml-sql-sys-api GET /transactions Request" doc:id="f24d2359-c661-47a3-8ddf-1b7f65608e82" config-ref="HTTP_Request_configuration" path="${system.aml-sql-sys-api.request.get-transactions.path}">
			<http:headers ><![CDATA[#[output application/java
---
{
	"Client-Id": p('system.aml-sql-sys-api.request.client-id'),
	"Client-Secret": p('system.aml-sql-sys-api.request.client-secret')
}]]]></http:headers>
			<http:query-params ><![CDATA[#[vars.queryParams]]]></http:query-params>
		</http:request>
		<logger level="INFO" doc:name="END aml-sql-sys-api-get-transactions-subflow" doc:id="b52ca3cf-be51-49da-9725-54578796caf9" message="#[p('global.properties.api.id') ++ &quot;.&quot; ++ p('global.properties.api.appName') ++ &quot;.&quot; ++ vars.operationId ++ &quot;.&quot; ++ vars.operationName ++ &quot;.&quot; ++ &quot;aml-sql-sys-api-get-transactions-subflow&quot; ++ &quot;.End--&quot;] ++ #[payload]"/>
	</sub-flow>
</mule>
