<?xml version="1.0" encoding="UTF-8"?>

<mule xmlns:http="http://www.mulesoft.org/schema/mule/http" xmlns="http://www.mulesoft.org/schema/mule/core"
	xmlns:doc="http://www.mulesoft.org/schema/mule/documentation"
	xmlns:xsi="http://www.w3.org/2001/XMLSchema-instance" xsi:schemaLocation="http://www.mulesoft.org/schema/mule/core http://www.mulesoft.org/schema/mule/core/current/mule.xsd
http://www.mulesoft.org/schema/mule/http http://www.mulesoft.org/schema/mule/http/current/mule-http.xsd">
	<sub-flow name="messaging-sys-api-post-email-subflow" doc:id="bb4333ff-ffe2-409e-a525-b4ba7eba862c" >
		<logger level="INFO" doc:name="START messaging-sys-api-post-email-subflow" doc:id="aadd6e67-90ef-4fce-aa52-b3999b0b89c2" message="#[p('global.properties.api.id') ++ &quot;.&quot; ++ p('global.properties.api.appName') ++ &quot;.&quot; ++ vars.operationId ++ &quot;.&quot; ++ vars.operationName ++ &quot;.&quot; ++ &quot;messaging-sys-api-post-email-subflow&quot; ++ &quot;.End--&quot;] ++ #[payload]"/>
		<http:request method="${system.messaging-sys-api.request.post-email.method}" doc:name="messaging-sys-api POST /email" doc:id="dd41f287-bfc1-4088-b012-6dbac17533ac" path="${system.messaging-sys-api.request.post-email.path}" config-ref="HTTP_Request_configuration">
					<http:headers><![CDATA[#[output application/java
import p from Mule
---
{
	"Client-Id": p('system.messaging-sys-api.request.client-id'),
	"Client-Secret": p('system.messaging-sys-api.request.client-secret')
}]]]></http:headers>
		</http:request>
		<logger level="INFO" doc:name="END messaging-sys-api-post-email-subflow" doc:id="0117978f-c523-4b09-98f7-721efbbef919" message="#[p('global.properties.api.id') ++ &quot;.&quot; ++ p('global.properties.api.appName') ++ &quot;.&quot; ++ vars.operationId ++ &quot;.&quot; ++ vars.operationName ++ &quot;.&quot; ++ &quot;messaging-sys-api-post-email-subflow&quot; ++ &quot;.End--&quot;] ++ #[payload]"/>
	</sub-flow>
</mule>
