<?xml version="1.0" encoding="UTF-8"?>

<mule xmlns:ee="http://www.mulesoft.org/schema/mule/ee/core" xmlns:http="http://www.mulesoft.org/schema/mule/http"
	xmlns="http://www.mulesoft.org/schema/mule/core"
	xmlns:doc="http://www.mulesoft.org/schema/mule/documentation" xmlns:xsi="http://www.w3.org/2001/XMLSchema-instance" xsi:schemaLocation="http://www.mulesoft.org/schema/mule/core http://www.mulesoft.org/schema/mule/core/current/mule.xsd
http://www.mulesoft.org/schema/mule/http http://www.mulesoft.org/schema/mule/http/current/mule-http.xsd
http://www.mulesoft.org/schema/mule/ee/core http://www.mulesoft.org/schema/mule/ee/core/current/mule-ee.xsd">
	
	<sub-flow name="sys-shine-maam-flow" doc:id="d4ce4c1a-fd6d-4eb8-8874-1a2307f62937" >
		<logger level="INFO" doc:name="BEFORE REQUEST POST/maam-dev.axa.com/maam/v2/token" doc:id="15c024a4-77b7-4ad0-9d77-5f4f1b54531d" message="#[${file::dwl/logger/before-req-msg.dwl}]" />
	<http:request method="POST" doc:name="POST/maam-dev.axa.com/maam/v2/token" doc:id="822c005f-4458-42f0-822f-1ebcb35a8ada" config-ref="HTTP_Request_configuration_maam" responseTimeout="1800000" path="${system.maam.path}">
			<http:body><![CDATA[#[%dw 2.0
output application/x-www-form-urlencoded

---
{
	
     "scope" : p('system.maam.scope'),
    "client_id" : p('system.maam.client_id'),
    "client_secret" : p('secure::system.maam.client_secret'),
    "grant_type" : p('system.maam.grant_type') 
    
}]]]></http:body>
		</http:request>
		<logger level="INFO" doc:name="AFTER REQUEST POST/maam-dev.axa.com/maam/v2/token" doc:id="4520aad6-5a13-4f85-9535-187c926734cc" message="#[${file::dwl/logger/after-req-msg.dwl}]" />	
	</sub-flow>
	<sub-flow name="sys-shine-upload-flow" doc:id="f8a568aa-336e-4c22-b953-dbdc9ef7c825" >
		<ee:transform doc:name="Transfrom payload into Dw" doc:id="76506bf8-7353-40a8-bd9f-c73bcbacf30a" >
			<ee:message >
				<ee:set-payload ><![CDATA[%dw 2.0
output application/dw onlyData=true
---
payload]]></ee:set-payload>
			</ee:message>
		</ee:transform>
			<logger level="INFO" doc:name="BEFORE REQUEST POST /api-dev.se.axa-go.axa.com:443/shine/axago-dataload-api-v1-0-vrs/Upload/v1/UploadFile" doc:id="b3dc0406-ca51-47d1-8d7e-1bfd574c97f5" message="#[${file::dwl/logger/before-req-msg.dwl}]" />
		<http:request method="POST" doc:name="POST /api-dev.se.axa-go.axa.com:443/shine/axago-dataload-api-v1-0-vrs/Upload/v1/UploadFile" doc:id="2a0a81eb-9dec-4c8b-8010-454021e229f0" config-ref="HTTP_Request_configuration_upload" path="${system.upload.path}">
			<http:body><![CDATA[#[%dw 2.0
output multipart/form-data
---
payload]]]></http:body>
			<http:headers><![CDATA[#[output application/java
---
{
	"Authorization" : "Bearer " ++ vars.token 
}]]]></http:headers>
		</http:request>
		<logger level="INFO" doc:name="AFTER REQUEST POST /api-dev.se.axa-go.axa.com:443/shine/axago-dataload-api-v1-0-vrs/Upload/v1/UploadFile" doc:id="637c2f29-6665-4ca2-af38-0f01c3f4e745" message="#[${file::dwl/logger/after-req-msg.dwl}]" />	
		
	</sub-flow>
</mule>
