<?xml version="1.0" encoding="UTF-8"?>

<mule xmlns:email="http://www.mulesoft.org/schema/mule/email" xmlns:http="http://www.mulesoft.org/schema/mule/http"
	xmlns="http://www.mulesoft.org/schema/mule/core"
	xmlns:doc="http://www.mulesoft.org/schema/mule/documentation" xmlns:xsi="http://www.w3.org/2001/XMLSchema-instance" xsi:schemaLocation="http://www.mulesoft.org/schema/mule/core http://www.mulesoft.org/schema/mule/core/current/mule.xsd
http://www.mulesoft.org/schema/mule/http http://www.mulesoft.org/schema/mule/http/current/mule-http.xsd
http://www.mulesoft.org/schema/mule/email http://www.mulesoft.org/schema/mule/email/current/mule-email.xsd">
	
	<flow name="sys-post-messaging-api" doc:id="8248758a-82d6-48b6-9414-f1dbd223cc1b" >
		<logger level="INFO" doc:name="START Email" doc:id="0ad16cb0-0cdd-4c82-a2ac-784651139217" message="#[p('global.properties.api.id') ++ &quot;.&quot; ++ p('global.properties.api.appName') ++ &quot;.&quot; ++ p('global.properties.mule.operations.email.id') ++ &quot;.&quot; ++ p('global.properties.mule.operations.email.name') ++ &quot;.&quot; ++ &quot;sys-post-messaging-api&quot; ++ &quot;.Start--&quot;] ++ #[payload]"/>

		<until-successful maxRetries="3" doc:name="Until Successful" doc:id="29c86d85-cd7c-421d-9bbe-e933f5297483" millisBetweenRetries="3000">
			<http:request method="POST" doc:name="POST  /api/v1.0/Messaging/Email" doc:id="e9506dc5-b055-4a3f-9fb4-7e2eced9d2da" config-ref="HTTP_Request_configuration" path="${http.emailpath}" requestStreamingMode="AUTO">
			<reconnect />
			<http:headers><![CDATA[#[output application/java

---
{
	"Authorization" : p('http.authorization'),
	"x-user-country" : p('http.xusercountry')
}]]]></http:headers>
		</http:request>
		</until-successful>
		<logger level="INFO" doc:name="END Email" doc:id="7aec0909-6d35-4d52-867d-a5b3058e1546" message="#[p('global.properties.api.id') ++ &quot;.&quot; ++ p('global.properties.api.appName') ++ &quot;.&quot; ++ p('global.properties.mule.operations.email.id') ++ &quot;.&quot; ++ p('global.properties.mule.operations.email.name') ++ &quot;.&quot; ++ &quot;sys-post-messaging-api&quot; ++ &quot;.End--&quot;]  ++ #[payload]"/>
	</flow>
</mule>
