<?xml version="1.0" encoding="UTF-8"?>

<mule xmlns:api-gateway="http://www.mulesoft.org/schema/mule/api-gateway"
	xmlns:secure-properties="http://www.mulesoft.org/schema/mule/secure-properties" xmlns:db="http://www.mulesoft.org/schema/mule/db"
	xmlns:apikit="http://www.mulesoft.org/schema/mule/mule-apikit"
	xmlns:http="http://www.mulesoft.org/schema/mule/http" xmlns="http://www.mulesoft.org/schema/mule/core" xmlns:doc="http://www.mulesoft.org/schema/mule/documentation" xmlns:xsi="http://www.w3.org/2001/XMLSchema-instance" xsi:schemaLocation="
http://www.mulesoft.org/schema/mule/db http://www.mulesoft.org/schema/mule/db/current/mule-db.xsd http://www.mulesoft.org/schema/mule/core http://www.mulesoft.org/schema/mule/core/current/mule.xsd
http://www.mulesoft.org/schema/mule/http http://www.mulesoft.org/schema/mule/http/current/mule-http.xsd
http://www.mulesoft.org/schema/mule/mule-apikit http://www.mulesoft.org/schema/mule/mule-apikit/current/mule-apikit.xsd
http://www.mulesoft.org/schema/mule/secure-properties http://www.mulesoft.org/schema/mule/secure-properties/current/mule-secure-properties.xsd
http://www.mulesoft.org/schema/mule/api-gateway http://www.mulesoft.org/schema/mule/api-gateway/current/mule-api-gateway.xsd">
	
	<import doc:name="Import global error handler" doc:id="4e65750c-e7e2-4d0b-8eb4-c2cc5803a40a" file="common-global-error-handler.xml" />
	<import doc:name="Import apikit error handler" doc:id="578a0a0d-f63e-4f63-9658-4c48a1883921" file="common-apikit-error-handler.xml" />
	<import doc:name="Import messaging-sys-api" doc:id="5888ae87-c317-4b23-8a67-799625407bd1" file="system/messaging-sys-api-flow.xml" />
	
	 <apikit:config name="payout-exp-api-config" api="resource::331792da-b10c-491b-8881-10cd31aa171d:payout-exp-api:1.0.0:raml:zip:payout-exp-api.raml" outboundHeadersMapName="outboundHeaders" httpStatusVarName="httpStatus" />
     <configuration-properties doc:name="Configuration properties" doc:id="7e31ee3f-b584-4768-a821-0cd209878e21" file="config/${env}/config.yaml" />
	<configuration-properties doc:name="Configuration properties" doc:id="c63a6ec9-9fef-444e-8cd0-8450d5068aba" file="config/global/config.yaml" />
	<global-property doc:name="Global Property" doc:id="80072e53-e040-4552-bf29-7dcea5f13cd2" name="env" value="dev" />
	<global-property doc:name="Global Property" doc:id="c01b1e03-d9b2-4704-8a95-110b4ff70b15" name="key" value="1234567812345678" />
	<secure-properties:config name="Secure_Properties_Config" doc:name="Secure Properties Config" doc:id="aca6789f-2998-4577-8598-00a67fee3d6d" file="config/${env}/secure-config.yaml" key="${key}" />
     <api-gateway:autodiscovery apiId="${api.autodiscovery.id}" ignoreBasePath="true" doc:name="API Autodiscovery" doc:id="7d5f4231-99ef-4ef5-a274-27a772540b7c" flowRef="payout-exp-api-main" />
	 
</mule>
