<?xml version="1.0" encoding="UTF-8"?>

<mule xmlns:ee="http://www.mulesoft.org/schema/mule/ee/core"
	xmlns="http://www.mulesoft.org/schema/mule/core" xmlns:doc="http://www.mulesoft.org/schema/mule/documentation"
	xmlns:xsi="http://www.w3.org/2001/XMLSchema-instance"
	xsi:schemaLocation="
http://www.mulesoft.org/schema/mule/ee/core http://www.mulesoft.org/schema/mule/ee/core/current/mule-ee.xsd http://www.mulesoft.org/schema/mule/core http://www.mulesoft.org/schema/mule/core/current/mule.xsd">
	<sub-flow name="impl-create-file-main-subflow" doc:id="d1bcf077-cb5e-4595-b188-fe2b6c7d16bd" >
		<logger level="INFO" doc:name="START - Create File" doc:id="b79a67ae-e624-474c-abeb-97e119ecc357" message="#[${file::dwl/logger/start-msg.dwl}]"/>
		<ee:transform doc:name="Set Var - consumer, targetPath, fileExtension, fileName" doc:id="eee825d7-875e-476c-b8cf-d89b2f417d6d">
			<ee:message>
			</ee:message>
			<ee:variables>
				<ee:set-variable variableName="targetPath"><![CDATA[(read(p('mapping.location'),"application/json") filter $.code == attributes.Headers.TargetPath)[0].path
]]></ee:set-variable>
				<ee:set-variable variableName="consumer" ><![CDATA[upper(attributes.Headers.Consumer)]]></ee:set-variable>
				<ee:set-variable variableName="fileExtension" ><![CDATA[%dw 2.0
output application/json
---
lower(payload.FileExtensionType)]]></ee:set-variable>
				<ee:set-variable variableName="fileName" ><![CDATA[%dw 2.0
output application/json
---
payload.FileName]]></ee:set-variable>
			
</ee:variables>
		</ee:transform>
		<choice doc:name="Choice" doc:id="e3ca2cfc-f355-4efe-9dd2-ac06398fa4f1" >
			<when expression='#[vars.fileExtension == "csv"]'>
				<ee:transform doc:name="Create Payload" doc:id="9a87c3ee-c3ed-45ac-8c3f-1208a848cb56" >
					<ee:message >
						<ee:set-payload ><![CDATA[%dw 2.0
output application/csv separator = ",", header = true, lineSeparator = '\r\n'
---
payload.FileBody]]></ee:set-payload>
					</ee:message>
				</ee:transform>
			</when>
			<otherwise >
				<ee:transform doc:name="Create Payload" doc:id="d87c4ca8-47d4-44ca-88fb-055a6e4d3cfb" >
					<ee:message >
						<ee:set-payload ><![CDATA[%dw 2.0
output application/json
---
payload.FileBody]]></ee:set-payload>
					</ee:message>
				</ee:transform>
			</otherwise>
		</choice>
		<flow-ref doc:name="aml-sftp-create-file-subflow" doc:id="27282b5a-88c1-468f-a68e-89949cca93cc" name="aml-sftp-create-file-subflow" />
		<ee:transform doc:name="Response Payload" doc:id="6e26623d-0331-4e48-97f4-d9630a44ecaa" >
			<ee:message >
				<ee:set-payload ><![CDATA[%dw 2.0
output application/json
---
{
  "ResponseCode": p('response.success.code'),
  "ResponseStatus": p('response.success.message'),
  "CorrelationId": vars.correlationId,
  "Timestamp": now() >> "Asia/Manila",
  "Data": {
    "Message": "Files have been created successfully."
  }
}
]]></ee:set-payload>
			</ee:message>
		</ee:transform>
		<logger level="INFO" doc:name="END - Create File" doc:id="6f4a5004-c4b7-429a-9136-98af99a69ebd" message="#[${file::dwl/logger/end-msg.dwl}]"/>
	</sub-flow>	
</mule>
