<?xml version="1.0" encoding="UTF-8"?>

<mule xmlns:ee="http://www.mulesoft.org/schema/mule/ee/core" xmlns="http://www.mulesoft.org/schema/mule/core"
	xmlns:doc="http://www.mulesoft.org/schema/mule/documentation"
	xmlns:xsi="http://www.w3.org/2001/XMLSchema-instance" xsi:schemaLocation="http://www.mulesoft.org/schema/mule/core http://www.mulesoft.org/schema/mule/core/current/mule.xsd
http://www.mulesoft.org/schema/mule/ee/core http://www.mulesoft.org/schema/mule/ee/core/current/mule-ee.xsd">
	<sub-flow name="impl-archive-file-main-subflow" doc:id="55c7b7e8-d76d-473a-a0dd-21607904515c" >
		<logger level="INFO" doc:name="START - Archive files" doc:id="4dcb63b0-08d1-4f58-9dcb-6e6def3ebe82" message="#[${file::dwl/logger/start-msg.dwl}]"/>
		<ee:transform doc:name="Set Var - sourcePath, targetPath" doc:id="c5851700-a91a-4070-8383-3e1733437c2f">
			<ee:message>
			</ee:message>
			<ee:variables>
				<ee:set-variable variableName="targetPath"><![CDATA[(read(p('mapping.location'),"application/json") filter $.code == attributes.Headers.TargetPath)[0].path
]]></ee:set-variable>
				<ee:set-variable variableName="sourcePath" ><![CDATA[(read(p('mapping.location'),"application/json") filter $.code == attributes.Headers.sourcePath)[0].path
]]></ee:set-variable>
				<ee:set-variable variableName="consumer" ><![CDATA[upper(attributes.Headers.Consumer)]]></ee:set-variable>
			</ee:variables>
		</ee:transform>
		<foreach doc:name="For Each - payload.Files" doc:id="dd2089fd-8eaf-4ea7-8078-4e9f79a89964" collection="#[payload.Files]">
			<ee:transform doc:name="Append sourcePath" doc:id="25f958d8-e7ca-4b9f-84e2-040c40141a6c" >
				<ee:message >
				</ee:message>
				<ee:variables >
					<ee:set-variable variableName="filePath" ><![CDATA[%dw 2.0
output application/java
---
if (vars.consumer == 'SFTP')
vars.sourcePath ++ payload
else
payload]]></ee:set-variable>
				</ee:variables>
			</ee:transform>
			<flow-ref doc:name="aml-sftp-move-file-subflow" doc:id="f8182dbd-33f7-4424-9990-0569dcf41db3" name="aml-sftp-move-file-subflow" />
		</foreach>
		<ee:transform doc:name="Response Payload" doc:id="ae43cd91-673f-4eaa-95a4-9f6ce87dab5f" >
			<ee:message >
				<ee:set-payload ><![CDATA[%dw 2.0
output application/json
---
{
  "ResponseCode": p('response.success.code'),
  "ResponseStatus": p('response.success.message'),
  "CorrelationId": vars.correlationId,
  "Timestamp": now() >> "Asia/Manila",
  "Data": {
    "Message": "Files have been moved successfully."
  }
}
]]></ee:set-payload>
			</ee:message>
		</ee:transform>
		<logger level="INFO" doc:name="END - Archive files" doc:id="01845bb6-19e3-4395-814e-3741ac57ec65" message="#[${file::dwl/logger/end-msg.dwl}]"/>
	</sub-flow>
	</mule>
