<?xml version="1.0" encoding="UTF-8"?>

<mule xmlns:ee="http://www.mulesoft.org/schema/mule/ee/core" xmlns="http://www.mulesoft.org/schema/mule/core"
	xmlns:doc="http://www.mulesoft.org/schema/mule/documentation"
	xmlns:xsi="http://www.w3.org/2001/XMLSchema-instance" xsi:schemaLocation="http://www.mulesoft.org/schema/mule/core http://www.mulesoft.org/schema/mule/core/current/mule.xsd
http://www.mulesoft.org/schema/mule/ee/core http://www.mulesoft.org/schema/mule/ee/core/current/mule-ee.xsd">
	<sub-flow name="impl-read-file-main-subflow" doc:id="71cdb785-3297-4d3c-a51c-3a9ee5be06d0" >
		<logger level="INFO" doc:name="START - Read files" doc:id="2edd381a-8927-4de8-8886-f113c7aee880" message="#[${file::dwl/logger/start-msg.dwl}]"/>
		<ee:transform doc:name="Set Var - accFileData, sourcePath" doc:id="6f08b3e0-13b1-4828-804e-e3016c215343" >
			<ee:message >
			</ee:message>
			<ee:variables >
				<ee:set-variable variableName="sourcePath" ><![CDATA[(read(p('mapping.location'),"application/json") filter $.code == attributes.queryParams.sourcePath)[0].path
]]></ee:set-variable>
				<ee:set-variable variableName="accFileData" ><![CDATA[%dw 2.0
output application/json
---
[]]]></ee:set-variable>
				<ee:set-variable variableName="consumer" ><![CDATA[upper(attributes.Headers.Consumer)]]></ee:set-variable>
			</ee:variables>
		</ee:transform>
		<flow-ref doc:name="impl-read-file-list-all-files-subflow" doc:id="cfa4c577-3602-4d78-ba17-6654b6c0a398" name="impl-read-file-list-all-files-subflow"/>
		<choice doc:name="Choice" doc:id="416a5e86-ffd3-4766-9fb1-e5397948e7c9" >
			<when expression="#[!(sizeOf(payload) == 0)]"> 
				<choice doc:name="Choice" doc:id="aeb11435-1c1c-46c5-9405-beeb38030d1e">
					<when expression='#[vars.consumer == "SMB"]'>
						<flow-ref doc:name="impl-read-file-iterate-files-subflow" doc:id="64f4ae7c-082e-4788-b4d9-faa71f2a7729" name="impl-read-file-iterate-files-subflow" />
					</when>
				</choice>
				<ee:transform doc:name="Response Payload" doc:id="6152c12d-0e16-4790-8109-c71c887b424c">
			<ee:message>
				<ee:set-payload><![CDATA[%dw 2.0
output application/json
---
{
  "ResponseCode": p('response.success.code'),
  "ResponseStatus": p('response.success.message'),
  "CorrelationId": vars.correlationId,
  "Timestamp": now() >> "Asia/Manila",
  "Data": if ( vars.consumer == 'SFTP') payload
          else vars.accFileData
}
]]></ee:set-payload>
			</ee:message>
		</ee:transform>
			</when>
			<otherwise >
				<logger level="INFO" doc:name="No files found in the source path." doc:id="530fe671-af2a-43f3-b523-5be4aebd0e09" message="No files found in the source path."/>
			</otherwise>
		</choice>
		<logger level="INFO" doc:name="END - Read files" doc:id="dca07ad7-f1a8-4083-b4c8-aa7d61de29cd" message="#[${file::dwl/logger/end-msg.dwl}]"/>
	</sub-flow>
	<sub-flow name="impl-read-file-list-all-files-subflow" doc:id="96088929-2ad6-4bff-9d8d-c2f9565c6205" >
		<flow-ref doc:name="aml-sftp-list-files-subflow" doc:id="aebb9e51-bc77-4332-8f62-9abb43900e97" name="aml-sftp-list-files-subflow"/>
		<ee:transform doc:name="List Files" doc:id="c3e4e13d-56de-422a-a52d-b96a5370306d" >
			<ee:message >
				<ee:set-payload ><![CDATA[%dw 2.0
output application/json
---

if (vars.consumer == 'SFTP')
payload map {
	"FileName": $.attributes.name,
	"FileData": $.payload
}
else
payload map {
	"FileName": $.Filename
}]]></ee:set-payload>
			</ee:message>
		</ee:transform>
	</sub-flow>
	<sub-flow name="impl-read-file-iterate-files-subflow" doc:id="10073545-a41e-425e-8f37-13ae1bd12f7f" >
		<choice doc:name="ROUTE Target consumer" doc:id="a3490aed-c8e5-424a-801b-ee48eac19d50" >
			<when expression="#[vars.consumer == 'SFTP']">
				<foreach doc:name="For Each - Files" doc:id="6ceeed44-b047-46b7-8918-c13500be7b69" collection="#[payload.Files]">
			<ee:transform doc:name="Set Var - filePath" doc:id="e6cfc235-4b83-4ce6-b38f-41a77c9a1546">
				<ee:message>
				</ee:message>
				<ee:variables>
					<ee:set-variable variableName="filePath"><![CDATA[%dw 2.0
output application/java
---

vars.sourcePath ++ payload
]]></ee:set-variable>
					<ee:set-variable variableName="fileName"><![CDATA[payload]]></ee:set-variable>
				</ee:variables>
			</ee:transform>
			<flow-ref doc:name="aml-sftp-read-file-subflow" doc:id="69b94f92-d33b-4f93-83f0-186244b4a49f" name="aml-sftp-read-file-subflow" />
			<ee:transform doc:name="Set Var - accFileData" doc:id="b6d60a3e-cf98-4b95-bac5-b44555e6edf2">
				<ee:message>
				</ee:message>
				<ee:variables>
					<ee:set-variable variableName="accFileData"><![CDATA[%dw 2.0
var fileObject = {
    "FileName": vars.fileName,
    "FileData": payload
}
output application/json
---
vars.accFileData + fileObject]]></ee:set-variable>
				</ee:variables>
			</ee:transform>
		</foreach>
			</when>
			<otherwise>
				<foreach doc:name="For Each - Files" doc:id="08391c40-86b3-4ada-afe6-bd2314760e64" collection="payload">
					<ee:transform doc:name="Set Var - filePath" doc:id="c51d5ae4-6114-4087-a4dc-a50e1cf54689">
				<ee:message>
				</ee:message>
				<ee:variables>
					<ee:set-variable variableName="filePath"><![CDATA[payload.FileName
]]></ee:set-variable>
				</ee:variables>
			</ee:transform>
					<flow-ref doc:name="aml-sftp-read-file-subflow" doc:id="bc48a981-2592-46fa-a74d-302252d28683" name="aml-sftp-read-file-subflow"/>
					<ee:transform doc:name="Set Var - accFileData" doc:id="eb1b0587-fe0f-44ec-b13c-561e092bb661">
					<ee:message>
					</ee:message>
						<ee:variables >
							<ee:set-variable variableName="accFileData" ><![CDATA[%dw 2.0
var data = read(payload,"application/csv")

var fileObject = {
    "FileName": vars.filePath,
    "FileData": data
}
output application/json
---
vars.accFileData + fileObject]]></ee:set-variable>
						</ee:variables>
				</ee:transform>
				</foreach>
			</otherwise>
		</choice>
	</sub-flow>
</mule>
