<?xml version="1.0" encoding="UTF-8"?>

<mule xmlns:tls="http://www.mulesoft.org/schema/mule/tls"
	xmlns:salesforce="http://www.mulesoft.org/schema/mule/salesforce"
	xmlns:secure-properties="http://www.mulesoft.org/schema/mule/secure-properties"
	xmlns:api-gateway="http://www.mulesoft.org/schema/mule/api-gateway" xmlns:wsc="http://www.mulesoft.org/schema/mule/wsc"
	xmlns:apikit="http://www.mulesoft.org/schema/mule/mule-apikit"
	xmlns:http="http://www.mulesoft.org/schema/mule/http" xmlns="http://www.mulesoft.org/schema/mule/core" xmlns:doc="http://www.mulesoft.org/schema/mule/documentation" xmlns:xsi="http://www.w3.org/2001/XMLSchema-instance" xsi:schemaLocation="
http://www.mulesoft.org/schema/mule/api-gateway http://www.mulesoft.org/schema/mule/api-gateway/current/mule-api-gateway.xsd 
http://www.mulesoft.org/schema/mule/mule-apikit http://www.mulesoft.org/schema/mule/mule-apikit/current/mule-apikit.xsd 
http://www.mulesoft.org/schema/mule/http http://www.mulesoft.org/schema/mule/http/current/mule-http.xsd http://www.mulesoft.org/schema/mule/core http://www.mulesoft.org/schema/mule/core/current/mule.xsd
http://www.mulesoft.org/schema/mule/wsc http://www.mulesoft.org/schema/mule/wsc/current/mule-wsc.xsd
http://www.mulesoft.org/schema/mule/secure-properties http://www.mulesoft.org/schema/mule/secure-properties/current/mule-secure-properties.xsd
http://www.mulesoft.org/schema/mule/salesforce http://www.mulesoft.org/schema/mule/salesforce/current/mule-salesforce.xsd
http://www.mulesoft.org/schema/mule/tls http://www.mulesoft.org/schema/mule/tls/current/mule-tls.xsd">
	<import doc:name="Import global error handler" doc:id="8ce29ab5-5e39-4d5b-afe0-aef197ccd6ac" file="common-global-error-handler.xml" />
	<import doc:name="Import apikit error handler" doc:id="6545dba8-2184-45e6-8643-c325562f101e" file="common-apikit-error-handler.xml" />
	<import doc:name="Import messaging-sys-api" doc:id="9f81670e-6db8-4764-8e13-9b889d80a2d3" file="system/messaging-sys-api-flow.xml" />
	<global-property doc:name="Global Property" doc:id="433fa7e4-905e-4c10-a274-916b98a60d3a" name="env" value="dev" />
	<configuration-properties doc:name="Configuration properties" doc:id="cdba1822-ccbc-4f02-97c6-cf9890a8c671" file="config/${env}/config.yaml" />
	<configuration-properties doc:name="Configuration properties" doc:id="a8e138f0-8c0b-4c66-a96f-a9b0ca2b90bc" file="config/global/config.yaml" />
	
	<secure-properties:config name="Secure_Properties_Config" doc:name="Secure Properties Config" doc:id="1a6542a8-d367-46dc-ae3b-3a8e4ac4184a" file="config/${env}/config.yaml" key="${key}" />
	<global-property doc:name="Global Property" doc:id="2b6271ab-cc64-4ce2-8909-be0e9e3c42bb" name="key" value="1234567812345678" />
	
	<configuration doc:name="Configuration" doc:id="8f02fa26-a943-44b6-a534-45b8a71b159b" defaultErrorHandler-ref="common-global-Error_Handler" defaultResponseTimeout="1700000" />
	
 
    <http:request-config name="HTTP_Request_configuration_maam" doc:name="HTTP Request configuration" doc:id="9f5e5c5e-7306-4e80-bbb5-ccae42a19c73" >
		<http:request-connection protocol="HTTPS" host="${system.maam.host}">
		<tls:context >
				<tls:trust-store insecure="true" />
			</tls:context>
			<http:proxy-config >
				<http:proxy host="${proxy.host}" port="${proxy.port}" />
			</http:proxy-config>
		</http:request-connection>	
	</http:request-config>
	
	<http:request-config name="HTTP_Request_configuration_upload" doc:name="HTTP Request configuration" doc:id="eda64664-1ca2-48c1-b2d7-e0077df47dd3" >
		<http:request-connection protocol="HTTPS" host="${system.upload.host}" connectionIdleTimeout="50000">
			<tls:context >
				<tls:trust-store insecure="true" />
			</tls:context>
			<http:proxy-config >
				<http:proxy host="${proxy.host}" port="${proxy.port}" />
			</http:proxy-config>
		</http:request-connection>
	</http:request-config>
	<api-gateway:autodiscovery apiId="${api.autodiscovery.id}" ignoreBasePath="true" doc:name="API Autodiscovery" doc:id="56ce2cd3-caed-4406-b361-d8031d7d811e" flowRef="shine-sys-api-main" />
	
</mule>
