<?xml version="1.0" encoding="UTF-8"?>

<mule xmlns:validation="http://www.mulesoft.org/schema/mule/validation" xmlns:os="http://www.mulesoft.org/schema/mule/os"
	xmlns:ee="http://www.mulesoft.org/schema/mule/ee/core"
	xmlns="http://www.mulesoft.org/schema/mule/core" xmlns:doc="http://www.mulesoft.org/schema/mule/documentation" xmlns:xsi="http://www.w3.org/2001/XMLSchema-instance" xsi:schemaLocation="http://www.mulesoft.org/schema/mule/core http://www.mulesoft.org/schema/mule/core/current/mule.xsd
http://www.mulesoft.org/schema/mule/ee/core http://www.mulesoft.org/schema/mule/ee/core/current/mule-ee.xsd
http://www.mulesoft.org/schema/mule/os http://www.mulesoft.org/schema/mule/os/current/mule-os.xsd
http://www.mulesoft.org/schema/mule/validation http://www.mulesoft.org/schema/mule/validation/current/mule-validation.xsd">
	
	<sub-flow name="impl-screening-main-subflow" doc:id="add97ac8-37d3-47a1-a6a3-3402aeb5f5bb" >
		<logger level="INFO" doc:name="START impl-screening-main-subflow" doc:id="ee5a3e57-b75d-447e-a48e-0f1d994ff086" message="#[p('global.properties.api.id') ++ &quot;.&quot; ++ p('global.properties.api.appName') ++ &quot;.&quot; ++ vars.operationId ++ &quot;.&quot; ++ vars.operationName ++ &quot;.&quot; ++ &quot;impl-screening-main-subflow&quot; ++ &quot;.Start--&quot;] ++ #[payload]"/>
		<ee:transform doc:name="Set Var - origPayload, Reference, txnList, netrevealRespList" doc:id="3aeba4bd-5438-420c-a3bf-a2c46ca58077" >
			<ee:message >
			</ee:message>
			<ee:variables >
				<ee:set-variable variableName="origPayload" ><![CDATA[payload]]></ee:set-variable>
				<ee:set-variable variableName="Reference" ><![CDATA[%dw 2.0
output application/json
var content = p('variables.reference')
---
read(content, 'application/yaml') splitBy ","]]></ee:set-variable>
				<ee:set-variable variableName="txnList" ><![CDATA[%dw 2.0
output application/json
---
[]]]></ee:set-variable>
				<ee:set-variable variableName="netrevealRespList" ><![CDATA[%dw 2.0
output application/json
---
[]]]></ee:set-variable>
			</ee:variables>
		</ee:transform>
		<flow-ref doc:name="impl-screening-get-references-subflow" doc:id="16419e76-47fd-4eb6-b662-c5952a9d6d5e" name="impl-screening-get-references-subflow" />
		<flow-ref doc:name="impl-screening-iterate-policy-subflow" doc:id="2ec43b26-4fd7-475a-abc3-53fe3e9b66f8" name="impl-screening-iterate-policy-subflow"/>
		<flow-ref doc:name="impl-screening-post-transactions-subflow" doc:id="87c4b82c-21d5-4dd1-95fb-f842471fc490" name="impl-screening-post-transactions-subflow" />
		<ee:transform doc:name="Response Payload" doc:id="47497338-0883-4b61-b3f2-4ede4d88dd36" >
			<ee:message >
				<ee:set-payload ><![CDATA[%dw 2.0
output application/json
---
{
  "ResponseCode": p('response.success.code'),
  "ResponseStatus": p('response.success.message'),
  "CorrelationId": vars.correlationId,
  "Timestamp": now() >> "Asia/Manila",
  "Data": {
    "PolicyNumber": vars.origPayload.PolicyNumber,
    "NetrevealStatus": vars.policyStatus
  }
}]]></ee:set-payload>
			</ee:message>
		</ee:transform>
		<logger level="INFO" doc:name="END impl-screening-main-subflow" doc:id="56be09d0-c11b-4eff-9c36-52fbe1b9b285" message="#[p('global.properties.api.id') ++ &quot;.&quot; ++ p('global.properties.api.appName') ++ &quot;.&quot; ++ vars.operationId ++ &quot;.&quot; ++ vars.operationName ++ &quot;.&quot; ++ &quot;impl-screening-main-subflow&quot; ++ &quot;.End--&quot;] ++ #[payload]"/>
	</sub-flow>
	<sub-flow name="impl-screening-get-references-subflow" doc:id="48789f1e-9337-4cd3-9cbd-6e36be7b62ae" >
		<parallel-foreach doc:name="Parallel For Each - Reference" doc:id="c2ae0bfb-c23a-43a7-9698-eff01ce9eb58" collection="#[vars.Reference]" target="referenceTables">
			<ee:transform doc:name="Set Var - uriParams, ref" doc:id="07ec49c3-213e-4513-a36e-7b7138fe7383">
			<ee:message>
			</ee:message>
			<ee:variables>
				<ee:set-variable variableName="uriParams"><![CDATA[%dw 2.0
output application/json
---
{
	Reference: payload
}]]></ee:set-variable>
					<ee:set-variable variableName="ref"><![CDATA[payload]]></ee:set-variable>
			</ee:variables>
		</ee:transform>
				<ee:cache doc:name="Cache" doc:id="f4b24bd8-d2f2-4486-a06c-ef4cba812716" cachingStrategy-ref="Caching_Strategy">
				<flow-ref doc:name="aml-sql-sys-api-get-references-subflow" doc:id="14a8447a-78ec-400d-a6bf-7234d514caf8" name="aml-sql-sys-api-get-references-subflow" />
				<ee:transform doc:name="Add ReferenceTable to Payload" doc:id="39a52cb6-f506-4322-8d09-59a798a7ab70">
				<ee:message>
					<ee:set-payload><![CDATA[%dw 2.0
output application/json
---
payload
++
"ReferenceTable": vars.ref]]></ee:set-payload>
				</ee:message>
					<ee:variables>
					</ee:variables>
			</ee:transform>
		</ee:cache>
			</parallel-foreach>
	</sub-flow>
	<sub-flow name="impl-screening-iterate-policy-subflow" doc:id="25178a03-b3b2-48a2-b292-8f6737cfb6ae" >
		<foreach doc:name="For Each - Policy" doc:id="a20b2597-341a-41d8-a8ed-cbf36bc647ad" collection="#[vars.origPayload.Policy]">
			<ee:transform doc:name="Set Variable - indexPayload" doc:id="26c020d8-1e1a-4a06-835d-5b2b9f386310" >
				<ee:message >
				</ee:message>
				<ee:variables >
					<ee:set-variable variableName="indexPayload" ><![CDATA[payload]]></ee:set-variable>
				</ee:variables>
			</ee:transform>
			<ee:transform doc:name="Transform Payload for WLM Screening" doc:id="68bbcd0c-91ee-4b93-be42-11092ff6f46e">
			<ee:message>
			</ee:message>
				<ee:variables >
					<ee:set-variable variableName="wlmRequestPayload" ><![CDATA[%dw 2.0
import indexWhere from dw::core::Arrays
import update from dw::util::Values
import * from dw::util::Coercions

var refTables = vars.referenceTables.payload
var occupationData = {(refTables[refTables indexWhere (item) -> item.ReferenceTable matches "Occupation"].Data
						map (($.Description) : $.Code))}

var genderData = {(refTables[refTables indexWhere (item) -> item.ReferenceTable matches "Gender"].Data
						map (($.Description) : $.Code))}
						
var customerTypeData = {(refTables[refTables indexWhere (item) -> item.ReferenceTable matches "CustomerType"].Data
						map (($.Description) : $.Code))}
						
var countryData = {(refTables[refTables indexWhere (item) -> item.ReferenceTable matches "Country"].Data
						map (($.Description) : $.Code))}

var industryData = {(refTables[refTables indexWhere (item) -> item.ReferenceTable matches "Industry"].Data
						map (($.Description) : $.Code))}

var dateOfBirth = vars.indexPayload.DateOfBirth replace  /[-\/]/ with ("")

output application/json
---
{
  "id": "1",
  "type": p('parameters.wml.payload.type') default "AXA_GC_Realtime_JsonObjectGraph",
  "sequence": p('parameters.wml.payload.sequence') default "WLM-Realtime-ScreenCustomer",
  "mainOrgunitCode": p('parameters.wml.payload.mainOrgunitCode') default "058",
  "data": {
    "txn": {
      "customerSourceUniqueId": "",
      "customerTypeCode": customerTypeData[vars.indexPayload.CustomerType],
      "personTitle": vars.indexPayload.PersonTitle default "",
      "firstName": vars.indexPayload.FirstName default "",
      "middleNames": vars.indexPayload.MiddleNames default "",
      "lastName": vars.indexPayload.LastName,
      "customerName": vars.indexPayload.CustomerName default "",
      "companyName": vars.indexPayload.CompanyName default "",
      "dateOfBirth": toString(dateOfBirth) default "",
      "address": vars.indexPayload.Address default "",
      "city": vars.indexPayload.City default "",
      "postalCode": vars.indexPayload.PostalCode,
      "countryOfResidence": countryData[vars.indexPayload.CountryOfResidence],
      "nationalityCode": countryData[vars.indexPayload.Nationality],
      "placeOfBirth": vars.indexPayload.PlaceOfBirth,
      "genderCode": genderData[vars.indexPayload.Gender],
      "occupation": {"occupation_1": occupationData[vars.indexPayload.Occupation] },
      "acquisitionDate": (now() as String{format: "yyyyMMdd"}) as String,
      "cancelledDate": (now() as String{format: "yyyyMMdd"} + 1) as String,
      "customerStatusCode": "ACTIVE",
      "residenceFlag": "Y",
      "taxNumber": vars.indexPayload.TaxNumber,
      "runTimestamp": (now() as String{format: "yyyyMMddhhmmss"}) as String,
      "orgunitCode":  p('parameters.wml.payload.mainOrgunitCode') default "058",
      "zone": vars.indexPayload.Zone,
      "nationalityCode2": countryData[vars.indexPayload.Nationality2] default "X2",
      "identificationNumber": vars.indexPayload.IdentificationNumber,
      "xSubscriptionKeyword": "NA",
      "xSourceSystem": "NA",
      "xScreeningEndDate": (now() as String{format: "yyyyMMdd"} + 1) as String
    }
  }
}]]></ee:set-variable>
				</ee:variables>
		
</ee:transform>
			<flow-ref doc:name="impl-screening-validate-reference-values-subflow" doc:id="1d49a354-1ff1-45a4-8625-468bebb697e6" name="impl-screening-validate-reference-values-subflow" />
			<flow-ref doc:name="impl-screening-post-assignid-subflow" doc:id="274b7522-aa30-4009-9dd1-098d25dfb6b2" name="impl-screening-post-assignid-subflow" />
			<ee:transform doc:name="Set customerSourceUniqueId" doc:id="5a592803-9212-4854-84ee-744805c44257" >
				<ee:message >
				</ee:message>
				<ee:variables >
					<ee:set-variable variableName="wlmRequestPayload" ><![CDATA[%dw 2.0
import * from dw::util::Values
output application/json

var wlmPayload = vars.wlmRequestPayload update ["data", "txn", field("customerSourceUniqueId")] with vars.indexPayload.CustomerSourceUniqueId
var wlmPayloadFinal = wlmPayload as Object update "id" with vars.indexPayload.CustomerSourceUniqueId
---
wlmPayloadFinal]]></ee:set-variable>
				</ee:variables>
			</ee:transform>
			<try doc:name="Try" doc:id="263087d5-10b4-4d60-bf53-27c98ec14d1c" >
				<ee:transform doc:name="Request Payload for NetReveal Sys API" doc:id="31962074-89ea-4155-8813-dc45a817da69" >
					<ee:message >
						<ee:set-payload ><![CDATA[%dw 2.0
output application/java
---
vars.wlmRequestPayload]]></ee:set-payload>
					</ee:message>
				</ee:transform>
				<flow-ref doc:name="impl-screening-post-wlmscreening-subflow" doc:id="af7335f1-e769-4ebf-a444-6ac16cae3cb0" name="impl-screening-post-wlmscreening-subflow" />
				<error-handler >
					<on-error-continue enableNotifications="true" logException="true" doc:name="On Error Continue" doc:id="e7a80186-92d4-49c8-8684-0eb46d55a0fc" >
						<logger level="ERROR" doc:name="Netreveal API Error" doc:id="fee789d6-89d1-4a21-b379-2217d1a751f1" message="Netreveal API Error"/>
						<flow-ref doc:name="aml-sql-sys-api-get-email-templates-subflow" doc:id="88726578-b946-464e-82b5-3cf8c2fbd175" name="aml-sql-sys-api-get-email-templates-subflow"/>
						<ee:transform doc:name="Request Payload for messaging-sys-api" doc:id="69a8c2aa-c653-4a82-ae9d-cff3f9294e03" >
							<ee:message >
								<ee:set-payload ><![CDATA[%dw 2.0
import toBase64 from dw::core::Binaries

var currentTime = now() >> "Asia/Manila"
var complianceTemplate = (payload.Data filter ($.LevelCode == "APIError_Compliance"))[0]
var uwTemplate = (payload.Data filter ($.LevelCode == "APIError_UW"))[0]
var fileData = 
	{
		"DateCreated": currentTime,
		"PolicyNumber": vars.origPayload.PolicyNumber,
		"CustomerSourceUniqueId": vars.indexPayload.CustomerSourceUniqueId,
		"FirstName": vars.indexPayload.FirstName,
		"MiddleName": vars.indexPayload.MiddleNames,
		"LastName": vars.indexPayload.LastName,
		"ComplianceLevel": "1",
		"GenericStatus": ""
	}

var fileName = "WLMError_" ++ currentTime as String {format: "yyyyMMddHHmmssms" }  ++ ".csv"
var file = toBase64(write(fileData, 'application/csv',{"header":true, "quoteValues" : true}))

output application/json
---
[
	{
	  "Sender": "no-reply@axa.com.ph",
	  "SenderName": "No Reply",
	  "Subject": complianceTemplate.Subject,
	  "Body": complianceTemplate.Body,
	  "Recipient": complianceTemplate.Recipients,
	  "SourceId": 2,
	  "FileName": [
	    fileName
	  ],
	  "FileType": [
	    "application/csv"
	  ],
	  "File": [
	    file
	  ]
	},
	{
	  "Sender": "no-reply@axa.com.ph",
	  "SenderName": "No Reply",
	  "Subject": uwTemplate.Subject,
	  "Body": uwTemplate.Body,
	  "Recipient": uwTemplate.Recipients,
	  "SourceId": 2,
	  "FileName": [
	    fileName
	  ],
	  "FileType": [
	    "application/csv"
	  ],
	  "File": [
	    file
	  ]
	}
	
]]]></ee:set-payload>
							</ee:message>
						</ee:transform>
						<parallel-foreach doc:name="Parallel For Each - payload" doc:id="0f36b01e-8d6d-4270-b098-593380ad419a" collection="#[payload]">
							<flow-ref doc:name="messaging-sys-api-post-email-subflow" doc:id="9b898d25-64e4-4eba-a285-ab1e8992ad94" name="messaging-sys-api-post-email-subflow" />
						</parallel-foreach>
					</on-error-continue>
				</error-handler>
			</try>
			<ee:transform doc:name="Accumulate txnList" doc:id="4854bd7f-1ee0-4438-ad3d-3aab3b758325">
						<ee:message>
						</ee:message>
						<ee:variables>
					<ee:set-variable variableName="txnList"><![CDATA[%dw 2.0
output application/json
---
vars.txnList + vars.indexPayload]]></ee:set-variable>
						</ee:variables>
					</ee:transform>
		</foreach>
		<ee:transform doc:name="Overall Policy Status" doc:id="144aec5f-0f3a-4b77-a0fc-e62fd6bb167b" >
			<ee:message >
			</ee:message>
			<ee:variables >
				<ee:set-variable variableName="policyStatus" ><![CDATA[%dw 2.0
var responseList = vars.netrevealRespList default []
output application/json
---
if(!isEmpty(responseList))(
if((responseList map 
    if($.WLMResult == "NOHIT") true
    else false) reduce ($$ and $)) "No Hit"
else "Hit")
else "Hit"]]></ee:set-variable>
			</ee:variables>
		</ee:transform>
	</sub-flow>
	<sub-flow name="impl-screening-validate-reference-values-subflow" doc:id="2c75d1f5-6671-4b94-a6b3-75627bed3c3f" >
		<validation:is-not-null doc:name="genderCode Is not null" doc:id="901e1c19-4334-470d-aa52-76f4b315b18a" value="#[vars.wlmRequestPayload.data.txn.genderCode]" config-ref="Validation_Config" message='#["Gender value not found in the reference table for Customer Name: " ++ vars.wlmRequestPayload.data.txn.customerName]'/>
		<validation:is-not-null doc:name="nationalityCode Is not null" doc:id="506d803b-73c7-4415-85c9-02f888512066" config-ref="Validation_Config" value="#[vars.wlmRequestPayload.data.txn.nationalityCode]" message='#["Nationality value not found in the reference table for Customer Name: " ++ vars.wlmRequestPayload.data.txn.customerName]'/>
		<validation:is-not-null doc:name="countryOfResidence Is not null" doc:id="0c045ea5-07d2-42f5-9e55-1a40054c1195" message='#["CountryOfResidence value not found in the reference table for Customer Name: " ++ vars.wlmRequestPayload.data.txn.customerName]' config-ref="Validation_Config" value="#[vars.wlmRequestPayload.data.txn.countryOfResidence]"/>
		<validation:is-not-null doc:name="nationalityCode2 Is not null" doc:id="d5edb03d-b952-47aa-861e-12a1d97ddbb3" config-ref="Validation_Config" value="#[vars.wlmRequestPayload.data.txn.nationalityCode2]" message='#["Nationality2 value not found in the reference table for Customer Name: " ++ vars.wlmRequestPayload.data.txn.customerName]'/>
	</sub-flow>
	<sub-flow name="impl-screening-post-assignid-subflow" doc:id="4c893161-a056-4b29-9d96-c426f55984a6" >
		<ee:transform doc:name="Create Request Payload to POST /assignid" doc:id="ccee01bf-95a5-4bf1-924a-53cfdbaeb772" >
			<ee:message >
				<ee:set-payload ><![CDATA[%dw 2.0
output application/json

var index = vars.indexPayload

---
if(index.CustomerType == "Retail")
{
    "FirstName": index.FirstName,
    "MiddleNames": index.MiddleNames,
    "LastName": index.LastName,
    "Birthdate": index.DateOfBirth,
    "Gender": index.Gender
}
else
{
    "CompanyName": index.CompanyName
}]]></ee:set-payload>
			</ee:message>
		</ee:transform>
		<flow-ref doc:name="aml-sql-sys-api-post-assign-id-subflow" doc:id="7f8ac28f-a3c5-42c8-a9b9-aad7513d587f" name="aml-sql-sys-api-post-assign-id-subflow"/>
		<ee:transform doc:name="Add CustomerSourceUniqueId to indexPayload" doc:id="db987e97-db47-4efe-bb87-72f5d20677bd" >
			<ee:message >
			</ee:message>
			<ee:variables >
				<ee:set-variable variableName="indexPayload" ><![CDATA[%dw 2.0
output application/json
---
vars.indexPayload
++
"CustomerSourceUniqueId": payload.Data.Id]]></ee:set-variable>
			</ee:variables>
		</ee:transform>
	</sub-flow>
	<sub-flow name="impl-screening-post-wlmscreening-subflow" doc:id="1eae5691-7b37-4ca8-acf1-679f6c5d1b39" >
		<flow-ref doc:name="netreveal-sys-api-post-wlmscreening-subflow" doc:id="acefda46-6ade-450e-88d8-58d6b3811d3a" name="netreveal-sys-api-post-wlmscreening-subflow" />
		<ee:transform doc:name="Accumulate netrevealRespList, Add Status to indexPayload" doc:id="633b2ffa-581c-442a-9d4d-be85bad829b1">
			<ee:message>
			</ee:message>
			<ee:variables>
				<ee:set-variable variableName="netrevealRespList"><![CDATA[%dw 2.0

var resultItem = payload.Data[0].properties default []

output application/json
---
vars.netrevealRespList
+
resultItem
]]></ee:set-variable>
				<ee:set-variable variableName="indexPayload" ><![CDATA[%dw 2.0
//var wlmResult = payload.Data[0].properties.WLMResult
output application/json
---
vars.indexPayload
++
payload.Data[0].properties
//"Status":if(!isEmpty(wlmResult)) wlmResult else ""]]></ee:set-variable>
			</ee:variables>
		</ee:transform>
	
</sub-flow>
	<sub-flow name="impl-screening-post-transactions-subflow" doc:id="1ac799eb-e4e3-4852-a060-45bc539f76bd" >
		<ee:transform doc:name="Create Request for POST /transaction" doc:id="830eb7cd-ea5b-4a34-9d61-211540648a29" >
			<ee:message >
				<ee:set-payload ><![CDATA[%dw 2.0
output application/json
---
{
	"Transactions": vars.txnList map ((item, index) -> {
		"CustomerSourceUniqueId": item.CustomerSourceUniqueId,
        "PolicyNumber": vars.origPayload.PolicyNumber,
        "PersonTitle": item.PersonTitle default "",
        "FirstName": item.FirstName default "",
        "MiddleNames": item.MiddleNames default "",
        "LastName": item.LastName default "",
		"CompanyName": item.CompanyName default "",
        "Gender": item.Gender default "",
        "Birthdate": item.DateOfBirth default "",
        "Status": item.WLMResult default "",
        "NetrevealIdentifierId": item.alertIdentifier default "",
        "GenericStatus": item.GenericStatus default "",
        "Remarks": item.Remarks default "",
        "Asset": vars.origPayload.Asset,
        "Type": item.Type,
        "AgentRecipient": vars.origPayload.Messaging.AgentRecipient,
        "CustomerRecipient": vars.origPayload.Messaging.CustomerRecipient,
        "ComplianceStatusLevel1": item.Status
	} )
}
]]></ee:set-payload>
			</ee:message>
		</ee:transform>
		<flow-ref doc:name="aml-sql-sys-api-post-transaction-subflow" doc:id="6d72fe7f-812e-4ec1-b847-ad14d6ea1598" name="aml-sql-sys-api-post-transactions-subflow"/>
	</sub-flow>
</mule>
