<?xml version="1.0" encoding="UTF-8"?>

<mule xmlns:ee="http://www.mulesoft.org/schema/mule/ee/core" xmlns="http://www.mulesoft.org/schema/mule/core"
	xmlns:doc="http://www.mulesoft.org/schema/mule/documentation"
	xmlns:xsi="http://www.w3.org/2001/XMLSchema-instance" xsi:schemaLocation="http://www.mulesoft.org/schema/mule/core http://www.mulesoft.org/schema/mule/core/current/mule.xsd
http://www.mulesoft.org/schema/mule/ee/core http://www.mulesoft.org/schema/mule/ee/core/current/mule-ee.xsd">
	<sub-flow name="impl-transactions-status-main-subflow" doc:id="cc288d7e-3a20-4973-8adf-ac16704be807" >
		<logger level="INFO" doc:name="START impl-transactions-status-main-subflow" doc:id="e4f3e8de-2352-40b2-8b83-dbf21aeff063" message="#[p('global.properties.api.id') ++ &quot;.&quot; ++ p('global.properties.api.appName') ++ &quot;.&quot; ++ vars.operationId ++ &quot;.&quot; ++ vars.operationName ++ &quot;.&quot; ++ &quot;impl-transactions-status-main-subflow&quot; ++ &quot;.Start--&quot;] ++ #[payload]"/>
		<ee:transform doc:name="Set Variables - genericStatus, netrevealIdentifierId" doc:id="cd96f8c9-fefb-44a5-88c6-6bf056b1a1a7" >
			<ee:message >
			</ee:message>
			<ee:variables >
				<ee:set-variable variableName="genericStatus" ><![CDATA[payload.Data.Txn.EventDetails.GenericStatus]]></ee:set-variable>
				<ee:set-variable variableName="netrevealIdentifierId" ><![CDATA[payload.Data.Txn.EventDetails.AlertIdentifier]]></ee:set-variable>
			</ee:variables>
		</ee:transform>
		<flow-ref doc:name="impl-transactions-status-patch-transactions-subflow" doc:id="fdb9516a-ef95-4818-9a25-52d59b61e4df" name="impl-transactions-status-patch-transactions-subflow"/>
		<flow-ref doc:name="impl-transactions-status-get-transactions-status-subflow" doc:id="72fd50c5-972f-4f23-a51b-19f67cff0662" name="impl-transactions-status-get-transactions-status-subflow"/>
		<flow-ref doc:name="impl-transactions-status-messaging-subflow" doc:id="cf1cf6be-7878-42c9-b7df-5b1741a66b88" name="impl-transactions-status-messaging-subflow"/>
		<choice doc:name="Choice" doc:id="77272796-15d5-40a4-81f4-8f9f70f136f8" >
			<when expression="#[!vars.containsEmptyStatus]">
				<ee:transform doc:name="Request Payload for PATCH /distributions/status" doc:id="71ab6995-e0f2-4b86-8c2e-1f810ff921a9">
					<ee:message>
					</ee:message>
					<ee:variables >
						<ee:set-variable variableName="axasolPayload" ><![CDATA[%dw 2.0
output application/json

var statusArr = vars.txnList.Data map $.GenericStatus

---
if((statusArr map 
    if(upper($) == "CLEARED") true
    else false) reduce ($$ and $)) 
    {
    	"WithHit": 0,
    	"CanProceed": 1
    }
else 
	{
    	"WithHit": 1,
    	"CanProceed": 0
    }]]></ee:set-variable>
					</ee:variables>
				</ee:transform>
				<flow-ref doc:name="impl-transactions-status-patch-distributions-status-subflow" doc:id="f3d4a675-2a00-49df-90c3-32e206946eb5" name="impl-transactions-status-patch-distributions-status-subflow" />
			</when>
			<otherwise >
				<logger level="INFO" doc:name="Do Not Update AXASOL Database" doc:id="da7e0caf-8530-4c3d-afb6-cb209dfa9950" message="GenericStatus for the policy are not complete. Do not update AXASOL Database"/>
			</otherwise>
		</choice>
		<ee:transform doc:name="Response Payload" doc:id="d1e312e6-b1cd-44e6-998a-848cb2856cb6" >
			<ee:message >
				<ee:set-payload ><![CDATA[%dw 2.0
output application/json
---
{
  "ResponseCode": p('response.success.code'),
  "ResponseStatus": p('response.success.message'),
  "CorrelationId": vars.correlationId,
  "Timestamp": now() >> "Asia/Manila",
  "Data": {
    "Message": "Record has been successfully updated."
  }
}
]]></ee:set-payload>
			</ee:message>
		</ee:transform>
		<logger level="INFO" doc:name="END impl-transactions-status-main-subflow" doc:id="ac6219d1-878f-401f-826d-49627953cee9" message="#[p('global.properties.api.id') ++ &quot;.&quot; ++ p('global.properties.api.appName') ++ &quot;.&quot; ++ vars.operationId ++ &quot;.&quot; ++ vars.operationName ++ &quot;.&quot; ++ &quot;impl-transactions-status-main-subflow&quot; ++ &quot;.End--&quot;] ++ #[payload]"/>
	</sub-flow>
	<sub-flow name="impl-transactions-status-patch-transactions-subflow" doc:id="35a9b98b-d696-4da9-8d8b-7400ef4fd1cc" >
		<ee:transform doc:name="Transform Payload for PATCH /transactions" doc:id="dfadd216-8e56-44a2-829c-069b6f7446b3">
			<ee:message>
				<ee:set-payload><![CDATA[%dw 2.0
output application/json
---
{
    "NetrevealIdentifierId": payload.Data.Txn.EventDetails.AlertIdentifier,
    "GenericStatus": payload.Data.Txn.EventDetails.GenericStatus,
    "Source": "ComplianceLevel2"
}]]></ee:set-payload>
			</ee:message>
		</ee:transform>
		<flow-ref doc:name="aml-sql-sys-api-patch-transactions-subflow" doc:id="d5d59d8c-e023-4b25-9490-52c986440593" name="aml-sql-sys-api-patch-transactions-subflow" />
	</sub-flow>
	<sub-flow name="impl-transactions-status-get-transactions-status-subflow" doc:id="763b359a-42fe-4013-bc10-c1a6fc22eae7" >
		<ee:transform doc:name="Set queryParams" doc:id="e875512c-9018-4f2b-894f-20cb0bd84f32" >
			<ee:message >
			</ee:message>
			<ee:variables >
				<ee:set-variable variableName="queryParams" ><![CDATA[%dw 2.0
output application/java
---
{
	"netrevealIdentifierId" : vars.netrevealIdentifierId
}]]></ee:set-variable>
			</ee:variables>
		</ee:transform>
		<flow-ref doc:name="aml-sql-sys-api-get-transactions-subflow" doc:id="f455db44-a998-47b7-acc2-f430fa204e07" name="aml-sql-sys-api-get-transactions-subflow"/>
		<ee:transform doc:name="Set Var - containsEmptyStatus, policyNo, txnList, transactionRecord" doc:id="b7d5bfbf-8c6c-43b2-8d8b-6977249d0418">
			<ee:message>
			</ee:message>
			<ee:variables>
				<ee:set-variable variableName="containsEmptyStatus"><![CDATA[%dw 2.0
output application/json

var statusArr = payload.Data map $.GenericStatus

fun containsEmptyStatus(arr) = if (isEmpty(arr)) true
   else not isEmpty(arr filter isEmpty($))
---
containsEmptyStatus(statusArr)]]></ee:set-variable>
				<ee:set-variable variableName="policyNo" ><![CDATA[payload.Data[0].PolicyNumber]]></ee:set-variable>
				<ee:set-variable variableName="transactionRecord" ><![CDATA[%dw 2.0
output application/json
---
payload.Data filter ($.NetrevealIdentifierId == vars.netrevealIdentifierId)]]></ee:set-variable>
				<ee:set-variable variableName="txnList" ><![CDATA[%dw 2.0
output application/json
---
payload]]></ee:set-variable>
			</ee:variables>
		</ee:transform>
	</sub-flow>
	<sub-flow name="impl-transactions-status-patch-distributions-status-subflow" doc:id="36b0b9f4-b82b-4004-81a2-11ad15b60ba4" >
		<ee:transform doc:name="Transform Payload for PATCH /distributions/{PolicyNumber}/status" doc:id="c5dabf1e-04ac-4054-bb3e-77866a8ac2a3" >
			<ee:message >
				<ee:set-payload ><![CDATA[%dw 2.0
output application/json

var statusArr = vars.txnList.Data map $.GenericStatus

---
if((statusArr map 
    if(upper($) == "CLEARED") true
    else false) reduce ($$ and $)) 
    {
    	"WithHit": 0,
    	"CanProceed": 1
    }
else 
	{
    	"WithHit": 1,
    	"CanProceed": 0
    }]]></ee:set-payload>
			</ee:message>
		</ee:transform>
		<choice doc:name="Choice" doc:id="63577537-8b3d-4a58-baa6-42d5862fedb4" >
			<when expression="#[payload.CanProceed == 1]">
				<flow-ref doc:name="aml-sql-sys-api-patch-distributions-status-subflow" doc:id="dc171a26-f2bc-4726-b3dc-2141e4c84139" name="aml-sql-sys-api-patch-distributions-status-subflow" />
			</when>
			<otherwise >
				<logger level="INFO" doc:name="Do Not Update AXASOL Database" doc:id="5a5454aa-6d2f-45ea-aceb-f85196e7fa3b" message="GenericStatus for the policy are not complete. Do not update AXASOL Database" />
			</otherwise>
		</choice>
	</sub-flow>
	<sub-flow name="impl-transactions-status-messaging-subflow" doc:id="d4d1ea53-7647-456e-a3ec-fdf596ebf1d2" >
		<choice doc:name="Choice" doc:id="4d4df7bb-1da9-4a6c-8aed-69c11a5885d9">
			<when expression="#[upper(vars.genericStatus) == 'CONFIRMED']" >
				<flow-ref doc:name="aml-sql-sys-api-get-email-templates-subflow" doc:id="e9b728ac-089a-41e8-961e-e9cbd9804b98" name="aml-sql-sys-api-get-email-templates-subflow"/>
				<ee:transform doc:name="Set Request Payload for messaging-sys-api" doc:id="420aa68f-c279-4c96-b39a-74419c3c5838">
			<ee:message>
				<ee:set-payload><![CDATA[%dw 2.0
import toBase64 from dw::core::Binaries

var currentTime = now() >> "Asia/Manila"
var emailTemplate = payload.Data filter ($.StatusLevel == "3b")
var customerData = vars.transactionRecord[0]
var data = {
		"DateCreated": customerData.DateCreated,
		"PolicyNumber": vars.policyNo,
		"CustomerSourceUniqueId": customerData.CustomerSourceUniqueId,
		"FirstName": customerData.FirstName,
		"MiddleNames": customerData.MiddleNames,
		"LastName": customerData.LastName,
		"ComplianceLevel": "3",
		"GenericStatus": ""
	}

var fileName = "Level3_" ++ currentTime as String {format: "yyyyMMddHHmmssms" }  ++ ".csv"
var file = toBase64(write(data, 'application/csv',{"header":true, "quoteValues" : true}))
output application/json
---
{
    "Sender": "no-reply@axa.com.ph",
    "SenderName": "No Reply",
    "Subject": emailTemplate[0].Subject,
    "Body": emailTemplate[0].Body,
    "Recipient": emailTemplate[0].Recipients,
    "SourceId": 2,
    "FileName": [
        fileName
    ],
    "FileType": [
        "application/csv"
    ],
    "File": [
        file
    ]
}]]></ee:set-payload>
			</ee:message>
		</ee:transform>
				<flow-ref doc:name="messaging-sys-api-post-email-subflow" doc:id="9f19b227-802a-453b-96fc-0e466a9ca208" name="messaging-sys-api-post-email-subflow" />
			</when>
			<otherwise >
				<logger level="INFO" doc:name="GenericStatus is Cleared" doc:id="2987b612-312c-403f-88c0-9724d2ceffcd" message="GenericStatus is Cleared"/>
			</otherwise>
		</choice>
	</sub-flow>
</mule>
