<?xml version="1.0" encoding="UTF-8"?>

<mule xmlns:apikit="http://www.mulesoft.org/schema/mule/mule-apikit"
	xmlns:http="http://www.mulesoft.org/schema/mule/http"
	xmlns:ee="http://www.mulesoft.org/schema/mule/ee/core" xmlns="http://www.mulesoft.org/schema/mule/core"
	xmlns:doc="http://www.mulesoft.org/schema/mule/documentation"
	xmlns:xsi="http://www.w3.org/2001/XMLSchema-instance" xsi:schemaLocation="http://www.mulesoft.org/schema/mule/core http://www.mulesoft.org/schema/mule/core/current/mule.xsd
http://www.mulesoft.org/schema/mule/ee/core http://www.mulesoft.org/schema/mule/ee/core/current/mule-ee.xsd">
	<error-handler name="error-handler" doc:id="0a63f3a9-a95a-4f58-9f96-05b77033387b" >
	
	<on-error-propagate enableNotifications="true" logException="true" doc:name="On Error Propagate" doc:id="8d127101-c35c-4f32-9a7c-9363d2bbdbe0" type="HTTP:FORBIDDEN" >
			<ee:transform doc:name="Forbidden Error Message" doc:id="60880cad-bb22-4d4e-9159-f02030f29529" xsi:schemaLocation="http://www.mulesoft.org/schema/mule/ee/core http://www.mulesoft.org/schema/mule/ee/core/current/mule-ee.xsd" >
				<ee:message >
					<ee:set-payload ><![CDATA[%dw 2.0
output application/json
---
{
	ResponseCode: p('response.error.forbidden.code'),
	ResponseStatus: p('response.error.status'),
	CorrelationId: correlationId,
	Timestamp: now(),
	ErrorDetails: {
		Code: p('global.properties.api.id'),
		Status: "HTTP:FORBIDDEN",
		Message: p('response.error.forbidden.message')
	}
}]]></ee:set-payload>
				</ee:message>
				<ee:variables >
					<ee:set-variable variableName="httpStatus" ><![CDATA[403]]></ee:set-variable>
				</ee:variables>
			</ee:transform>
		</on-error-propagate>
		
		<on-error-propagate enableNotifications="true" logException="true" doc:name="On Error Propagate" doc:id="5b1bf5c1-0ac0-4251-a5b9-2ba80cd2bbcf" type="HTTP:SERVICE_UNAVAILABLE" >
			<ee:transform doc:name="Service Unavailable Error Message" doc:id="055fb01b-052f-4f36-9832-e2b34f97d3aa" xsi:schemaLocation="http://www.mulesoft.org/schema/mule/ee/core http://www.mulesoft.org/schema/mule/ee/core/current/mule-ee.xsd" >
				<ee:message >
					<ee:set-payload ><![CDATA[%dw 2.0
output application/json
---
{
	ResponseCode: p('response.error.service-unavailable.code'),
	ResponseStatus: p('response.error.status'),
	CorrelationId: correlationId,
	Timestamp: now(),
	ErrorDetails: {
		Code: p('global.properties.api.id'),
		Status: 'HTTP:SERVICE_UNAVAILABLE',
		Message: p('response.error.service-unavailable.message')
	}
}]]></ee:set-payload>
				</ee:message>
				<ee:variables >
					<ee:set-variable variableName="httpStatus" ><![CDATA[503]]></ee:set-variable>
				</ee:variables>
			</ee:transform>
		</on-error-propagate>
		<on-error-propagate enableNotifications="true" logException="true" doc:name="On Error Propagate" doc:id="4d3ab399-4c06-430b-a8b5-f40b5d3eb2f9" type="HTTP:CONNECTIVITY">
		  <ee:transform doc:name="HTTP Connectity Error Message" doc:id="9ab64d9c-1f4a-474d-a15a-7f6082fd7d56" xsi:schemaLocation="http://www.mulesoft.org/schema/mule/ee/core http://www.mulesoft.org/schema/mule/ee/core/current/mule-ee.xsd" >
				<ee:message >
					<ee:set-payload ><![CDATA[%dw 2.0
output application/json
---
{
	ResponseCode: p('response.error.connectivity.code'),
	ResponseStatus: p('response.error.status'),
	CorrelationId: correlationId,
	Timestamp: now(),
	ErrorDetails: {
		Code: p('global.properties.api.id'),
		Status: 'HTTP:CONNECTIVITY',
		Message: p('response.error.connectivity.message')
	}
}]]></ee:set-payload>
				</ee:message>
				<ee:variables >
					<ee:set-variable variableName="httpStatus" ><![CDATA[501]]></ee:set-variable>
				</ee:variables>
			</ee:transform>
		</on-error-propagate>
		
		<on-error-propagate enableNotifications="true" logException="true" doc:name="On Error Propagate" doc:id="4c5a4654-69fd-477e-886f-6541946a5a6f" type="HTTP:NOT_FOUND">
			<ee:transform doc:name="HTTP Not Found Error Message" doc:id="ecce1eba-1194-4bbe-87ef-1a71b53863ce" >
				<ee:message >
					<ee:set-payload ><![CDATA[%dw 2.0
output application/json
---
{
	ResponseCode: p('response.error.not-found.code'),
	ResponseStatus: p('response.error.status'),
	CorrelationId: correlationId,
	Timestamp: now(),
	ErrorDetails: {
		Code: p('global.properties.api.id'),
		Status: 'HTTP:NOT_FOUND',
		Message: p('response.error.not-found.message'),
		additional : 
			 error.muleMessage.payload
		
	}
}]]></ee:set-payload>
				</ee:message>
			</ee:transform>
			
		</on-error-propagate>		
		
		<on-error-propagate enableNotifications="true" logException="true" doc:name="On Error Propagate" doc:id="00e22323-9aac-4531-999d-a5abaf51c5ac" type="HTTP:UNAUTHORIZED">
			<ee:transform doc:name="HTTP Unauthorized" doc:id="869c25bb-0d9a-4a82-a235-929f66b9ae2c" >
				<ee:message >
					<ee:set-payload ><![CDATA[%dw 2.0
output application/json
---
{
	ResponseCode: p('response.error.http-unauthorized.code'),
	ResponseStatus: p('response.error.status'),
	CorrelationId: correlationId,
	Timestamp: now(),
	ErrorDetails: {
		Code: p('global.properties.api.id'),
		Status: 'HTTP:UNAUTHORIZED',
		Message: p('response.error.http-unauthorized.message')
		
	}
}]]></ee:set-payload>
				</ee:message>
				<ee:variables >
					<ee:set-variable variableName="httpStatus" ><![CDATA[401
]]></ee:set-variable>
				</ee:variables>
			</ee:transform>
		</on-error-propagate>		
		
		<on-error-propagate enableNotifications="true" logException="true" doc:name="On Error Propagate" doc:id="c48814f1-b377-4593-904a-3ca123b7ef2c" type="ANY">
			<ee:transform doc:name="Internal Server Error Message" doc:id="4a9434b4-5e29-4005-aab7-60a7bdc7cafc" >
				<ee:message >
					<ee:set-payload ><![CDATA[  %dw 2.0
output application/json
var namespace = error.errorType.namespace default "HTTP"
var identifier = error.errorType.identifier default "INTERNAL_SERVER_ERROR"
---
{
	ResponseCode: p('response.error.internal-server.code'),
	ResponseStatus: p('response.error.status'),
	correlationId: correlationId,
	Timestamp: now(),
	ErrorDetails: {
		Code: p('global.properties.api.id'),
		Status: namespace ++ ":" ++ identifier,
		Message: p('response.error.internal-server.message')
	}
}
]]></ee:set-payload>
				</ee:message>
				<ee:variables >
					<ee:set-variable variableName="httpStatus" ><![CDATA[401
]]></ee:set-variable>
				</ee:variables>
			</ee:transform>
		</on-error-propagate>		
		
		
	</error-handler>
</mule>
