<?xml version="1.0" encoding="UTF-8"?>

<mule xmlns:ee="http://www.mulesoft.org/schema/mule/ee/core" xmlns:http="http://www.mulesoft.org/schema/mule/http"
	xmlns="http://www.mulesoft.org/schema/mule/core"
	xmlns:doc="http://www.mulesoft.org/schema/mule/documentation" xmlns:xsi="http://www.w3.org/2001/XMLSchema-instance" xsi:schemaLocation="http://www.mulesoft.org/schema/mule/core http://www.mulesoft.org/schema/mule/core/current/mule.xsd
http://www.mulesoft.org/schema/mule/http http://www.mulesoft.org/schema/mule/http/current/mule-http.xsd
http://www.mulesoft.org/schema/mule/ee/core http://www.mulesoft.org/schema/mule/ee/core/current/mule-ee.xsd">
	<sub-flow name="aml-mgt-proc-api-post-screening-subflow" doc:id="b145c48b-9bca-46a7-b34d-8fe8e199cb55" >
		<logger level="INFO" doc:name="START aml-mgt-proc-api-post-screening-subflow" doc:id="a0d70d37-4974-4227-a743-3bc0708de185" message="#[p('global.properties.api.id') ++ &quot;.&quot; ++ p('global.properties.api.appName') ++ &quot;.&quot; ++ vars.operationId ++ &quot;.&quot; ++ vars.operationName ++ &quot;.&quot; ++ &quot;aml-mgt-proc-api-post-screening-subflow&quot; ++ &quot;.Start--&quot;] ++ #[payload]"/>
		<http:request method="${system.aml-mgt-proc-api.request.post-screening.method}" doc:name="Request POST /screening" doc:id="21216aa7-d688-48e4-a951-d0ec1d5d6574" config-ref="HTTP_Request_configuration" path="${system.aml-mgt-proc-api.request.post-screening.path}">
			<http:headers><![CDATA[#[output application/java
---
{
	"Client-Id": p('system.aml-mgt-proc-api.request.client-id'),
	"Client-Secret": p('system.aml-mgt-proc-api.request.client-secret')
}]]]></http:headers>
		</http:request>
		<logger level="INFO" doc:name="END aml-mgt-proc-api-post-screening-subflow" doc:id="4904df64-a8fa-4a33-a81e-9d65fe4f6f5f" message="#[p('global.properties.api.id') ++ &quot;.&quot; ++ p('global.properties.api.appName') ++ &quot;.&quot; ++ vars.operationId ++ &quot;.&quot; ++ vars.operationName ++ &quot;.&quot; ++ &quot;aml-mgt-proc-api-post-screening-subflow&quot; ++ &quot;.End--&quot;] ++ #[payload]"/>
	</sub-flow>
	<sub-flow name="aml-mgt-proc-api-put-transactions-status-subflow" doc:id="606db482-8796-474c-a6aa-082d57592f66" >
		<logger level="INFO" doc:name="START aml-mgt-proc-api-patch-transactions-status-subflow" doc:id="567bf7bb-82d3-42a3-a3d8-b83bb3771411" message="#[p('global.properties.api.id') ++ &quot;.&quot; ++ p('global.properties.api.appName') ++ &quot;.&quot; ++ vars.operationId ++ &quot;.&quot; ++ vars.operationName ++ &quot;.&quot; ++ &quot;aml-mgt-proc-api-patch-transactions-status-subflow&quot; ++ &quot;.Start--&quot;] ++ #[payload]"/>
		<http:request method="${system.aml-mgt-proc-api.request.patch-transactions-status.method}" doc:name="Request PATCH /transactions/status" doc:id="469bc6e5-4e26-4a13-aef1-c1ee6a5ae0bf" config-ref="HTTP_Request_configuration" path="${system.aml-mgt-proc-api.request.patch-transactions-status.path}">
			<http:headers ><![CDATA[#[output application/java
---
{
	"Client-Id": p('system.aml-mgt-proc-api.request.client-id'),
	"Client-Secret": p('system.aml-mgt-proc-api.request.client-secret')
}]]]></http:headers>
		</http:request>
		<logger level="INFO" doc:name="END aml-mgt-proc-api-patch-transactions-status-subflow" doc:id="697e1314-3b5a-418d-9e2a-2b01422d9a3c" message="#[p('global.properties.api.id') ++ &quot;.&quot; ++ p('global.properties.api.appName') ++ &quot;.&quot; ++ vars.operationId ++ &quot;.&quot; ++ vars.operationName ++ &quot;.&quot; ++ &quot;aml-mgt-proc-api-patch-transactions-status-subflow&quot; ++ &quot;.End--&quot;] ++ #[payload]"/>
	</sub-flow>
</mule>
