<?xml version='1.0' encoding='UTF-8'?>
<types:mule xmlns:types="http://www.mulesoft.org/schema/mule/types">
  <types:catalog>
    <types:type name="auto_214c1ceb-84e5-4ea8-9dfa-ccbc32fa5a8f_Input-Payload" format="java">
      <types:shape format="weave" example="weave/autogenerated/214c1ceb-84e5-4ea8-9dfa-ccbc32fa5a8f/Input-Payload.wev" autogeneratedOrigin="41edaef6-7b41-4366-be39-298ac65aafd1"><![CDATA[%dw 2.0

type auto_214c1ceb_84e5_4ea8_9dfa_ccbc32fa5a8f_Input_Payload = Any

]]></types:shape>
    </types:type>
    <types:type name="auto_214c1ceb-84e5-4ea8-9dfa-ccbc32fa5a8f_Input-Attributes" format="java">
      <types:shape format="weave" example="weave/autogenerated/214c1ceb-84e5-4ea8-9dfa-ccbc32fa5a8f/Input-Attributes.wev" autogeneratedOrigin="41edaef6-7b41-4366-be39-298ac65aafd1"><![CDATA[%dw 2.0

type auto_214c1ceb_84e5_4ea8_9dfa_ccbc32fa5a8f_Input_Attributes = {|
  clientCertificate?: {|
    publicKey?: {|  |}, 
    "type"?: String, 
    encoded?: Binary
  |}, 
  headers: {|
    "Client-Id": String, 
    "Client-Secret": String, 
    "X-Correlation-Id": String
  |}, 
  listenerPath: String, 
  method: String, 
  queryParams: {|
    tableName: String, 
    selectFields?: String, 
    whereClause: String
  |}, 
  queryString: String, 
  relativePath: String, 
  remoteAddress: String, 
  requestPath: String, 
  requestUri: String, 
  scheme: String, 
  uriParams: {|
    apiname: String, 
    port: Number, 
    host: String
  |}, 
  version: String, 
  localAddress: String
|}

]]></types:shape>
    </types:type>
    <types:type name="auto_214c1ceb-84e5-4ea8-9dfa-ccbc32fa5a8f_Input-Variables-outboundHeaders" format="java">
      <types:shape format="weave" example="weave/autogenerated/214c1ceb-84e5-4ea8-9dfa-ccbc32fa5a8f/Input-Variables-outboundHeaders.wev" autogeneratedOrigin="41edaef6-7b41-4366-be39-298ac65aafd1"><![CDATA[%dw 2.0

type auto_214c1ceb_84e5_4ea8_9dfa_ccbc32fa5a8f_Input_Variables_outboundHeaders = {|  |}

]]></types:shape>
    </types:type>
    <types:type name="auto_214c1ceb-84e5-4ea8-9dfa-ccbc32fa5a8f_Input-Variables-httpStatus" format="java">
      <types:shape format="raml" autogeneratedOrigin="41edaef6-7b41-4366-be39-298ac65aafd1"><![CDATA[#%RAML 1.0 DataType
type: string]]></types:shape>
    </types:type>
    <types:type name="auto_214c1ceb-84e5-4ea8-9dfa-ccbc32fa5a8f_Output-Payload" format="java">
      <types:shape format="weave" example="weave/autogenerated/214c1ceb-84e5-4ea8-9dfa-ccbc32fa5a8f/Output-Payload.wev" autogeneratedOrigin="41edaef6-7b41-4366-be39-298ac65aafd1"><![CDATA[%dw 2.0

type auto_214c1ceb_84e5_4ea8_9dfa_ccbc32fa5a8f_Output_Payload = Any

]]></types:shape>
    </types:type>
    <types:type name="auto_214c1ceb-84e5-4ea8-9dfa-ccbc32fa5a8f_Output-Attributes" format="java">
      <types:shape format="weave" example="weave/autogenerated/214c1ceb-84e5-4ea8-9dfa-ccbc32fa5a8f/Output-Attributes.wev" autogeneratedOrigin="41edaef6-7b41-4366-be39-298ac65aafd1"><![CDATA[%dw 2.0

type auto_214c1ceb_84e5_4ea8_9dfa_ccbc32fa5a8f_Output_Attributes = Null

]]></types:shape>
    </types:type>
    <types:type name="auto_214c1ceb-84e5-4ea8-9dfa-ccbc32fa5a8f_Output-Variables-query" format="java">
      <types:shape format="weave" example="weave/autogenerated/214c1ceb-84e5-4ea8-9dfa-ccbc32fa5a8f/Output-Variables-query.wev" autogeneratedOrigin="41edaef6-7b41-4366-be39-298ac65aafd1"><![CDATA[%dw 2.0

type auto_214c1ceb_84e5_4ea8_9dfa_ccbc32fa5a8f_Output_Variables_query = Any

]]></types:shape>
    </types:type>
    <types:type name="auto_214c1ceb-84e5-4ea8-9dfa-ccbc32fa5a8f_Output-Variables-outboundHeaders" format="java">
      <types:shape format="weave" example="weave/autogenerated/214c1ceb-84e5-4ea8-9dfa-ccbc32fa5a8f/Output-Variables-outboundHeaders.wev" autogeneratedOrigin="41edaef6-7b41-4366-be39-298ac65aafd1"><![CDATA[%dw 2.0

type auto_214c1ceb_84e5_4ea8_9dfa_ccbc32fa5a8f_Output_Variables_outboundHeaders = {|  |}

]]></types:shape>
    </types:type>
    <types:type name="auto_214c1ceb-84e5-4ea8-9dfa-ccbc32fa5a8f_Output-Variables-httpStatus" format="java">
      <types:shape format="raml" autogeneratedOrigin="41edaef6-7b41-4366-be39-298ac65aafd1"><![CDATA[#%RAML 1.0 DataType
type: string]]></types:shape>
    </types:type>
    <types:type name="auto_68ed9e98-86a6-4a79-888b-b2612f884828_Input-Payload" format="json">
      <types:shape format="weave" example="weave/autogenerated/68ed9e98-86a6-4a79-888b-b2612f884828/Input-Payload.wev" autogeneratedOrigin="f538267c-fc81-4291-8cc4-f55ae070d545"><![CDATA[%dw 2.0

type auto_68ed9e98_86a6_4a79_888b_b2612f884828_Input_Payload = {
  data: { _?: Any } {"description": "Data to be inserted into the table",
  "label": "Data to Insert"}, 
  tableName: String, 
  _?: Any
}

]]></types:shape>
    </types:type>
    <types:type name="auto_68ed9e98-86a6-4a79-888b-b2612f884828_Input-Attributes" format="java">
      <types:shape format="weave" example="weave/autogenerated/68ed9e98-86a6-4a79-888b-b2612f884828/Input-Attributes.wev" autogeneratedOrigin="f538267c-fc81-4291-8cc4-f55ae070d545"><![CDATA[%dw 2.0

type auto_68ed9e98_86a6_4a79_888b_b2612f884828_Input_Attributes = {|
  clientCertificate?: {|
    publicKey?: {|  |}, 
    "type"?: String, 
    encoded?: Binary
  |}, 
  headers: {|
    "Client-Id": String, 
    "Client-Secret": String, 
    "X-Correlation-Id": String
  |}, 
  listenerPath: String, 
  method: String, 
  queryParams: {|  |}, 
  queryString: String, 
  relativePath: String, 
  remoteAddress: String, 
  requestPath: String, 
  requestUri: String, 
  scheme: String, 
  uriParams: {|
    apiname: String, 
    port: Number, 
    host: String
  |}, 
  version: String, 
  localAddress: String
|}

]]></types:shape>
    </types:type>
    <types:type name="auto_68ed9e98-86a6-4a79-888b-b2612f884828_Input-Variables-outboundHeaders" format="java">
      <types:shape format="weave" example="weave/autogenerated/68ed9e98-86a6-4a79-888b-b2612f884828/Input-Variables-outboundHeaders.wev" autogeneratedOrigin="f538267c-fc81-4291-8cc4-f55ae070d545"><![CDATA[%dw 2.0

type auto_68ed9e98_86a6_4a79_888b_b2612f884828_Input_Variables_outboundHeaders = {|  |}

]]></types:shape>
    </types:type>
    <types:type name="auto_68ed9e98-86a6-4a79-888b-b2612f884828_Input-Variables-httpStatus" format="java">
      <types:shape format="raml" autogeneratedOrigin="f538267c-fc81-4291-8cc4-f55ae070d545"><![CDATA[#%RAML 1.0 DataType
type: string]]></types:shape>
    </types:type>
    <types:type name="auto_68ed9e98-86a6-4a79-888b-b2612f884828_Output-Payload" format="json">
      <types:shape format="weave" example="weave/autogenerated/68ed9e98-86a6-4a79-888b-b2612f884828/Output-Payload.wev" autogeneratedOrigin="f538267c-fc81-4291-8cc4-f55ae070d545"><![CDATA[%dw 2.0

type auto_68ed9e98_86a6_4a79_888b_b2612f884828_Output_Payload = Any

]]></types:shape>
    </types:type>
    <types:type name="auto_68ed9e98-86a6-4a79-888b-b2612f884828_Output-Attributes" format="java">
      <types:shape format="weave" example="weave/autogenerated/68ed9e98-86a6-4a79-888b-b2612f884828/Output-Attributes.wev" autogeneratedOrigin="f538267c-fc81-4291-8cc4-f55ae070d545"><![CDATA[%dw 2.0

type auto_68ed9e98_86a6_4a79_888b_b2612f884828_Output_Attributes = Null

]]></types:shape>
    </types:type>
    <types:type name="auto_68ed9e98-86a6-4a79-888b-b2612f884828_Output-Variables-query" format="java">
      <types:shape format="weave" example="weave/autogenerated/68ed9e98-86a6-4a79-888b-b2612f884828/Output-Variables-query.wev" autogeneratedOrigin="f538267c-fc81-4291-8cc4-f55ae070d545"><![CDATA[%dw 2.0

type auto_68ed9e98_86a6_4a79_888b_b2612f884828_Output_Variables_query = Any

]]></types:shape>
    </types:type>
    <types:type name="auto_68ed9e98-86a6-4a79-888b-b2612f884828_Output-Variables-outboundHeaders" format="java">
      <types:shape format="weave" example="weave/autogenerated/68ed9e98-86a6-4a79-888b-b2612f884828/Output-Variables-outboundHeaders.wev" autogeneratedOrigin="f538267c-fc81-4291-8cc4-f55ae070d545"><![CDATA[%dw 2.0

type auto_68ed9e98_86a6_4a79_888b_b2612f884828_Output_Variables_outboundHeaders = {|  |}

]]></types:shape>
    </types:type>
    <types:type name="auto_68ed9e98-86a6-4a79-888b-b2612f884828_Output-Variables-httpStatus" format="java">
      <types:shape format="raml" autogeneratedOrigin="f538267c-fc81-4291-8cc4-f55ae070d545"><![CDATA[#%RAML 1.0 DataType
type: string]]></types:shape>
    </types:type>
    <types:type name="auto_a808283d-358a-4d4a-8488-cea8a39ecc17_Input-Payload" format="json">
      <types:shape format="weave" example="weave/autogenerated/a808283d-358a-4d4a-8488-cea8a39ecc17/Input-Payload.wev" autogeneratedOrigin="08706ae3-184e-46a0-bc16-32612cc3f9ba"><![CDATA[%dw 2.0

type auto_a808283d_358a_4d4a_8488_cea8a39ecc17_Input_Payload = {
  whereCondition: { _?: Any } {"description": "WHERE conditions for the data to be updated",
  "label": "WHERE Conditions"}, 
  data: { _?: Any } {"description": "Data to be updated in the table",
  "label": "Data to Update"}, 
  tableName: String, 
  _?: Any
}

]]></types:shape>
    </types:type>
    <types:type name="auto_a808283d-358a-4d4a-8488-cea8a39ecc17_Input-Attributes" format="java">
      <types:shape format="weave" example="weave/autogenerated/a808283d-358a-4d4a-8488-cea8a39ecc17/Input-Attributes.wev" autogeneratedOrigin="08706ae3-184e-46a0-bc16-32612cc3f9ba"><![CDATA[%dw 2.0

type auto_a808283d_358a_4d4a_8488_cea8a39ecc17_Input_Attributes = {|
  clientCertificate?: {|
    publicKey?: {|  |}, 
    "type"?: String, 
    encoded?: Binary
  |}, 
  headers: {|
    "Client-Id": String, 
    "Client-Secret": String, 
    "X-Correlation-Id": String
  |}, 
  listenerPath: String, 
  method: String, 
  queryParams: {|  |}, 
  queryString: String, 
  relativePath: String, 
  remoteAddress: String, 
  requestPath: String, 
  requestUri: String, 
  scheme: String, 
  uriParams: {|
    apiname: String, 
    port: Number, 
    host: String
  |}, 
  version: String, 
  localAddress: String
|}

]]></types:shape>
    </types:type>
    <types:type name="auto_a808283d-358a-4d4a-8488-cea8a39ecc17_Input-Variables-outboundHeaders" format="java">
      <types:shape format="weave" example="weave/autogenerated/a808283d-358a-4d4a-8488-cea8a39ecc17/Input-Variables-outboundHeaders.wev" autogeneratedOrigin="08706ae3-184e-46a0-bc16-32612cc3f9ba"><![CDATA[%dw 2.0

type auto_a808283d_358a_4d4a_8488_cea8a39ecc17_Input_Variables_outboundHeaders = {|  |}

]]></types:shape>
    </types:type>
    <types:type name="auto_a808283d-358a-4d4a-8488-cea8a39ecc17_Input-Variables-httpStatus" format="java">
      <types:shape format="raml" autogeneratedOrigin="08706ae3-184e-46a0-bc16-32612cc3f9ba"><![CDATA[#%RAML 1.0 DataType
type: string]]></types:shape>
    </types:type>
    <types:type name="auto_a808283d-358a-4d4a-8488-cea8a39ecc17_Output-Payload" format="json">
      <types:shape format="weave" example="weave/autogenerated/a808283d-358a-4d4a-8488-cea8a39ecc17/Output-Payload.wev" autogeneratedOrigin="08706ae3-184e-46a0-bc16-32612cc3f9ba"><![CDATA[%dw 2.0

type auto_a808283d_358a_4d4a_8488_cea8a39ecc17_Output_Payload = Any

]]></types:shape>
    </types:type>
    <types:type name="auto_a808283d-358a-4d4a-8488-cea8a39ecc17_Output-Attributes" format="java">
      <types:shape format="weave" example="weave/autogenerated/a808283d-358a-4d4a-8488-cea8a39ecc17/Output-Attributes.wev" autogeneratedOrigin="08706ae3-184e-46a0-bc16-32612cc3f9ba"><![CDATA[%dw 2.0

type auto_a808283d_358a_4d4a_8488_cea8a39ecc17_Output_Attributes = Null

]]></types:shape>
    </types:type>
    <types:type name="auto_a808283d-358a-4d4a-8488-cea8a39ecc17_Output-Variables-query" format="java">
      <types:shape format="weave" example="weave/autogenerated/a808283d-358a-4d4a-8488-cea8a39ecc17/Output-Variables-query.wev" autogeneratedOrigin="08706ae3-184e-46a0-bc16-32612cc3f9ba"><![CDATA[%dw 2.0

type auto_a808283d_358a_4d4a_8488_cea8a39ecc17_Output_Variables_query = Any

]]></types:shape>
    </types:type>
    <types:type name="auto_a808283d-358a-4d4a-8488-cea8a39ecc17_Output-Variables-outboundHeaders" format="java">
      <types:shape format="weave" example="weave/autogenerated/a808283d-358a-4d4a-8488-cea8a39ecc17/Output-Variables-outboundHeaders.wev" autogeneratedOrigin="08706ae3-184e-46a0-bc16-32612cc3f9ba"><![CDATA[%dw 2.0

type auto_a808283d_358a_4d4a_8488_cea8a39ecc17_Output_Variables_outboundHeaders = {|  |}

]]></types:shape>
    </types:type>
    <types:type name="auto_a808283d-358a-4d4a-8488-cea8a39ecc17_Output-Variables-httpStatus" format="java">
      <types:shape format="raml" autogeneratedOrigin="08706ae3-184e-46a0-bc16-32612cc3f9ba"><![CDATA[#%RAML 1.0 DataType
type: string]]></types:shape>
    </types:type>
    <types:type name="auto_08f59528-0636-4f23-be44-bde5a7e98241_Input-Payload" format="java">
      <types:shape format="weave" example="weave/autogenerated/08f59528-0636-4f23-be44-bde5a7e98241/Input-Payload.wev" autogeneratedOrigin="da27f7e8-cf5a-4378-a6c9-7b4e72b0ba5d"><![CDATA[%dw 2.0

type auto_08f59528_0636_4f23_be44_bde5a7e98241_Input_Payload = Array<{ _?: java_lang_Object }>
type java_lang_Object = {|  |} {"typeAlias": "Object",
"class": "java.lang.Object",
"typeId": "java.lang.Object"}



]]></types:shape>
    </types:type>
    <types:type name="auto_08f59528-0636-4f23-be44-bde5a7e98241_Input-Attributes" format="java">
      <types:shape format="weave" example="weave/autogenerated/08f59528-0636-4f23-be44-bde5a7e98241/Input-Attributes.wev" autogeneratedOrigin="da27f7e8-cf5a-4378-a6c9-7b4e72b0ba5d"><![CDATA[%dw 2.0

type auto_08f59528_0636_4f23_be44_bde5a7e98241_Input_Attributes = Null

]]></types:shape>
    </types:type>
    <types:type name="auto_08f59528-0636-4f23-be44-bde5a7e98241_Input-Variables-outboundHeaders" format="java">
      <types:shape format="weave" example="weave/autogenerated/08f59528-0636-4f23-be44-bde5a7e98241/Input-Variables-outboundHeaders.wev" autogeneratedOrigin="da27f7e8-cf5a-4378-a6c9-7b4e72b0ba5d"><![CDATA[%dw 2.0

type auto_08f59528_0636_4f23_be44_bde5a7e98241_Input_Variables_outboundHeaders = {|  |}

]]></types:shape>
    </types:type>
    <types:type name="auto_08f59528-0636-4f23-be44-bde5a7e98241_Input-Variables-query" format="java">
      <types:shape format="weave" example="weave/autogenerated/08f59528-0636-4f23-be44-bde5a7e98241/Input-Variables-query.wev" autogeneratedOrigin="da27f7e8-cf5a-4378-a6c9-7b4e72b0ba5d"><![CDATA[%dw 2.0

type auto_08f59528_0636_4f23_be44_bde5a7e98241_Input_Variables_query = Any

]]></types:shape>
    </types:type>
    <types:type name="auto_08f59528-0636-4f23-be44-bde5a7e98241_Input-Variables-httpStatus" format="java">
      <types:shape format="raml" autogeneratedOrigin="da27f7e8-cf5a-4378-a6c9-7b4e72b0ba5d"><![CDATA[#%RAML 1.0 DataType
type: string]]></types:shape>
    </types:type>
    <types:type name="auto_08f59528-0636-4f23-be44-bde5a7e98241_Output-Payload" format="java">
      <types:shape format="weave" example="weave/autogenerated/08f59528-0636-4f23-be44-bde5a7e98241/Output-Payload.wev" autogeneratedOrigin="da27f7e8-cf5a-4378-a6c9-7b4e72b0ba5d"><![CDATA[%dw 2.0

type auto_08f59528_0636_4f23_be44_bde5a7e98241_Output_Payload = Array<{ _?: java_lang_Object }>
type java_lang_Object = {|  |} {"typeAlias": "Object",
"class": "java.lang.Object",
"typeId": "java.lang.Object"}



]]></types:shape>
    </types:type>
    <types:type name="auto_08f59528-0636-4f23-be44-bde5a7e98241_Output-Attributes" format="java">
      <types:shape format="weave" example="weave/autogenerated/08f59528-0636-4f23-be44-bde5a7e98241/Output-Attributes.wev" autogeneratedOrigin="da27f7e8-cf5a-4378-a6c9-7b4e72b0ba5d"><![CDATA[%dw 2.0

type auto_08f59528_0636_4f23_be44_bde5a7e98241_Output_Attributes = Null

]]></types:shape>
    </types:type>
    <types:type name="auto_08f59528-0636-4f23-be44-bde5a7e98241_Output-Variables-outboundHeaders" format="java">
      <types:shape format="weave" example="weave/autogenerated/08f59528-0636-4f23-be44-bde5a7e98241/Output-Variables-outboundHeaders.wev" autogeneratedOrigin="da27f7e8-cf5a-4378-a6c9-7b4e72b0ba5d"><![CDATA[%dw 2.0

type auto_08f59528_0636_4f23_be44_bde5a7e98241_Output_Variables_outboundHeaders = {|  |}

]]></types:shape>
    </types:type>
    <types:type name="auto_08f59528-0636-4f23-be44-bde5a7e98241_Output-Variables-query" format="java">
      <types:shape format="weave" example="weave/autogenerated/08f59528-0636-4f23-be44-bde5a7e98241/Output-Variables-query.wev" autogeneratedOrigin="da27f7e8-cf5a-4378-a6c9-7b4e72b0ba5d"><![CDATA[%dw 2.0

type auto_08f59528_0636_4f23_be44_bde5a7e98241_Output_Variables_query = Any

]]></types:shape>
    </types:type>
    <types:type name="auto_08f59528-0636-4f23-be44-bde5a7e98241_Output-Variables-httpStatus" format="java">
      <types:shape format="raml" autogeneratedOrigin="da27f7e8-cf5a-4378-a6c9-7b4e72b0ba5d"><![CDATA[#%RAML 1.0 DataType
type: string]]></types:shape>
    </types:type>
    <types:type name="auto_892f6ee8-74ad-4228-b28f-a8adcf35a4a7_Input-Payload" format="java">
      <types:shape format="weave" example="weave/autogenerated/892f6ee8-74ad-4228-b28f-a8adcf35a4a7/Input-Payload.wev" autogeneratedOrigin="6833073a-867e-4bf7-8d3a-16d60cc5fdec"><![CDATA[%dw 2.0

type auto_892f6ee8_74ad_4228_b28f_a8adcf35a4a7_Input_Payload = {|
  affectedRows?: Number, 
  generatedKeys?: { _?: Number }
|} {"typeAlias": "StatementResult",
"typeId": "org.mule.extension.db.api.StatementResult"}

]]></types:shape>
    </types:type>
    <types:type name="auto_892f6ee8-74ad-4228-b28f-a8adcf35a4a7_Input-Attributes" format="java">
      <types:shape format="weave" example="weave/autogenerated/892f6ee8-74ad-4228-b28f-a8adcf35a4a7/Input-Attributes.wev" autogeneratedOrigin="6833073a-867e-4bf7-8d3a-16d60cc5fdec"><![CDATA[%dw 2.0

type auto_892f6ee8_74ad_4228_b28f_a8adcf35a4a7_Input_Attributes = Null

]]></types:shape>
    </types:type>
    <types:type name="auto_892f6ee8-74ad-4228-b28f-a8adcf35a4a7_Input-Variables-outboundHeaders" format="java">
      <types:shape format="weave" example="weave/autogenerated/892f6ee8-74ad-4228-b28f-a8adcf35a4a7/Input-Variables-outboundHeaders.wev" autogeneratedOrigin="6833073a-867e-4bf7-8d3a-16d60cc5fdec"><![CDATA[%dw 2.0

type auto_892f6ee8_74ad_4228_b28f_a8adcf35a4a7_Input_Variables_outboundHeaders = {|  |}

]]></types:shape>
    </types:type>
    <types:type name="auto_892f6ee8-74ad-4228-b28f-a8adcf35a4a7_Input-Variables-query" format="java">
      <types:shape format="weave" example="weave/autogenerated/892f6ee8-74ad-4228-b28f-a8adcf35a4a7/Input-Variables-query.wev" autogeneratedOrigin="6833073a-867e-4bf7-8d3a-16d60cc5fdec"><![CDATA[%dw 2.0

type auto_892f6ee8_74ad_4228_b28f_a8adcf35a4a7_Input_Variables_query = Any

]]></types:shape>
    </types:type>
    <types:type name="auto_892f6ee8-74ad-4228-b28f-a8adcf35a4a7_Input-Variables-httpStatus" format="java">
      <types:shape format="raml" autogeneratedOrigin="6833073a-867e-4bf7-8d3a-16d60cc5fdec"><![CDATA[#%RAML 1.0 DataType
type: string]]></types:shape>
    </types:type>
    <types:type name="auto_892f6ee8-74ad-4228-b28f-a8adcf35a4a7_Output-Payload" format="java">
      <types:shape format="weave" example="weave/autogenerated/892f6ee8-74ad-4228-b28f-a8adcf35a4a7/Output-Payload.wev" autogeneratedOrigin="6833073a-867e-4bf7-8d3a-16d60cc5fdec"><![CDATA[%dw 2.0

type auto_892f6ee8_74ad_4228_b28f_a8adcf35a4a7_Output_Payload = {|
  affectedRows?: Number, 
  generatedKeys?: { _?: Number }
|} {"typeAlias": "StatementResult",
"typeId": "org.mule.extension.db.api.StatementResult"}

]]></types:shape>
    </types:type>
    <types:type name="auto_892f6ee8-74ad-4228-b28f-a8adcf35a4a7_Output-Attributes" format="java">
      <types:shape format="weave" example="weave/autogenerated/892f6ee8-74ad-4228-b28f-a8adcf35a4a7/Output-Attributes.wev" autogeneratedOrigin="6833073a-867e-4bf7-8d3a-16d60cc5fdec"><![CDATA[%dw 2.0

type auto_892f6ee8_74ad_4228_b28f_a8adcf35a4a7_Output_Attributes = Null

]]></types:shape>
    </types:type>
    <types:type name="auto_892f6ee8-74ad-4228-b28f-a8adcf35a4a7_Output-Variables-outboundHeaders" format="java">
      <types:shape format="weave" example="weave/autogenerated/892f6ee8-74ad-4228-b28f-a8adcf35a4a7/Output-Variables-outboundHeaders.wev" autogeneratedOrigin="6833073a-867e-4bf7-8d3a-16d60cc5fdec"><![CDATA[%dw 2.0

type auto_892f6ee8_74ad_4228_b28f_a8adcf35a4a7_Output_Variables_outboundHeaders = {|  |}

]]></types:shape>
    </types:type>
    <types:type name="auto_892f6ee8-74ad-4228-b28f-a8adcf35a4a7_Output-Variables-query" format="java">
      <types:shape format="weave" example="weave/autogenerated/892f6ee8-74ad-4228-b28f-a8adcf35a4a7/Output-Variables-query.wev" autogeneratedOrigin="6833073a-867e-4bf7-8d3a-16d60cc5fdec"><![CDATA[%dw 2.0

type auto_892f6ee8_74ad_4228_b28f_a8adcf35a4a7_Output_Variables_query = Any

]]></types:shape>
    </types:type>
    <types:type name="auto_892f6ee8-74ad-4228-b28f-a8adcf35a4a7_Output-Variables-httpStatus" format="java">
      <types:shape format="raml" autogeneratedOrigin="6833073a-867e-4bf7-8d3a-16d60cc5fdec"><![CDATA[#%RAML 1.0 DataType
type: string]]></types:shape>
    </types:type>
    <types:type name="auto_ba9e001e-c173-47e3-b074-1ecc25ea2c84_Input-Payload" format="java">
      <types:shape format="weave" example="weave/autogenerated/ba9e001e-c173-47e3-b074-1ecc25ea2c84/Input-Payload.wev" autogeneratedOrigin="0a877470-9249-4239-a0a5-3f766cb4e4ee"><![CDATA[%dw 2.0

type auto_ba9e001e_c173_47e3_b074_1ecc25ea2c84_Input_Payload = {|
  affectedRows?: Number, 
  generatedKeys?: { _?: Number }
|} {"typeAlias": "StatementResult",
"typeId": "org.mule.extension.db.api.StatementResult"}

]]></types:shape>
    </types:type>
    <types:type name="auto_ba9e001e-c173-47e3-b074-1ecc25ea2c84_Input-Attributes" format="java">
      <types:shape format="weave" example="weave/autogenerated/ba9e001e-c173-47e3-b074-1ecc25ea2c84/Input-Attributes.wev" autogeneratedOrigin="0a877470-9249-4239-a0a5-3f766cb4e4ee"><![CDATA[%dw 2.0

type auto_ba9e001e_c173_47e3_b074_1ecc25ea2c84_Input_Attributes = Null

]]></types:shape>
    </types:type>
    <types:type name="auto_ba9e001e-c173-47e3-b074-1ecc25ea2c84_Input-Variables-outboundHeaders" format="java">
      <types:shape format="weave" example="weave/autogenerated/ba9e001e-c173-47e3-b074-1ecc25ea2c84/Input-Variables-outboundHeaders.wev" autogeneratedOrigin="0a877470-9249-4239-a0a5-3f766cb4e4ee"><![CDATA[%dw 2.0

type auto_ba9e001e_c173_47e3_b074_1ecc25ea2c84_Input_Variables_outboundHeaders = {|  |}

]]></types:shape>
    </types:type>
    <types:type name="auto_ba9e001e-c173-47e3-b074-1ecc25ea2c84_Input-Variables-query" format="java">
      <types:shape format="weave" example="weave/autogenerated/ba9e001e-c173-47e3-b074-1ecc25ea2c84/Input-Variables-query.wev" autogeneratedOrigin="0a877470-9249-4239-a0a5-3f766cb4e4ee"><![CDATA[%dw 2.0

type auto_ba9e001e_c173_47e3_b074_1ecc25ea2c84_Input_Variables_query = Any

]]></types:shape>
    </types:type>
    <types:type name="auto_ba9e001e-c173-47e3-b074-1ecc25ea2c84_Input-Variables-httpStatus" format="java">
      <types:shape format="raml" autogeneratedOrigin="0a877470-9249-4239-a0a5-3f766cb4e4ee"><![CDATA[#%RAML 1.0 DataType
type: string]]></types:shape>
    </types:type>
    <types:type name="auto_ba9e001e-c173-47e3-b074-1ecc25ea2c84_Output-Payload" format="java">
      <types:shape format="weave" example="weave/autogenerated/ba9e001e-c173-47e3-b074-1ecc25ea2c84/Output-Payload.wev" autogeneratedOrigin="0a877470-9249-4239-a0a5-3f766cb4e4ee"><![CDATA[%dw 2.0

type auto_ba9e001e_c173_47e3_b074_1ecc25ea2c84_Output_Payload = {|
  affectedRows?: Number, 
  generatedKeys?: { _?: Number }
|} {"typeAlias": "StatementResult",
"typeId": "org.mule.extension.db.api.StatementResult"}

]]></types:shape>
    </types:type>
    <types:type name="auto_ba9e001e-c173-47e3-b074-1ecc25ea2c84_Output-Attributes" format="java">
      <types:shape format="weave" example="weave/autogenerated/ba9e001e-c173-47e3-b074-1ecc25ea2c84/Output-Attributes.wev" autogeneratedOrigin="0a877470-9249-4239-a0a5-3f766cb4e4ee"><![CDATA[%dw 2.0

type auto_ba9e001e_c173_47e3_b074_1ecc25ea2c84_Output_Attributes = Null

]]></types:shape>
    </types:type>
    <types:type name="auto_ba9e001e-c173-47e3-b074-1ecc25ea2c84_Output-Variables-outboundHeaders" format="java">
      <types:shape format="weave" example="weave/autogenerated/ba9e001e-c173-47e3-b074-1ecc25ea2c84/Output-Variables-outboundHeaders.wev" autogeneratedOrigin="0a877470-9249-4239-a0a5-3f766cb4e4ee"><![CDATA[%dw 2.0

type auto_ba9e001e_c173_47e3_b074_1ecc25ea2c84_Output_Variables_outboundHeaders = {|  |}

]]></types:shape>
    </types:type>
    <types:type name="auto_ba9e001e-c173-47e3-b074-1ecc25ea2c84_Output-Variables-query" format="java">
      <types:shape format="weave" example="weave/autogenerated/ba9e001e-c173-47e3-b074-1ecc25ea2c84/Output-Variables-query.wev" autogeneratedOrigin="0a877470-9249-4239-a0a5-3f766cb4e4ee"><![CDATA[%dw 2.0

type auto_ba9e001e_c173_47e3_b074_1ecc25ea2c84_Output_Variables_query = Any

]]></types:shape>
    </types:type>
    <types:type name="auto_ba9e001e-c173-47e3-b074-1ecc25ea2c84_Output-Variables-httpStatus" format="java">
      <types:shape format="raml" autogeneratedOrigin="0a877470-9249-4239-a0a5-3f766cb4e4ee"><![CDATA[#%RAML 1.0 DataType
type: string]]></types:shape>
    </types:type>
    <types:type name="auto_03648dc8-a1e5-4e0f-9637-8ead25e20b49_Input-Variables-extractid" format="java">
      <types:shape format="weave" example="weave/autogenerated/03648dc8-a1e5-4e0f-9637-8ead25e20b49/Input-Variables-extractid.wev" autogeneratedOrigin="5dc2fc52-4ba0-407d-8da1-d82daad5cfa7"><![CDATA[%dw 2.0

type auto_03648dc8_a1e5_4e0f_9637_8ead25e20b49_Input_Variables_extractid = Null

]]></types:shape>
    </types:type>
    <types:type name="auto_03648dc8-a1e5-4e0f-9637-8ead25e20b49_Output-Payload" format="java">
      <types:shape format="weave" example="weave/autogenerated/03648dc8-a1e5-4e0f-9637-8ead25e20b49/Output-Payload.wev" autogeneratedOrigin="5dc2fc52-4ba0-407d-8da1-d82daad5cfa7"><![CDATA[%dw 2.0

type auto_03648dc8_a1e5_4e0f_9637_8ead25e20b49_Output_Payload = Array<{|  IPF_Extract_Id: Number,   PolicyID: String,   PolicyNo?: String,   PayeeName?: String,   AmountForPayout?: Number,   PaymentDate?: Date,   Processor?: String,   ActivityCode?: String,   PurposeOfApplication?: String,   TransactionDate?: Date,   Status?: String,   UpdatedDate?: Date,   PaymentMethod?: String,   PaymentRef?: String,   OwnerName?: String|}>

]]></types:shape>
    </types:type>
    <types:type name="auto_03648dc8-a1e5-4e0f-9637-8ead25e20b49_Output-Attributes" format="java">
      <types:shape format="weave" example="weave/autogenerated/03648dc8-a1e5-4e0f-9637-8ead25e20b49/Output-Attributes.wev" autogeneratedOrigin="5dc2fc52-4ba0-407d-8da1-d82daad5cfa7"><![CDATA[%dw 2.0

type auto_03648dc8_a1e5_4e0f_9637_8ead25e20b49_Output_Attributes = Null

]]></types:shape>
    </types:type>
    <types:type name="auto_03648dc8-a1e5-4e0f-9637-8ead25e20b49_Output-Variables-extractid" format="java">
      <types:shape format="weave" example="weave/autogenerated/03648dc8-a1e5-4e0f-9637-8ead25e20b49/Output-Variables-extractid.wev" autogeneratedOrigin="5dc2fc52-4ba0-407d-8da1-d82daad5cfa7"><![CDATA[%dw 2.0

type auto_03648dc8_a1e5_4e0f_9637_8ead25e20b49_Output_Variables_extractid = Null

]]></types:shape>
    </types:type>
  </types:catalog>
  <types:enrichment select="#214c1ceb-84e5-4ea8-9dfa-ccbc32fa5a8f">
    <types:processor-declaration>
      <types:input-event>
        <types:message>
          <types:payload type="auto_214c1ceb-84e5-4ea8-9dfa-ccbc32fa5a8f_Input-Payload"/>
          <types:attributes type="auto_214c1ceb-84e5-4ea8-9dfa-ccbc32fa5a8f_Input-Attributes"/>
        </types:message>
        <types:variables>
          <types:variable name="outboundHeaders" type="auto_214c1ceb-84e5-4ea8-9dfa-ccbc32fa5a8f_Input-Variables-outboundHeaders"/>
          <types:variable name="httpStatus" type="auto_214c1ceb-84e5-4ea8-9dfa-ccbc32fa5a8f_Input-Variables-httpStatus"/>
        </types:variables>
      </types:input-event>
      <types:output-event>
        <types:message>
          <types:payload type="auto_214c1ceb-84e5-4ea8-9dfa-ccbc32fa5a8f_Output-Payload"/>
          <types:attributes type="auto_214c1ceb-84e5-4ea8-9dfa-ccbc32fa5a8f_Output-Attributes"/>
        </types:message>
        <types:variables>
          <types:variable name="outboundHeaders" type="auto_214c1ceb-84e5-4ea8-9dfa-ccbc32fa5a8f_Output-Variables-outboundHeaders"/>
          <types:variable name="query" type="auto_214c1ceb-84e5-4ea8-9dfa-ccbc32fa5a8f_Output-Variables-query"/>
          <types:variable name="httpStatus" type="auto_214c1ceb-84e5-4ea8-9dfa-ccbc32fa5a8f_Output-Variables-httpStatus"/>
        </types:variables>
      </types:output-event>
    </types:processor-declaration>
  </types:enrichment>
  <types:enrichment select="#68ed9e98-86a6-4a79-888b-b2612f884828">
    <types:processor-declaration>
      <types:input-event>
        <types:message>
          <types:payload type="auto_68ed9e98-86a6-4a79-888b-b2612f884828_Input-Payload"/>
          <types:attributes type="auto_68ed9e98-86a6-4a79-888b-b2612f884828_Input-Attributes"/>
        </types:message>
        <types:variables>
          <types:variable name="outboundHeaders" type="auto_68ed9e98-86a6-4a79-888b-b2612f884828_Input-Variables-outboundHeaders"/>
          <types:variable name="httpStatus" type="auto_68ed9e98-86a6-4a79-888b-b2612f884828_Input-Variables-httpStatus"/>
        </types:variables>
      </types:input-event>
      <types:output-event>
        <types:message>
          <types:payload type="auto_68ed9e98-86a6-4a79-888b-b2612f884828_Output-Payload"/>
          <types:attributes type="auto_68ed9e98-86a6-4a79-888b-b2612f884828_Output-Attributes"/>
        </types:message>
        <types:variables>
          <types:variable name="outboundHeaders" type="auto_68ed9e98-86a6-4a79-888b-b2612f884828_Output-Variables-outboundHeaders"/>
          <types:variable name="query" type="auto_68ed9e98-86a6-4a79-888b-b2612f884828_Output-Variables-query"/>
          <types:variable name="httpStatus" type="auto_68ed9e98-86a6-4a79-888b-b2612f884828_Output-Variables-httpStatus"/>
        </types:variables>
      </types:output-event>
    </types:processor-declaration>
  </types:enrichment>
  <types:enrichment select="#a808283d-358a-4d4a-8488-cea8a39ecc17">
    <types:processor-declaration>
      <types:input-event>
        <types:message>
          <types:payload type="auto_a808283d-358a-4d4a-8488-cea8a39ecc17_Input-Payload"/>
          <types:attributes type="auto_a808283d-358a-4d4a-8488-cea8a39ecc17_Input-Attributes"/>
        </types:message>
        <types:variables>
          <types:variable name="outboundHeaders" type="auto_a808283d-358a-4d4a-8488-cea8a39ecc17_Input-Variables-outboundHeaders"/>
          <types:variable name="httpStatus" type="auto_a808283d-358a-4d4a-8488-cea8a39ecc17_Input-Variables-httpStatus"/>
        </types:variables>
      </types:input-event>
      <types:output-event>
        <types:message>
          <types:payload type="auto_a808283d-358a-4d4a-8488-cea8a39ecc17_Output-Payload"/>
          <types:attributes type="auto_a808283d-358a-4d4a-8488-cea8a39ecc17_Output-Attributes"/>
        </types:message>
        <types:variables>
          <types:variable name="outboundHeaders" type="auto_a808283d-358a-4d4a-8488-cea8a39ecc17_Output-Variables-outboundHeaders"/>
          <types:variable name="query" type="auto_a808283d-358a-4d4a-8488-cea8a39ecc17_Output-Variables-query"/>
          <types:variable name="httpStatus" type="auto_a808283d-358a-4d4a-8488-cea8a39ecc17_Output-Variables-httpStatus"/>
        </types:variables>
      </types:output-event>
    </types:processor-declaration>
  </types:enrichment>
  <types:enrichment select="#08f59528-0636-4f23-be44-bde5a7e98241">
    <types:processor-declaration>
      <types:input-event>
        <types:message>
          <types:payload type="auto_08f59528-0636-4f23-be44-bde5a7e98241_Input-Payload"/>
          <types:attributes type="auto_08f59528-0636-4f23-be44-bde5a7e98241_Input-Attributes"/>
        </types:message>
        <types:variables>
          <types:variable name="outboundHeaders" type="auto_08f59528-0636-4f23-be44-bde5a7e98241_Input-Variables-outboundHeaders"/>
          <types:variable name="query" type="auto_08f59528-0636-4f23-be44-bde5a7e98241_Input-Variables-query"/>
          <types:variable name="httpStatus" type="auto_08f59528-0636-4f23-be44-bde5a7e98241_Input-Variables-httpStatus"/>
        </types:variables>
      </types:input-event>
      <types:output-event>
        <types:message>
          <types:payload type="auto_08f59528-0636-4f23-be44-bde5a7e98241_Output-Payload"/>
          <types:attributes type="auto_08f59528-0636-4f23-be44-bde5a7e98241_Output-Attributes"/>
        </types:message>
        <types:variables>
          <types:variable name="outboundHeaders" type="auto_08f59528-0636-4f23-be44-bde5a7e98241_Output-Variables-outboundHeaders"/>
          <types:variable name="query" type="auto_08f59528-0636-4f23-be44-bde5a7e98241_Output-Variables-query"/>
          <types:variable name="httpStatus" type="auto_08f59528-0636-4f23-be44-bde5a7e98241_Output-Variables-httpStatus"/>
        </types:variables>
      </types:output-event>
    </types:processor-declaration>
  </types:enrichment>
  <types:enrichment select="#892f6ee8-74ad-4228-b28f-a8adcf35a4a7">
    <types:processor-declaration>
      <types:input-event>
        <types:message>
          <types:payload type="auto_892f6ee8-74ad-4228-b28f-a8adcf35a4a7_Input-Payload"/>
          <types:attributes type="auto_892f6ee8-74ad-4228-b28f-a8adcf35a4a7_Input-Attributes"/>
        </types:message>
        <types:variables>
          <types:variable name="outboundHeaders" type="auto_892f6ee8-74ad-4228-b28f-a8adcf35a4a7_Input-Variables-outboundHeaders"/>
          <types:variable name="query" type="auto_892f6ee8-74ad-4228-b28f-a8adcf35a4a7_Input-Variables-query"/>
          <types:variable name="httpStatus" type="auto_892f6ee8-74ad-4228-b28f-a8adcf35a4a7_Input-Variables-httpStatus"/>
        </types:variables>
      </types:input-event>
      <types:output-event>
        <types:message>
          <types:payload type="auto_892f6ee8-74ad-4228-b28f-a8adcf35a4a7_Output-Payload"/>
          <types:attributes type="auto_892f6ee8-74ad-4228-b28f-a8adcf35a4a7_Output-Attributes"/>
        </types:message>
        <types:variables>
          <types:variable name="outboundHeaders" type="auto_892f6ee8-74ad-4228-b28f-a8adcf35a4a7_Output-Variables-outboundHeaders"/>
          <types:variable name="query" type="auto_892f6ee8-74ad-4228-b28f-a8adcf35a4a7_Output-Variables-query"/>
          <types:variable name="httpStatus" type="auto_892f6ee8-74ad-4228-b28f-a8adcf35a4a7_Output-Variables-httpStatus"/>
        </types:variables>
      </types:output-event>
    </types:processor-declaration>
  </types:enrichment>
  <types:enrichment select="#ba9e001e-c173-47e3-b074-1ecc25ea2c84">
    <types:processor-declaration>
      <types:input-event>
        <types:message>
          <types:payload type="auto_ba9e001e-c173-47e3-b074-1ecc25ea2c84_Input-Payload"/>
          <types:attributes type="auto_ba9e001e-c173-47e3-b074-1ecc25ea2c84_Input-Attributes"/>
        </types:message>
        <types:variables>
          <types:variable name="outboundHeaders" type="auto_ba9e001e-c173-47e3-b074-1ecc25ea2c84_Input-Variables-outboundHeaders"/>
          <types:variable name="query" type="auto_ba9e001e-c173-47e3-b074-1ecc25ea2c84_Input-Variables-query"/>
          <types:variable name="httpStatus" type="auto_ba9e001e-c173-47e3-b074-1ecc25ea2c84_Input-Variables-httpStatus"/>
        </types:variables>
      </types:input-event>
      <types:output-event>
        <types:message>
          <types:payload type="auto_ba9e001e-c173-47e3-b074-1ecc25ea2c84_Output-Payload"/>
          <types:attributes type="auto_ba9e001e-c173-47e3-b074-1ecc25ea2c84_Output-Attributes"/>
        </types:message>
        <types:variables>
          <types:variable name="outboundHeaders" type="auto_ba9e001e-c173-47e3-b074-1ecc25ea2c84_Output-Variables-outboundHeaders"/>
          <types:variable name="query" type="auto_ba9e001e-c173-47e3-b074-1ecc25ea2c84_Output-Variables-query"/>
          <types:variable name="httpStatus" type="auto_ba9e001e-c173-47e3-b074-1ecc25ea2c84_Output-Variables-httpStatus"/>
        </types:variables>
      </types:output-event>
    </types:processor-declaration>
  </types:enrichment>
  <types:enrichment select="#42efeb7b-0fe1-4192-a1f8-8fb0408df650"/>
  <types:enrichment select="#43d67f14-9d88-47f4-b013-1df87a38d2ea"/>
  <types:enrichment select="#cdac92f6-e7df-4f77-a745-6eb5022e82d9"/>
  <types:enrichment select="#3ed5f9d8-d8dc-4d0e-a361-22ba0a1aa558"/>
  <types:enrichment select="#3255ab07-9a1e-4e5e-a14d-ba8dc262bccf"/>
  <types:enrichment select="#03648dc8-a1e5-4e0f-9637-8ead25e20b49">
    <types:processor-declaration>
      <types:input-event>
        <types:variables>
          <types:variable name="extractid" type="auto_03648dc8-a1e5-4e0f-9637-8ead25e20b49_Input-Variables-extractid"/>
        </types:variables>
      </types:input-event>
      <types:output-event>
        <types:message>
          <types:payload type="auto_03648dc8-a1e5-4e0f-9637-8ead25e20b49_Output-Payload"/>
          <types:attributes type="auto_03648dc8-a1e5-4e0f-9637-8ead25e20b49_Output-Attributes"/>
        </types:message>
        <types:variables>
          <types:variable name="extractid" type="auto_03648dc8-a1e5-4e0f-9637-8ead25e20b49_Output-Variables-extractid"/>
        </types:variables>
      </types:output-event>
    </types:processor-declaration>
  </types:enrichment>
</types:mule>