<?xml version="1.0" encoding="UTF-8"?>

<mule xmlns:ee="http://www.mulesoft.org/schema/mule/ee/core" xmlns="http://www.mulesoft.org/schema/mule/core"
	xmlns:doc="http://www.mulesoft.org/schema/mule/documentation"
	xmlns:xsi="http://www.w3.org/2001/XMLSchema-instance" xsi:schemaLocation="http://www.mulesoft.org/schema/mule/core http://www.mulesoft.org/schema/mule/core/current/mule.xsd
http://www.mulesoft.org/schema/mule/ee/core http://www.mulesoft.org/schema/mule/ee/core/current/mule-ee.xsd">
	<sub-flow name="impl-transactions-status-main-subflow" doc:id="cc288d7e-3a20-4973-8adf-ac16704be807" >
		<logger level="INFO" doc:name="START impl-transactions-status-main-subflow" doc:id="e4f3e8de-2352-40b2-8b83-dbf21aeff063" message="#[p('global.properties.api.id') ++ &quot;.&quot; ++ p('global.properties.api.appName') ++ &quot;.&quot; ++ vars.operationId ++ &quot;.&quot; ++ vars.operationName ++ &quot;.&quot; ++ &quot;impl-transactions-status-main-subflow&quot; ++ &quot;.Start--&quot;] ++ #[payload]"/>
		<ee:transform doc:name="Request Payload for PUT /transactions/status" doc:id="da7d0f12-f945-45df-8b4e-67ee5dc8079c" >
			<ee:message >
				<ee:set-payload ><![CDATA[%dw 2.0
output application/json
---
{
  "Id": payload.id,
  "Data": {
    "Txn": {
      "EventCode": payload.data.txn.eventCode,
      "EventDetails": {
        "AlertIdentifier": payload.data.txn.eventDetails.alertIdentifier,
        "OrgunitCode": payload.data.txn.eventDetails.orgunitCode,
        "GenericStatus": payload.data.txn.eventDetails.genericStatus,
        "SourceSystem": payload.data.txn.eventDetails.sourceSystem,
        "CustomerId": payload.data.txn.eventDetails.customerId
      }
    }
  }
}]]></ee:set-payload>
			</ee:message>
		</ee:transform>
		<flow-ref doc:name="aml-mgt-proc-api-put-transactions-status-subflow" doc:id="d5d59d8c-e023-4b25-9490-52c986440593" name="aml-mgt-proc-api-put-transactions-status-subflow"/>
		<logger level="INFO" doc:name="END impl-transactions-status-main-subflow" doc:id="ac6219d1-878f-401f-826d-49627953cee9" message="#[p('global.properties.api.id') ++ &quot;.&quot; ++ p('global.properties.api.appName') ++ &quot;.&quot; ++ vars.operationId ++ &quot;.&quot; ++ vars.operationName ++ &quot;.&quot; ++ &quot;impl-transactions-status-main-subflow&quot; ++ &quot;.End--&quot;] ++ #[payload]"/>
	</sub-flow>
</mule>
