<?xml version="1.0" encoding="UTF-8"?>

<mule xmlns:ee="http://www.mulesoft.org/schema/mule/ee/core" xmlns:http="http://www.mulesoft.org/schema/mule/http"
	xmlns="http://www.mulesoft.org/schema/mule/core"
	xmlns:doc="http://www.mulesoft.org/schema/mule/documentation" xmlns:xsi="http://www.w3.org/2001/XMLSchema-instance" xsi:schemaLocation="http://www.mulesoft.org/schema/mule/core http://www.mulesoft.org/schema/mule/core/current/mule.xsd
http://www.mulesoft.org/schema/mule/http http://www.mulesoft.org/schema/mule/http/current/mule-http.xsd
http://www.mulesoft.org/schema/mule/ee/core http://www.mulesoft.org/schema/mule/ee/core/current/mule-ee.xsd">
	
	<flow name="sys-post-screening-api" doc:id="8248758a-82d6-48b6-9414-f1dbd223cc1b" >
		<logger level="INFO" doc:name="START screening" doc:id="0ad16cb0-0cdd-4c82-a2ac-784651139217" message="#['transactionId:' ++ correlationId ++ p('global.properties.api.id') ++ &quot;.&quot; ++ p('global.properties.api.appName') ++ &quot;.&quot; ++ p('global.properties.mule.operations.wlmscreening.id') ++ &quot;.&quot; ++ p('global.properties.mule.operations.wlmscreening.name') ++ &quot;.&quot; ++ &quot;sys-post-screening-api&quot; ++ &quot;.Start--&quot;] ++ #[payload]"/>
<!-- 		<until-successful maxRetries="3" doc:name="Until Successful" doc:id="d5ac4307-bb1a-42b9-84e1-005188ff8f93" millisBetweenRetries="1000"> -->
<!-- 			<ee:transform doc:name="Set screening Payload (Mock)" doc:id="abe779fd-2ffa-4869-94fe-0a5864756f94"> -->
<!-- 			<ee:message> -->
<!-- 				<ee:set-payload><![CDATA[%dw 2.0 -->
<!-- output application/json -->
<!-- -&#45;&#45; -->
<!-- { -->
<!--   "id": "1", -->
<!--   "type": "AXA_GC_Realtime_JsonObjectGraph", -->
<!--   "sequence": "WLM-Realtime-ScreenCustomer", -->
<!--   "mainOrgunitCode": "058", -->
<!--   "token": payload.access_token, -->
<!--   "data": [ -->
<!--     { -->
<!--         "resultItems": [ -->
<!--           { -->
<!--             "id": "0", -->
<!--             "type": "result", -->
<!--             "properties": { -->
<!--               "checks": "[]", -->
<!--               "WLMResult": "NOHIT", -->
<!--               "alertIdentifier": "" -->
<!--             } -->
<!--           } -->
<!--         ] -->
<!--     } -->
<!--   ] -->
<!-- }]]></ee:set-payload> -->
<!-- 			</ee:message> -->
<!-- 		</ee:transform> -->
<!-- 		</until-successful> -->
		<until-successful maxRetries="3" doc:name="Until Successful" doc:id="1c16e2e4-44cc-4969-9da6-02ebddc8de76" millisBetweenRetries="3000">
			<http:request method="POST" doc:name="POST /api/v1/wlm/screening/party" doc:id="db6c3c1e-1653-4c4f-be38-31b4a117efb8" config-ref="HTTP_Request_configuration" path="${http.screeningpath}">
				<http:body ><![CDATA[#[vars.indexPayload]]]></http:body>
				<http:headers ><![CDATA[#[output application/java
---
{

"Authorization" : "Bearer " ++ vars.token

}]]]></http:headers>
			</http:request>
		</until-successful>
		<logger level="INFO" doc:name="END screening" doc:id="7aec0909-6d35-4d52-867d-a5b3058e1546" message="#['transactionId:' ++ correlationId ++ p('global.properties.api.id') ++ &quot;.&quot; ++ p('global.properties.api.appName') ++ &quot;.&quot; ++ p('global.properties.mule.operations.wlmscreening.id') ++ &quot;.&quot; ++ p('global.properties.mule.operations.wlmscreening.name') ++ &quot;.&quot; ++ &quot;sys-post-screeening-api&quot; ++ &quot;.End--&quot;]  ++ #[payload]"/>
	</flow>
	
	<flow name="sys-post-alertStatus-api" doc:id="7b8c8d63-450e-4a6e-8338-0352e18e88cb" >
		<logger level="INFO" doc:name="START alertStatus" doc:id="19aa2633-6576-4fd0-8551-649e45e5c342" message="#['transactionId:' ++ correlationId ++ p('global.properties.api.id') ++ &quot;.&quot; ++ p('global.properties.api.appName') ++ &quot;.&quot; ++ p('global.properties.mule.operations.alertstatus.id') ++ &quot;.&quot; ++ p('global.properties.mule.operations.alertstatus.name') ++ &quot;.&quot; ++ &quot;sys-post-alertstatus-api&quot; ++ &quot;.Start--&quot;] ++ #[payload]"/>
				<until-successful maxRetries="3" doc:name="Until Successful" doc:id="7d5e3e8d-1c3d-42e1-8e30-e4c2273883b5" millisBetweenRetries="1000">
			<http:request method="POST" doc:name="/api/v1/wlm/alert" doc:id="3da08326-291e-4703-b5e9-56bd7bb8e04f" config-ref="HTTP_Request_configuration" path="${http.alertstatuspath}">
			<http:body><![CDATA[#[vars.indexPayload]]]></http:body>
			<http:headers><![CDATA[#[output application/java
---
{

"Authorization" : "Bearer " ++ vars.token

}]]]></http:headers>
		</http:request>
		</until-successful>
		<logger level="INFO" doc:name="END alertStatus" doc:id="8eb3f9c2-1ffd-4375-8fb5-82886a6052bc" message="#['transactionId:' ++ correlationId ++ p('global.properties.api.id') ++ &quot;.&quot; ++ p('global.properties.api.appName') ++ &quot;.&quot; ++ p('global.properties.mule.operations.alertstatus.id') ++ &quot;.&quot; ++ p('global.properties.mule.operations.alertstatus.name') ++ &quot;.&quot; ++ &quot;sys-post-screeening-api&quot; ++ &quot;.End--&quot;]  ++ #[payload]"/>
		
	</flow>
	<flow name="sys-post-token-api" doc:id="e682bff7-27d3-4e2b-ba16-2f7008feb8cf" >
		<logger level="INFO" doc:name="START token" doc:id="90d3f055-c064-4b78-87b7-0e6fd5f8e3ee" message="#['transactionId:' ++ correlationId ++ p('global.properties.api.id') ++ &quot;.&quot; ++ p('global.properties.api.appName') ++ &quot;.&quot; ++ p('global.properties.mule.operations.wlmscreening.id') ++ &quot;.&quot; ++ p('global.properties.mule.operations.wlmscreening.name') ++ &quot;.&quot; ++ &quot;sys-post-token-api&quot; ++ &quot;.Start--&quot;] ++ #[payload]" />
		<until-successful maxRetries="3" doc:name="Until Successful" doc:id="8df73dde-d7d9-4426-b077-fb94b0ab0428" millisBetweenRetries="3000" >
			<http:request method="POST" doc:name="POST /maam/v2/token" doc:id="7a5343e4-d6e0-4253-a59f-77b8b90ace3e" config-ref="HTTP_Request_configuration_Token" path="${http.axamaampath}" >
				<http:body ><![CDATA[#[%dw 2.0
output application/x-www-form-urlencoded

---
{
	"token_endpoint_auth_method" : p('maambody.token_endpoint_auth_method'),
    "scope" : p('maambody.scope'),
    "token_type" : p('maambody.token_type'),
    "client_id" : p('maambody.client_id'),
    "client_secret" : p('maambody.client_secret'),
    "grant_type" : p('maambody.grant_type')
}]]]></http:body>
			</http:request>
		</until-successful>
		<logger level="INFO" doc:name="END token" doc:id="fe6b0895-56e3-40be-b256-e2c6f61e01e8" message="#['transactionId:' ++ correlationId ++ p('global.properties.api.id') ++ &quot;.&quot; ++ p('global.properties.api.appName') ++ &quot;.&quot; ++ p('global.properties.mule.operations.alertstatus.id') ++ &quot;.&quot; ++ p('global.properties.mule.operations.alertstatus.name') ++ &quot;.&quot; ++ &quot;sys-post-token-api&quot; ++ &quot;.End--&quot;]  ++ #[payload]" />
	</flow>
</mule>
