<?xml version="1.0" encoding="UTF-8"?>

<mule xmlns:db="http://www.mulesoft.org/schema/mule/db" xmlns="http://www.mulesoft.org/schema/mule/core"
	xmlns:doc="http://www.mulesoft.org/schema/mule/documentation"
	xmlns:xsi="http://www.w3.org/2001/XMLSchema-instance" xsi:schemaLocation="http://www.mulesoft.org/schema/mule/core http://www.mulesoft.org/schema/mule/core/current/mule.xsd
http://www.mulesoft.org/schema/mule/db http://www.mulesoft.org/schema/mule/db/current/mule-db.xsd">
	<sub-flow name="aml-database_select-subflow" doc:id="a264e863-bea3-49b4-9acc-fade9155ab89" >
		<logger level="INFO" doc:name="START SQL Get Statement" doc:id="3f4b1eac-0f23-415f-bc7e-fe3bc8f9dd56" message="#[%dw 2.0&#10;output text&#10;---&#10;p('global.properties.api.id') ++ &quot;.&quot; ++ p('global.properties.api.appName') ++ &quot;.&quot; ++ vars.operationId ++ &quot;.&quot; ++ vars.operationName ++ &quot;.&quot; ++ &quot;aml-database_select-subflow&quot; ++ &quot;.Start--&quot; ++ write(payload, &quot;application/json&quot;)]"/>
		<until-successful maxRetries="3" doc:name="Until Successful - 3 Retries" doc:id="2cc8e460-0858-4aba-9bf5-d51d0b338df4" millisBetweenRetries="1000">
			<db:select doc:name="Select Statement" doc:id="27eff072-e691-4f32-90b9-e57a301c6f51" config-ref="AML_SQL_Database_Config">
			<db:sql><![CDATA[#[vars.query]]]></db:sql>
			<db:input-parameters><![CDATA[#[vars.filters]]]></db:input-parameters>
		</db:select>
		</until-successful>
		<logger level="INFO" doc:name="END SQL Get Statement" doc:id="be88d827-18ac-4684-b7cc-9de03cbcfc3b" message="#[%dw 2.0&#10;output text&#10;---&#10;p('global.properties.api.id') ++ &quot;.&quot; ++ p('global.properties.api.appName') ++ &quot;.&quot; ++ vars.operationId ++ &quot;.&quot; ++ vars.operationName ++ &quot;.&quot; ++ &quot;aml-database_select-subflow&quot; ++ &quot;.End--&quot; ++ write(payload, &quot;application/json&quot;)]"/>
	</sub-flow>
	<sub-flow name="aml-database_insert-subflow" doc:id="f1adaca9-2196-4f28-976f-2820aba9cc02" >
		<logger level="INFO" doc:name="START SQL Insert Statement" doc:id="1d5da21a-c2f1-4b14-ba45-e8957a5bad31" message="#[%dw 2.0&#10;output text&#10;---&#10;p('global.properties.api.id') ++ &quot;.&quot; ++ p('global.properties.api.appName') ++ &quot;.&quot; ++ vars.operationId ++ &quot;.&quot; ++ vars.operationName ++ &quot;.&quot; ++ &quot;aml-database_insert-subflow&quot; ++ &quot;.Start--&quot; ++ write(payload, &quot;application/json&quot;)]"/>
		<until-successful maxRetries="3" doc:name="Until Successful - 3 Retries" doc:id="ece11b8a-7ff5-4a93-8f84-5f9e8592f135" millisBetweenRetries="1000">
			<db:insert doc:name="Insert Statement" doc:id="70a8a652-ebcf-42bd-9ac9-02a066b83977" config-ref="AML_SQL_Database_Config">
			<db:sql><![CDATA[#[vars.query]]]></db:sql>
			<db:input-parameters><![CDATA[#[vars.insertParams]]]></db:input-parameters>
		</db:insert>
		</until-successful>
		<logger level="INFO" doc:name="End SQL Insert Statement" doc:id="b292ee49-a22b-49e7-bcf5-6162f4418e81" message="#[%dw 2.0&#10;output text&#10;---&#10;p('global.properties.api.id') ++ &quot;.&quot; ++ p('global.properties.api.appName') ++ &quot;.&quot; ++ vars.operationId ++ &quot;.&quot; ++ vars.operationName ++ &quot;.&quot; ++ &quot;aml-database_insert-subflow&quot; ++ &quot;.End--&quot; ++ write(payload, &quot;application/json&quot;)]"/>
	</sub-flow>
	<sub-flow name="aml-database_update-subflow" doc:id="b7f8242f-0678-48de-a9b9-46c0742741a8" >
		<logger level="INFO" doc:name="START SQL Update Statement" doc:id="7928245b-918d-4684-bf89-4bc6b3874f4f" message="#[%dw 2.0&#10;output text&#10;---&#10;p('global.properties.api.id') ++ &quot;.&quot; ++ p('global.properties.api.appName') ++ &quot;.&quot; ++ vars.operationId ++ &quot;.&quot; ++ vars.operationName ++ &quot;.&quot; ++ &quot;aml-database_update-subflow&quot; ++ &quot;.Start--&quot; ++ write(payload, &quot;application/json&quot;)]"/>
		<until-successful maxRetries="3" doc:name="Until Successful - 3 Retries" doc:id="f81445cb-a433-4569-ae75-f7e9b53d2f59" millisBetweenRetries="1000">
			<db:update doc:name="Update Statement" doc:id="f4ac19b2-ce95-4c26-a671-529faf2bdeae" config-ref="AML_SQL_Database_Config">
			<db:sql><![CDATA[#[vars.query]]]></db:sql>
			<db:input-parameters><![CDATA[#[vars.updateParams]]]></db:input-parameters>
		</db:update>
		</until-successful>
		<logger level="INFO" doc:name="End SQL Update Statement" doc:id="909e1bd2-f6ff-48b1-acef-9b4b278ffd6f" message="#[%dw 2.0&#10;output text&#10;---&#10;p('global.properties.api.id') ++ &quot;.&quot; ++ p('global.properties.api.appName') ++ &quot;.&quot; ++ vars.operationId ++ &quot;.&quot; ++ vars.operationName ++ &quot;.&quot; ++ &quot;aml-database_update-subflow&quot; ++ &quot;.End--&quot; ++ write(payload, &quot;application/json&quot;)]"/>
	</sub-flow>
</mule>
