<?xml version="1.0" encoding="UTF-8"?>

<mule xmlns:db="http://www.mulesoft.org/schema/mule/db"
	xmlns="http://www.mulesoft.org/schema/mule/core" xmlns:doc="http://www.mulesoft.org/schema/mule/documentation"
	xmlns:xsi="http://www.w3.org/2001/XMLSchema-instance"
	xsi:schemaLocation="
http://www.mulesoft.org/schema/mule/db http://www.mulesoft.org/schema/mule/db/current/mule-db.xsd http://www.mulesoft.org/schema/mule/core http://www.mulesoft.org/schema/mule/core/current/mule.xsd">
	<sub-flow name="axasol-database_update-subflow" doc:id="58e87e22-41fc-4172-8c60-723e1c909ade" >
		<logger level="INFO" doc:name="START SQL Insert Statement" doc:id="fe520a55-c34b-4c17-a94a-c9b4cdf6aa9a" message="#[%dw 2.0&#10;output text&#10;---&#10;p('global.properties.api.id') ++ &quot;.&quot; ++ p('global.properties.api.appName') ++ &quot;.&quot; ++ vars.operationId ++ &quot;.&quot; ++ vars.operationName ++ &quot;.&quot; ++ &quot;sys-sql-flow_insert-subflow&quot; ++ &quot;.Start--&quot; ++ write(payload, &quot;application/json&quot;)]"/>
		<until-successful maxRetries="3" doc:name="Until Successful - 3 Retries" doc:id="ba6512b4-f5a0-453c-9246-8812c03549ca" millisBetweenRetries="1000">
			<db:update doc:name="Update Statement" doc:id="f41f21aa-fac6-47b5-be20-eb4cf07085c4" config-ref="AXASOL_SQL_Database_Config">
			<db:sql><![CDATA[#[vars.query]]]></db:sql>
			<db:input-parameters><![CDATA[#[vars.updateParams]]]></db:input-parameters>
		</db:update>
		</until-successful>
		<logger level="INFO" doc:name="End SQL Insert Statement" doc:id="bb893a84-5a4b-4fa8-bb89-e378e7a19962" message="#[%dw 2.0&#10;output text&#10;---&#10;p('global.properties.api.id') ++ &quot;.&quot; ++ p('global.properties.api.appName') ++ &quot;.&quot; ++ vars.operationId ++ &quot;.&quot; ++ vars.operationName ++ &quot;.&quot; ++ &quot;sys-sql-flow_insert-subflow&quot; ++ &quot;.End--&quot; ++ write(payload, &quot;application/json&quot;)]"/>
	</sub-flow>
	</mule>
