<?xml version="1.0" encoding="UTF-8"?>

<mule xmlns:smb="http://www.mulesoft.org/schema/mule/smb" xmlns:sftp="http://www.mulesoft.org/schema/mule/sftp"
	xmlns:os="http://www.mulesoft.org/schema/mule/os"
	xmlns:ee="http://www.mulesoft.org/schema/mule/ee/core" xmlns:apikit="http://www.mulesoft.org/schema/mule/mule-apikit"
	xmlns:api-gateway="http://www.mulesoft.org/schema/mule/api-gateway"
	xmlns:secure-properties="http://www.mulesoft.org/schema/mule/secure-properties" xmlns:http="http://www.mulesoft.org/schema/mule/http" xmlns:db="http://www.mulesoft.org/schema/mule/db" xmlns="http://www.mulesoft.org/schema/mule/core" xmlns:doc="http://www.mulesoft.org/schema/mule/documentation" xmlns:xsi="http://www.w3.org/2001/XMLSchema-instance" xsi:schemaLocation="
http://www.mulesoft.org/schema/mule/ee/core http://www.mulesoft.org/schema/mule/ee/core/current/mule-ee.xsd 
http://www.mulesoft.org/schema/mule/mule-apikit http://www.mulesoft.org/schema/mule/mule-apikit/current/mule-apikit.xsd http://www.mulesoft.org/schema/mule/core http://www.mulesoft.org/schema/mule/core/current/mule.xsd
http://www.mulesoft.org/schema/mule/db http://www.mulesoft.org/schema/mule/db/current/mule-db.xsd
http://www.mulesoft.org/schema/mule/http http://www.mulesoft.org/schema/mule/http/current/mule-http.xsd
http://www.mulesoft.org/schema/mule/secure-properties http://www.mulesoft.org/schema/mule/secure-properties/current/mule-secure-properties.xsd
http://www.mulesoft.org/schema/mule/api-gateway http://www.mulesoft.org/schema/mule/api-gateway/current/mule-api-gateway.xsd
http://www.mulesoft.org/schema/mule/os http://www.mulesoft.org/schema/mule/os/current/mule-os.xsd
http://www.mulesoft.org/schema/mule/smb http://www.mulesoft.org/schema/mule/smb/current/mule-smb.xsd
http://www.mulesoft.org/schema/mule/sftp http://www.mulesoft.org/schema/mule/sftp/current/mule-sftp.xsd">
	<apikit:config name="archive-records-sys-api-config" api="resource::331792da-b10c-491b-8881-10cd31aa171d:archive-records-sys-api:1.0.6:raml:zip:archive-records-sys-api.raml" outboundHeadersMapName="outboundHeaders" httpStatusVarName="httpStatus" />
	<configuration-properties doc:name="Configuration properties" doc:id="3e2eb768-aefc-49b5-beb9-be8c3cb61956" file="config/${env}/config.yaml" />
	<configuration-properties doc:name="Configuration properties" doc:id="3ab15a5b-781f-45ba-9c10-66bc0cbe6f30" file="config/global/config.yaml" />
	<configuration doc:name="Configuration" doc:id="fbb15e31-54dc-4a49-86df-7b2d2900ad91" defaultErrorHandler-ref="common-global-Error_Handler" />
	<secure-properties:config name="Secure_Properties_Config" doc:name="Secure Properties Config" doc:id="962665f4-c7a3-4509-bee0-045381b9c2b0" file="config/${env}/config.yaml" key="${key}" />
	<api-gateway:autodiscovery apiId="${api.autodiscovery.id}" ignoreBasePath="true" doc:name="API Autodiscovery" doc:id="986dcbe0-c58e-4f88-8bad-2c255cc3332c" flowRef="archive-records-sys-api-main" />
	<sftp:config name="SFTP_Config" doc:name="SFTP Config" doc:id="03705807-f8e9-458b-aba8-c0095818fcde" >
		<sftp:connection host="${sftp.server.host}" port="${sftp.server.port}" username="${sftp.server.username}" password="${secure::sftp.server.password}" />
	</sftp:config>
	<smb:config name="SMB_Connector_Config" doc:name="SMB Connector Config" doc:id="c1dba2eb-d5cd-492f-a72b-deaa4e7725f1" >
		<smb:connection host="${smb.server.host}" username="${smb.server.username}" password="${secure::smb.server.password}" share="${smb.server.share}"/>
	</smb:config>
	<import doc:name="Import global error handler" doc:id="ffe68d0e-0f77-492f-98d9-6fcfc88b7c45" file="common-global-error-handler.xml" />
	<import doc:name="Import apikit error handler" doc:id="5baaa158-9dca-45d7-84a6-074a23bfec3d" file="common-apikit-error-handler.xml" />
	<import doc:name="Import messaging-sys-api" doc:id="372deba0-ae23-49a7-af71-4bd66502a44a" file="system/messaging-sys-api-flow.xml" />
	<global-property doc:name="Global Property" doc:id="7aa1ba7a-fb3e-4753-af59-939a0b93c74f" name="env" value="dev" />
	<global-property doc:name="Global Property" doc:id="7bf68404-d4c9-4035-9ed3-580d16aec27d" name="key" value="1234567812345678" />	
</mule>
