<?xml version="1.0" encoding="UTF-8"?>

<mule xmlns:http="http://www.mulesoft.org/schema/mule/http"
	xmlns:ee="http://www.mulesoft.org/schema/mule/ee/core" xmlns="http://www.mulesoft.org/schema/mule/core"
	xmlns:doc="http://www.mulesoft.org/schema/mule/documentation"
	xmlns:xsi="http://www.w3.org/2001/XMLSchema-instance" xsi:schemaLocation="
http://www.mulesoft.org/schema/mule/ee/core http://www.mulesoft.org/schema/mule/ee/core/current/mule-ee.xsd http://www.mulesoft.org/schema/mule/core http://www.mulesoft.org/schema/mule/core/current/mule.xsd
http://www.mulesoft.org/schema/mule/http http://www.mulesoft.org/schema/mule/http/current/mule-http.xsd">
	
	 <flow name="post:\email:application\json:messaging-sys-api-config">
	 		<logger level="INFO" doc:name="START sys-post-messaging-api" doc:id="2ec22c44-f2d8-4b99-a92f-7661a2f9cbeb" message="#[p('global.properties.api.id') ++ &quot;.&quot; ++ p('global.properties.api.appName') ++ &quot;.&quot; ++ p('global.properties.mule.operations.email.id') ++ &quot;.&quot; ++ p('global.properties.mule.operations.email.name') ++ &quot;.&quot; ++ &quot;impl-post-messaging-flows&quot; ++ &quot;.Start--&quot;] ++ #[payload]"/>
		<ee:transform doc:name="Mapping to Email" doc:id="5f9a841f-d62a-4d56-a2ca-99c364bd5796" >
			<ee:message >
				<ee:set-payload ><![CDATA[%dw 2.0
output application/json


---
{
	"sender": payload.Sender,
    "senderName": payload.SenderName,
    "recipient": payload.Recipient,
    "subject": payload.Subject,
    "Body": payload.Body,
    "sourceId": payload.SourceId,
    "trackEmail": true,
    "fileName": payload.FileName,
    "fileType" : payload.FileType,
    "file":  payload.File
}]]></ee:set-payload>
			</ee:message>
			<ee:variables >
			</ee:variables>
		</ee:transform>
		<flow-ref doc:name="sys-post-messaging-api" doc:id="d548371f-7af3-45f4-b92f-18f6b86046e0" name="sys-post-messaging-api" />
		<ee:transform doc:name="Response from Core API email">
            <ee:message>
                <ee:set-payload><![CDATA[%dw 2.0
output application/json
---
{
  ResponseCode: p('response.success.code') ,
  ResponseStatus: p('response.success.message'),
  CorrelationId: correlationId,
  Timestamp: now() >> "Asia/Manila",
  Data: {
  
    Message: "Email has been sent."
  }
}]]></ee:set-payload>
            </ee:message>
        </ee:transform>
   	 		<logger level="INFO" doc:name="END sys-post-messaging-api" doc:id="da1f4bce-5674-4d89-9832-ba742b419ecd" message="#[p('global.properties.api.id') ++ &quot;.&quot; ++ p('global.properties.api.appName') ++ &quot;.&quot; ++ p('global.properties.mule.operations.email.id') ++ &quot;.&quot; ++ p('global.properties.mule.operations.email.name') ++ &quot;.&quot; ++ &quot;impl-post-messaging-flows&quot; ++ &quot;.End--&quot;] ++ #[payload]"/>
        
    </flow>
</mule>
