<?xml version="1.0" encoding="UTF-8"?>

<mule xmlns:http="http://www.mulesoft.org/schema/mule/http"
	xmlns:ee="http://www.mulesoft.org/schema/mule/ee/core" xmlns="http://www.mulesoft.org/schema/mule/core"
	xmlns:doc="http://www.mulesoft.org/schema/mule/documentation"
	xmlns:xsi="http://www.w3.org/2001/XMLSchema-instance" xsi:schemaLocation="
http://www.mulesoft.org/schema/mule/ee/core http://www.mulesoft.org/schema/mule/ee/core/current/mule-ee.xsd http://www.mulesoft.org/schema/mule/core http://www.mulesoft.org/schema/mule/core/current/mule.xsd
http://www.mulesoft.org/schema/mule/http http://www.mulesoft.org/schema/mule/http/current/mule-http.xsd">
    
    <flow name="post:\screening:application\json:netreveal-sys-api-config">
        <logger level="INFO" doc:name="START screening" doc:id="2ec22c44-f2d8-4b99-a92f-7661a2f9cbeb" message="#['transactionId:' ++ correlationId ++ p('global.properties.api.id') ++ &quot;.&quot; ++ p('global.properties.api.appName') ++ &quot;.&quot; ++ p('global.properties.mule.operations.wlmscreening.id') ++ &quot;.&quot; ++ p('global.properties.mule.operations.wlmscreening.name') ++ &quot;.&quot; ++ &quot;impl-post-netreveal-flows&quot; ++ &quot;.Start--&quot;] ++ #[payload]" />
		<ee:transform doc:name="Set var - Index payload" doc:id="aa63e772-9884-44d6-bb4f-74e5cdae1ef1" >
			<ee:message >
			</ee:message>
			<ee:variables >
				<ee:set-variable variableName="indexPayload" ><![CDATA[payload]]></ee:set-variable>
			</ee:variables>
		</ee:transform>
		<flow-ref doc:name="impl-post-token-subflow" doc:id="196f2d61-d817-41bf-a88c-35d575bb582c" name="impl-post-token-subflow"/>
		<flow-ref doc:name="sys-post-screening-api" doc:id="d548371f-7af3-45f4-b92f-18f6b86046e0" name="sys-post-screening-api"/>
		<ee:transform doc:name="Transform Payload">
            <ee:message>
                <ee:set-payload><![CDATA[%dw 2.0
output application/json
---
{
  ResponseCode: p('response.success.code') ,
  ResponseStatus: p('response.success.message'),
  CorrelationId: correlationId,
  Timestamp: now() >> "Asia/Manila",
  Data: payload.data[0]
}
]]></ee:set-payload>
            </ee:message>
        </ee:transform>
		<logger level="INFO" doc:name="END screening" doc:id="da1f4bce-5674-4d89-9832-ba742b419ecd" message="#['transactionId:' ++ correlationId ++ p('global.properties.api.id') ++ &quot;.&quot; ++ p('global.properties.api.appName') ++ &quot;.&quot; ++ p('global.properties.mule.operations.wlmscreening.id') ++ &quot;.&quot; ++ p('global.properties.mule.operations.wlmscreening.name') ++ &quot;.&quot; ++ &quot;impl-post-netreveal-flows&quot; ++ &quot;.End--&quot;] ++ #[payload]" />
    </flow>
    
    <flow name="post:\alertStatus:application\json:netreveal-sys-api-config">
        <logger level="INFO" doc:name="START alertStatus" doc:id="cab2543b-ee4d-4987-be07-f78995979053" message="#['transactionId:' ++ correlationId ++ p('global.properties.api.id') ++ &quot;.&quot; ++ p('global.properties.api.appName') ++ &quot;.&quot; ++ p('global.properties.mule.operations.alertstatus.id') ++ &quot;.&quot; ++ p('global.properties.mule.operations.alertstatus.name') ++ &quot;.&quot; ++ &quot;impl-post-netreveal-flows&quot; ++ &quot;.Start--&quot;] ++ #[payload]" />
	
		<ee:transform doc:name="Set var - Index payload" doc:id="97e29b7d-e7a4-449c-948d-19fed1688d41">
			<ee:message />
			<ee:variables>
				<ee:set-variable variableName="indexPayload"><![CDATA[payload]]></ee:set-variable>
			</ee:variables>
		</ee:transform>
		<flow-ref doc:name="impl-post-token-subflow" doc:id="162176fb-2812-466d-8d6f-06f78b6fb2ff" name="impl-post-token-subflow" />
		<flow-ref doc:name="sys-post-alertStatus-api" doc:id="b1621e13-168f-4780-aae1-e19346018ab2" name="sys-post-alertStatus-api"/>
		<ee:transform doc:name="Transform Payload">
            <ee:message>
                <ee:set-payload><![CDATA[%dw 2.0
output application/json
---
{
  ResponseCode: p('response.success.code'),
  ResponseStatus: p('response.success.message'),
  CorrelationId: correlationId,
  Timestamp: now() >> "Asia/Manila",
  Id: payload.id,
  MainOrgunitCode: payload.mainOrgunitCode,
  Data: payload.data[0]
    
}
]]></ee:set-payload>
            </ee:message>
        </ee:transform>
     		<logger level="INFO" doc:name="END alertstatus" doc:id="29e77f99-2a51-472a-811d-4e8b37cfb9c5" message="#['transactionId:' ++ correlationId ++ p('global.properties.api.id') ++ &quot;.&quot; ++ p('global.properties.api.appName') ++ &quot;.&quot; ++ p('global.properties.mule.operations.alertstatus.id') ++ &quot;.&quot; ++ p('global.properties.mule.operations.alertstatus.name') ++ &quot;.&quot; ++ &quot;impl-post-netreveal-flows&quot; ++ &quot;.End--&quot;] ++ #[payload]" />
        
    </flow>
	<sub-flow name="impl-post-token-subflow" doc:id="43c092a8-60af-4a6e-83fc-5ef6a4e7ca24" >
		<flow-ref doc:name="sys-post-token-api" doc:id="5440d271-578d-44e5-a5c5-7a09b408e47b" name="sys-post-token-api" />
		<ee:transform doc:name="Add token to payload" doc:id="1743f149-8c2c-41f7-9302-fa62f6913fed">
			<ee:message>
			</ee:message>
			<ee:variables>
				<ee:set-variable variableName="token" ><![CDATA[message.payload.access_token
]]></ee:set-variable>
			</ee:variables>
		</ee:transform>
	</sub-flow>
</mule>
