<?xml version="1.0" encoding="UTF-8"?>

<mule xmlns:sftp="http://www.mulesoft.org/schema/mule/sftp" xmlns:ee="http://www.mulesoft.org/schema/mule/ee/core"
	xmlns:http="http://www.mulesoft.org/schema/mule/http"
	xmlns="http://www.mulesoft.org/schema/mule/core" xmlns:doc="http://www.mulesoft.org/schema/mule/documentation" xmlns:xsi="http://www.w3.org/2001/XMLSchema-instance" xsi:schemaLocation="http://www.mulesoft.org/schema/mule/core http://www.mulesoft.org/schema/mule/core/current/mule.xsd
http://www.mulesoft.org/schema/mule/http http://www.mulesoft.org/schema/mule/http/current/mule-http.xsd
http://www.mulesoft.org/schema/mule/ee/core http://www.mulesoft.org/schema/mule/ee/core/current/mule-ee.xsd
http://www.mulesoft.org/schema/mule/sftp http://www.mulesoft.org/schema/mule/sftp/current/mule-sftp.xsd">
	
	
	<flow name="aml-bus-app" doc:id="638f5cbe-9c70-4ece-9b70-89805fc0ee40" >
		<scheduler doc:name="Scheduler" doc:id="4901e856-a7e1-463e-b291-244cd3e538bf" disallowConcurrentExecution="true" >
			<scheduling-strategy >
				<cron timeZone="Asia/Manila" expression="${system.jobsched}"/>
			</scheduling-strategy>
		</scheduler>
		<flow-ref doc:name="impl-aml-bus-app-main" doc:id="f027b0ef-b1ee-4b17-838a-5cfdda39f7ac" name="impl-aml-bus-app-main"/>
		
	</flow>
</mule>
