<?xml version="1.0" encoding="UTF-8"?>

<mule xmlns:ee="http://www.mulesoft.org/schema/mule/ee/core" xmlns="http://www.mulesoft.org/schema/mule/core"
	xmlns:doc="http://www.mulesoft.org/schema/mule/documentation"
	xmlns:xsi="http://www.w3.org/2001/XMLSchema-instance" xsi:schemaLocation="http://www.mulesoft.org/schema/mule/core http://www.mulesoft.org/schema/mule/core/current/mule.xsd
http://www.mulesoft.org/schema/mule/ee/core http://www.mulesoft.org/schema/mule/ee/core/current/mule-ee.xsd">
	<sub-flow name="impl-ipf-query-extract-flows" doc:id="ee2c5499-20a7-4e19-9621-afc3c3397efe" >
		<logger level="INFO" doc:name="START -  ipf-query-extract" doc:id="a46e361b-ac68-414b-9fe9-a9f3ddf85a67" message="#[${file::dwl/logger/start-msg.dwl}]" />
		<ee:transform doc:name="Set mergedata" doc:id="eb49dee8-c5e0-446e-a359-38759ca5f5cb" >
			<ee:message >
			</ee:message>
			<ee:variables >
				<ee:set-variable variableName="mergedata" ><![CDATA[[]]]></ee:set-variable>
			</ee:variables>
		</ee:transform>
		<flow-ref doc:name="ipf-database-select-extract" doc:id="4cd0d3e4-ddda-425e-9696-5b6391193a36" name="ipf-database-select-extract" target="extract"/>
		<flow-ref doc:name="ipf-database-select-details-bypolicynumber" doc:id="e9d51628-b92c-4173-a1e2-06d938780060" name="ipf-database-select-details-bypolicynumber" target="details"/>
		<foreach doc:name="For Each" doc:id="54fb5f3f-d388-4d40-ad07-dd4a98714d82" collection="#[vars.extract.Data]">
			<ee:transform doc:name="Merge Payload" doc:id="3ce7df8a-1dc1-4c6c-953e-ec6bd8091204" >
				<ee:message >
				</ee:message>
				<ee:variables >
					<ee:set-variable variableName="mergedata" ><![CDATA[%dw 2.0
output application/json

var data = {       
	        "DateTimeStamp": payload.DateTimeStamp,
            "PayoutAmount_LocalCurrency": payload.PayoutAmount_LocalCurrency,
            "MobileNo": payload.MobileNo,
            "EffectiveDate": payload.EffectiveDate,
            "UnitPrice": payload.UnitPrice,
            "UserId": payload.UserId,
            "CityCode": payload.CityCode,
            "PayoutRate": payload.PayoutRate,
            "Currency": payload.Currency,
            "TransactionUnits": payload.TransactionUnits,
            "Address4": payload.Address4,
            "IncomePayoutAmount": payload.IncomePayoutAmount,
            "ActivityCode": payload.ActivityCode,
            "FundValue": payload.FundValue,
            "InsuredName": payload.InsuredName,
            "Address3": payload.Address3,
            "SysId": payload.SysId,
            "PaymentReferenceNo":payload.PaymentReferenceNo,
            "Address2": payload.Address2,
            "OwnerName": payload.OwnerName,
            "Address1": payload.Address1,
            "FundCode": payload.FundCode,
            "PolicyNo": payload.PolicyNo,
            "EmailAddress":payload.EmailAddress,
            "Spread": payload.Spread,
            "PlanCode": payload.PlanCode,
            "DateProcessed": payload.DateProcessed,
             MapDetails : vars.details.Data filter ((item, index) -> item.IPF_Extract_Id == payload.SysId)
     }

---
vars.mergedata << data]]></ee:set-variable>
				</ee:variables>
			</ee:transform>
		</foreach>
		<ee:transform doc:name="Extract Reponse" doc:id="beb88e64-3fe0-415e-a95d-3a9bdcd4fedb" >
			<ee:message >
				<ee:set-payload ><![CDATA[%dw 2.0
output application/json
---
{
  ResponseCode: p('response.success.code') ,
  ResponseStatus: p('response.success.message'),
  CorrelationId: correlationId,
  Timestamp: now() >> "Asia/Manila",
  Data: vars.mergedata
}
]]></ee:set-payload>
			</ee:message>
		</ee:transform>
		<logger level="INFO" doc:name="END -  ipf-query-extract" doc:id="0fb411e8-2fd4-42f4-81b2-82f2e71a6b8a" message="#[${file::dwl/logger/end-msg.dwl}]" />
    
	</sub-flow>
	
	<sub-flow name="impl-ipf-query-details-flows" doc:id="0862c417-4839-4167-a595-e3f30c78636c" >
			<logger level="INFO" doc:name="START - query-details-flows" doc:id="92bea6af-3fe8-4e13-9114-39d808e9d4ac" message="#[${file::dwl/logger/start-msg.dwl}]" />
		<logger level="INFO" doc:name="END query-details-flows" doc:id="16846889-0957-4ed0-9bff-115b529a2618" message="#[${file::dwl/logger/end-msg.dwl}]" />
 
</sub-flow>
</mule>
