<?xml version="1.0" encoding="UTF-8"?>

<mule xmlns:secure-properties="http://www.mulesoft.org/schema/mule/secure-properties"
	xmlns:tls="http://www.mulesoft.org/schema/mule/tls"
	xmlns:api-gateway="http://www.mulesoft.org/schema/mule/api-gateway"
	xmlns:json-logger="http://www.mulesoft.org/schema/mule/json-logger"
	xmlns:db="http://www.mulesoft.org/schema/mule/db"
	xmlns:wsc="http://www.mulesoft.org/schema/mule/wsc" xmlns:apikit="http://www.mulesoft.org/schema/mule/mule-apikit"
	xmlns:http="http://www.mulesoft.org/schema/mule/http"
	xmlns="http://www.mulesoft.org/schema/mule/core" xmlns:doc="http://www.mulesoft.org/schema/mule/documentation" xmlns:xsi="http://www.w3.org/2001/XMLSchema-instance" xsi:schemaLocation="
http://www.mulesoft.org/schema/mule/tls http://www.mulesoft.org/schema/mule/tls/current/mule-tls.xsd 
http://www.mulesoft.org/schema/mule/db http://www.mulesoft.org/schema/mule/db/current/mule-db.xsd 
http://www.mulesoft.org/schema/mule/mule-apikit http://www.mulesoft.org/schema/mule/mule-apikit/current/mule-apikit.xsd
http://www.mulesoft.org/schema/mule/wsc http://www.mulesoft.org/schema/mule/wsc/current/mule-wsc.xsd 
http://www.mulesoft.org/schema/mule/http http://www.mulesoft.org/schema/mule/http/current/mule-http.xsd http://www.mulesoft.org/schema/mule/core http://www.mulesoft.org/schema/mule/core/current/mule.xsd
http://www.mulesoft.org/schema/mule/json-logger http://www.mulesoft.org/schema/mule/json-logger/current/mule-json-logger.xsd
http://www.mulesoft.org/schema/mule/api-gateway http://www.mulesoft.org/schema/mule/api-gateway/current/mule-api-gateway.xsd
http://www.mulesoft.org/schema/mule/secure-properties http://www.mulesoft.org/schema/mule/secure-properties/current/mule-secure-properties.xsd">
	
	
	<global-property doc:name="Global Property" doc:id="9a7746f9-089c-406f-9e65-3aaddfda989c" name="key" value="Mu!3s0ftcGSc@l31" />
	
	

	<global-property doc:name="Global Property" doc:id="6400a32f-3e6d-424d-9726-8f7c9981e2c7" name="env" value="dev" />
	<configuration-properties doc:name="Configuration properties" doc:id="81dea20f-77f2-437a-8d67-d69788771d46" file="config/${env}/config.yaml" />
	<configuration doc:name="Configuration" doc:id="632752f7-2e92-4384-84e3-5c90baadee19" defaultErrorHandler-ref="error-handler" />
	<configuration-properties doc:name="Configuration properties" doc:id="759cc6ab-275c-4c5d-8bde-501e0a25b9ce" file="config/global/config.yaml" />
    <http:request-config name="HTTP_Request_configuration" doc:name="HTTP Request configuration" doc:id="1b903be7-465f-4a8b-9bd6-048fbe065880" >

		<http:request-connection protocol="HTTPS" host="${http.axahost}" port="${http.axaport}" connectionIdleTimeout="3000">
			<http:proxy-config >
				<http:proxy host="${proxy.host}" port="${proxy.port}" />
			</http:proxy-config>
		</http:request-connection>
	</http:request-config>	

    <apikit:config name="messaging-sys-api-config" api="resource::331792da-b10c-491b-8881-10cd31aa171d:messaging-sys-api:1.0.7:raml:zip:messaging-sys-api.raml" outboundHeadersMapName="outboundHeaders" httpStatusVarName="httpStatus" />
    <api-gateway:autodiscovery apiId="${api.autodiscovery.id}" ignoreBasePath="true" doc:name="API Autodiscovery" doc:id="f3104972-2903-44a3-ab62-67b9f8368afb" flowRef="messaging-sys-api-main" />   
 

 </mule>
