<?xml version="1.0" encoding="UTF-8"?>

<mule xmlns:apikit="http://www.mulesoft.org/schema/mule/mule-apikit"
	xmlns:http="http://www.mulesoft.org/schema/mule/http"
	xmlns:ee="http://www.mulesoft.org/schema/mule/ee/core" xmlns="http://www.mulesoft.org/schema/mule/core"
	xmlns:doc="http://www.mulesoft.org/schema/mule/documentation"
	xmlns:xsi="http://www.w3.org/2001/XMLSchema-instance" xsi:schemaLocation="http://www.mulesoft.org/schema/mule/core http://www.mulesoft.org/schema/mule/core/current/mule.xsd
http://www.mulesoft.org/schema/mule/ee/core http://www.mulesoft.org/schema/mule/ee/core/current/mule-ee.xsd">
	<error-handler name="error-handler" doc:id="16f7a28f-83ee-4052-9ce3-61d00675951f" >
	
	<on-error-propagate enableNotifications="true" logException="true" doc:name="On Error Propagate" doc:id="ce568eb1-cfbd-411d-92ae-46ebba1b1bc5" type="APIKIT:NOT_FOUND" >
			<ee:transform doc:name="Not Found Error Message" doc:id="d3ca7248-f73e-4fe6-bc6d-bb23808fba3b" xsi:schemaLocation="http://www.mulesoft.org/schema/mule/ee/core http://www.mulesoft.org/schema/mule/ee/core/current/mule-ee.xsd" >
				<ee:message >
					<ee:set-payload ><![CDATA[%dw 2.0
output application/json
---
{
	ResponseCode: p('response.error.not-found.code'),
	ResponseStatus: p('response.error.status'),
	CorrelationId: correlationId,
	Timestamp: now(),
	ErrorDetails: {
		Code: p('global.properties.api.id'),
		Status: 'APIKIT:NOT_FOUND',
		Message: p('response.error.not-found.message')
	}
}]]></ee:set-payload>
				</ee:message>
				<ee:variables >
					<ee:set-variable variableName="httpStatus" ><![CDATA[404]]></ee:set-variable>
				</ee:variables>
			</ee:transform>
		</on-error-propagate>
	
	<on-error-propagate enableNotifications="true" logException="true" doc:name="On Error Propagate" doc:id="26a75684-334b-42b5-af7d-b941dcde91fd" type="HTTP:FORBIDDEN" >
			<ee:transform doc:name="Forbidden Error Message" doc:id="0cfd4b69-db68-4a05-8b33-c3fcb78a034c" xsi:schemaLocation="http://www.mulesoft.org/schema/mule/ee/core http://www.mulesoft.org/schema/mule/ee/core/current/mule-ee.xsd" >
				<ee:message >
					<ee:set-payload ><![CDATA[%dw 2.0
output application/json
---
{
	ResponseCode: p('response.error.forbidden.code'),
	ResponseStatus: p('response.error.status'),
	CorrelationId: correlationId,
	Timestamp: now(),
	ErrorDetails: {
		Code: p('global.properties.api.id'),
		Status: "HTTP:FORBIDDEN",
		Message: p('response.error.forbidden.message')
	}
}]]></ee:set-payload>
				</ee:message>
				<ee:variables >
					<ee:set-variable variableName="httpStatus" ><![CDATA[403]]></ee:set-variable>
				</ee:variables>
			</ee:transform>
		</on-error-propagate>
		
		<on-error-propagate enableNotifications="true" logException="true" doc:name="On Error Propagate" doc:id="267e6dfc-52b3-4bd8-9d76-152e121732ba" type="HTTP:SERVICE_UNAVAILABLE" >
			<ee:transform doc:name="Service Unavailable Error Message" doc:id="17d931e2-91dc-4279-81d4-f4233ad6ce7d" xsi:schemaLocation="http://www.mulesoft.org/schema/mule/ee/core http://www.mulesoft.org/schema/mule/ee/core/current/mule-ee.xsd" >
				<ee:message >
					<ee:set-payload ><![CDATA[%dw 2.0
output application/json
---
{
	ResponseCode: p('response.error.service-unavailable.code'),
	ResponseStatus: p('response.error.status'),
	CorrelationId: correlationId,
	Timestamp: now(),
	ErrorDetails: {
		Code: p('global.properties.api.id'),
		Status: 'HTTP:SERVICE_UNAVAILABLE',
		Message: p('response.error.service-unavailable.message')
	}
}]]></ee:set-payload>
				</ee:message>
				<ee:variables >
					<ee:set-variable variableName="httpStatus" ><![CDATA[503]]></ee:set-variable>
				</ee:variables>
			</ee:transform>
		</on-error-propagate>	
	<on-error-propagate enableNotifications="true" logException="true" doc:name="On Error Propagate" doc:id="6d460dcd-0c39-4cf3-a1da-bc46da13f333" type="APIKIT:BAD_REQUEST" >
			<ee:transform doc:name="Bad Request Error Message" doc:id="6002f64f-00b6-4f7c-a0d2-bf9407d77a32" xsi:schemaLocation="http://www.mulesoft.org/schema/mule/ee/core http://www.mulesoft.org/schema/mule/ee/core/current/mule-ee.xsd" >
				<ee:message >
					<ee:set-payload ><![CDATA[%dw 2.0
output application/json
---
{
	ResponseCode: p('response.error.bad-request.code'),
	ResponseStatus:  p('response.error.status'),
	CorrelationId: correlationId,
	Timestamp: now(),
	ErrorDetails: {
		Code: p('global.properties.api.id'),
		Status: "APIKIT:BAD_REQUEST",
		Message: p('response.error.bad-request.message')
	}
}]]></ee:set-payload>
				</ee:message>
				<ee:variables >
					<ee:set-variable variableName="httpStatus" ><![CDATA[400]]></ee:set-variable>
				</ee:variables>
			</ee:transform>
		</on-error-propagate>
		
		
		
		<on-error-propagate enableNotifications="true" logException="true" doc:name="On Error Propagate" doc:id="cf24c43d-544f-493d-b0d7-0cb616c4ecd7" type="APIKIT:METHOD_NOT_ALLOWED" >
			<ee:transform doc:name="Method Not Allowed Error Message" doc:id="f9cd8aca-1801-4bdd-9b97-1c7c25a10985" xsi:schemaLocation="http://www.mulesoft.org/schema/mule/ee/core http://www.mulesoft.org/schema/mule/ee/core/current/mule-ee.xsd" >
				<ee:message >
					<ee:set-payload ><![CDATA[%dw 2.0
output application/json
---
{
	ResponseCode: p('response.error.method-not-allowed.code'),
	ResponseStatus: p('response.error.status'),
	CorrelationId: correlationId,
	Timestamp: now(),
	ErrorDetails: {
		Code: p('global.properties.api.id'),
		Status: 'APIKIT:METHOD_NOT_ALLOWED',
		Message: p('response.error.method-not-allowed.message')
	}
}]]></ee:set-payload>
				</ee:message>
				<ee:variables >
					<ee:set-variable variableName="httpStatus" ><![CDATA[405]]></ee:set-variable>
				</ee:variables>
			</ee:transform>
		</on-error-propagate>
		
		
		<on-error-propagate enableNotifications="true" logException="true" doc:name="On Error Propagate" doc:id="b06c0f9d-72d2-4e25-bdba-454f931e6e93" type="APIKIT:NOT_ACCEPTABLE" >
			<ee:transform doc:name="Not Acceptable Error Message" doc:id="3dff5b06-6731-4e69-a1a6-f63e00891442" xsi:schemaLocation="http://www.mulesoft.org/schema/mule/ee/core http://www.mulesoft.org/schema/mule/ee/core/current/mule-ee.xsd" >
				<ee:message >
					<ee:set-payload ><![CDATA[%dw 2.0
output application/json
---
{
	ResponseCode: p('response.error.not-acceptable.code'),
	ResponseStatus: p('response.error.status'),
	CorrelationId: correlationId,
	Timestamp: now(),
	ErrorDetails: {
		Code: p('global.properties.api.id'),
		Status: 'APIKIT:NOT_ACCEPTABLE',
		Message: p('response.error.not-acceptable.message')
	}
}]]></ee:set-payload>
				</ee:message>
				<ee:variables >
					<ee:set-variable variableName="httpStatus" ><![CDATA[406]]></ee:set-variable>
				</ee:variables>
			</ee:transform>
		</on-error-propagate>
		<on-error-propagate enableNotifications="true" logException="true" doc:name="On Error Propagate" doc:id="8dc4f193-e56a-49b1-9fe9-7afb7b9a9327" type="APIKIT:UNSUPPORTED_MEDIA_TYPE" >
			<ee:transform doc:name="Unsupported Media Type Error Message" doc:id="96f9181a-cc59-4b49-8e41-ae3c4316a3a1" xsi:schemaLocation="http://www.mulesoft.org/schema/mule/ee/core http://www.mulesoft.org/schema/mule/ee/core/current/mule-ee.xsd" >
				<ee:message >
					<ee:set-payload ><![CDATA[%dw 2.0
output application/json
---
{
	ResponseCode: p('response.error.unsupported-media-type.code'),
	ResponseStatus: p('response.error.status'),
	CorrelationId: correlationId,
	Timestamp: now(),
	ErrorDetails: {
		Code: p('global.properties.api.id'),
		Status: 'APIKIT:UNSUPPORTED_MEDIA_TYPE',
		Message: p('response.error.unsupported-media-type.message')
	}
}]]></ee:set-payload>
				</ee:message>
				<ee:variables >
					<ee:set-variable variableName="httpStatus" ><![CDATA[415]]></ee:set-variable>
				</ee:variables>
			</ee:transform>
		</on-error-propagate>
		<on-error-propagate enableNotifications="true" logException="true" doc:name="On Error Propagate" doc:id="da80bb85-5c86-4e98-af0d-63eb2d3a5d55" type="APIKIT:NOT_IMPLEMENTED" >
			<ee:transform doc:name="Not Implemented Error Message" doc:id="0403ec01-c054-43b8-87a1-02102c01c8d6" xsi:schemaLocation="http://www.mulesoft.org/schema/mule/ee/core http://www.mulesoft.org/schema/mule/ee/core/current/mule-ee.xsd" >
				<ee:message >
					<ee:set-payload ><![CDATA[%dw 2.0
output application/json
---
{
	ResponseCode: p('response.error.not-implemented.code'),
	ResponseStatus: p('response.error.status'),
	CorrelationId: correlationId,
	Timestamp: now(),
	ErrorDetails: {
		Code: p('global.properties.api.id'),
		Status: 'APIKIT:NOT_IMPLEMENTED',
		Message: p('response.error.not-implemented.message')
	}
}]]></ee:set-payload>
				</ee:message>
				<ee:variables >
					<ee:set-variable variableName="httpStatus" ><![CDATA[501]]></ee:set-variable>
				</ee:variables>
			</ee:transform>
		</on-error-propagate>
		<on-error-propagate enableNotifications="true" logException="true" doc:name="On Error Propagate" doc:id="c4f87910-f15a-4cd0-8675-a49db3c6dcb7" type="HTTP:CONNECTIVITY">
		  <ee:transform doc:name="HTTP Connectity Error Message" doc:id="5195a4f9-544a-4ddd-be62-f4ead20f5053" xsi:schemaLocation="http://www.mulesoft.org/schema/mule/ee/core http://www.mulesoft.org/schema/mule/ee/core/current/mule-ee.xsd" >
				<ee:message >
					<ee:set-payload ><![CDATA[%dw 2.0
output application/json
---
{
	ResponseCode: p('response.error.connectivity.code'),
	ResponseStatus: p('response.error.status'),
	CorrelationId: correlationId,
	Timestamp: now(),
	ErrorDetails: {
		Code: p('global.properties.api.id'),
		Status: 'HTTP:CONNECTIVITY',
		Message: p('response.error.connectivity.message')
	}
}]]></ee:set-payload>
				</ee:message>
				<ee:variables >
					<ee:set-variable variableName="httpStatus" ><![CDATA[501]]></ee:set-variable>
				</ee:variables>
			</ee:transform>
		</on-error-propagate>
		
		
		<on-error-propagate enableNotifications="true" logException="true" doc:name="On Error Propagate" doc:id="fa74ea91-3112-45f5-8e66-572dbdcd2492" type="HTTP:NOT_FOUND">
			<ee:transform doc:name="HTTP Not Found Error Message" doc:id="02f93af2-bc86-4505-b5ad-c9f7727a41f3" >
				<ee:message >
					<ee:set-payload ><![CDATA[%dw 2.0
output application/json
---
{
	ResponseCode: p('response.error.not-found.code'),
	ResponseStatus: p('response.error.status'),
	CorrelationId: correlationId,
	Timestamp: now(),
	ErrorDetails: {
		Code: p('global.properties.api.id'),
		Status: 'HTTP:NOT_FOUND',
		Message: p('response.error.not-found.message'),
		additional : 
			 error.muleMessage.payload
		
	}
}]]></ee:set-payload>
				</ee:message>
			</ee:transform>
		</on-error-propagate>		
		
		<on-error-propagate enableNotifications="true" logException="true" doc:name="On Error Propagate" doc:id="3bcd9292-0f68-4942-8611-3455702f222e" type="HTTP:UNAUTHORIZED">
			<ee:transform doc:name="HTTP Unauthorized" doc:id="ca1d10af-16fa-4ed6-9cb9-cadd6a9ba31d" >
				<ee:message >
					<ee:set-payload ><![CDATA[%dw 2.0
output application/json
---
{
	ResponseCode: p('response.error.http-unauthorized.code'),
	ResponseStatus: p('response.error.status'),
	CorrelationId: correlationId,
	Timestamp: now(),
	ErrorDetails: {
		Code: p('global.properties.api.id'),
		Status: 'HTTP:UNAUTHORIZED',
		Message: p('response.error.http-unauthorized.message')
		
	}
}]]></ee:set-payload>
				</ee:message>
				<ee:variables >
					<ee:set-variable variableName="httpStatus" ><![CDATA[401
]]></ee:set-variable>
				</ee:variables>
			</ee:transform>
		</on-error-propagate>		
		
		<on-error-propagate enableNotifications="true" logException="true" doc:name="On Error Propagate" doc:id="7ff8e553-83f8-4f50-a9ee-02939d43c9ac" type="ANY">
			<ee:transform doc:name="Internal Server Error Message" doc:id="ff05a2a2-2450-47ba-8a66-27d302e05464" >
				<ee:message >
					<ee:set-payload ><![CDATA[  %dw 2.0
output application/json
var namespace = error.errorType.namespace default "HTTP"
var identifier = error.errorType.identifier default "INTERNAL_SERVER_ERROR"
---
{
	ResponseCode: p('response.error.internal-server.code'),
	ResponseStatus: p('response.error.status'),
	correlationId: correlationId,
	Timestamp: now(),
	ErrorDetails: {
		Code: p('global.properties.api.id'),
		Status: namespace ++ ":" ++ identifier,
		Message: p('response.error.internal-server.message')
	}
}
]]></ee:set-payload>
				</ee:message>
				<ee:variables >
					<ee:set-variable variableName="httpStatus" ><![CDATA[401
]]></ee:set-variable>
				</ee:variables>
			</ee:transform>
		</on-error-propagate>		
		
		
	</error-handler>
</mule>
