<?xml version="1.0" encoding="UTF-8"?>

<mule xmlns:sftp="http://www.mulesoft.org/schema/mule/sftp" xmlns:ee="http://www.mulesoft.org/schema/mule/ee/core"
	xmlns:http="http://www.mulesoft.org/schema/mule/http"
	xmlns="http://www.mulesoft.org/schema/mule/core" xmlns:doc="http://www.mulesoft.org/schema/mule/documentation" xmlns:xsi="http://www.w3.org/2001/XMLSchema-instance" xsi:schemaLocation="http://www.mulesoft.org/schema/mule/core http://www.mulesoft.org/schema/mule/core/current/mule.xsd
http://www.mulesoft.org/schema/mule/http http://www.mulesoft.org/schema/mule/http/current/mule-http.xsd
http://www.mulesoft.org/schema/mule/ee/core http://www.mulesoft.org/schema/mule/ee/core/current/mule-ee.xsd
http://www.mulesoft.org/schema/mule/sftp http://www.mulesoft.org/schema/mule/sftp/current/mule-sftp.xsd">

	
	<flow name="daily-report-bus-app" doc:id="638f5cbe-9c70-4ece-9b70-89805fc0ee40" >
		<scheduler doc:name="Scheduler" doc:id="ec43c042-d189-4f14-b3ab-a9e243b6bae1" >
			<scheduling-strategy >
				<cron expression="${system.jobsched}" timeZone="Asia/Manila"/>
			</scheduling-strategy>
		</scheduler>
		<flow-ref doc:name="impl-daily-report-flowsFlow" doc:id="99437618-e8ec-43fb-a2ab-6e6765fe666a" name="impl-daily-report-flowsFlow" />
		
	</flow>
</mule>
