<?xml version="1.0" encoding="UTF-8"?>

<mule xmlns:apikit="http://www.mulesoft.org/schema/mule/mule-apikit"
	xmlns:validation="http://www.mulesoft.org/schema/mule/validation"
	xmlns:tls="http://www.mulesoft.org/schema/mule/tls"
	xmlns:os="http://www.mulesoft.org/schema/mule/os"
	xmlns:ee="http://www.mulesoft.org/schema/mule/ee/core" xmlns:http="http://www.mulesoft.org/schema/mule/http"
	xmlns:secure-properties="http://www.mulesoft.org/schema/mule/secure-properties"
	xmlns:api-gateway="http://www.mulesoft.org/schema/mule/api-gateway" xmlns="http://www.mulesoft.org/schema/mule/core" xmlns:doc="http://www.mulesoft.org/schema/mule/documentation" xmlns:xsi="http://www.w3.org/2001/XMLSchema-instance" xsi:schemaLocation="
http://www.mulesoft.org/schema/mule/mule-apikit http://www.mulesoft.org/schema/mule/mule-apikit/current/mule-apikit.xsd 
http://www.mulesoft.org/schema/mule/validation http://www.mulesoft.org/schema/mule/validation/current/mule-validation.xsd 
http://www.mulesoft.org/schema/mule/tls http://www.mulesoft.org/schema/mule/tls/current/mule-tls.xsd 
http://www.mulesoft.org/schema/mule/api-gateway http://www.mulesoft.org/schema/mule/api-gateway/current/mule-api-gateway.xsd http://www.mulesoft.org/schema/mule/core http://www.mulesoft.org/schema/mule/core/current/mule.xsd
http://www.mulesoft.org/schema/mule/secure-properties http://www.mulesoft.org/schema/mule/secure-properties/current/mule-secure-properties.xsd
http://www.mulesoft.org/schema/mule/http http://www.mulesoft.org/schema/mule/http/current/mule-http.xsd
http://www.mulesoft.org/schema/mule/ee/core http://www.mulesoft.org/schema/mule/ee/core/current/mule-ee.xsd
http://www.mulesoft.org/schema/mule/os http://www.mulesoft.org/schema/mule/os/current/mule-os.xsd">
	<apikit:config name="aml-mgt-proc-api-config" api="resource::331792da-b10c-491b-8881-10cd31aa171d:aml-mgt-proc-api:1.0.7:raml:zip:aml-mgt-proc-api.raml" outboundHeadersMapName="outboundHeaders" httpStatusVarName="httpStatus" parser="RAML"/>
	<configuration-properties doc:name="Configuration properties" doc:id="53692f0d-886e-472a-be41-963b0b879ffa" file="config/${env}/config.yaml" />
	<global-property doc:name="Global Property" doc:id="bfb8e096-d228-43d6-9334-85c4274039f9" name="env" value="dev" />
	<global-property doc:name="Global Property" doc:id="4ffa512c-c09a-467c-8742-0cc638c929d1" name="key" value="1234567812345678" />
	<configuration-properties doc:name="Configuration properties" doc:id="ddd9c2c1-591f-4ecd-823a-d6483c694f81" file="config/global/config.yaml" />
	<configuration doc:name="Configuration" doc:id="a071e618-f46e-4fc9-a7ae-ccf6775b97c3" defaultErrorHandler-ref="error-handler" />
	<secure-properties:config name="Secure_Properties_Config" doc:name="Secure Properties Config" doc:id="285a0058-4705-417c-8e80-4a940945afa8" file="config/${env}/config.yaml" key="${key}" />
	<api-gateway:autodiscovery apiId="${api.autodiscovery.id}" ignoreBasePath="true" doc:name="API Autodiscovery" doc:id="6b173e1e-5af6-4a07-8720-9b1034f6aeb9" flowRef="aml-mgt-proc-api-main" />
	<ee:object-store-caching-strategy name="Caching_Strategy" doc:name="Caching Strategy" doc:id="4d6a021f-d647-4f7e-91d8-3f5015ce8211" keyGenerationExpression="#[payload]" >
		<os:private-object-store expirationInterval="7" expirationIntervalUnit="DAYS" config-ref="ObjectStore_Config" />
	</ee:object-store-caching-strategy>
	<os:config name="ObjectStore_Config" doc:name="ObjectStore Config" doc:id="708dc927-d8d3-4f84-8f81-79e9d6f40e7c" >
		<os:connection />
	</os:config>
	<http:request-config name="MUnit_Request_configuration" doc:name="HTTP Request configuration" doc:id="d5b3cf4c-c285-48a2-ab8c-9115bb539f05" >
		<http:request-connection protocol="HTTPS" host="mule-public.axa-li-ph-dev-int.indigo.southeastasia.azure.openpaas.axa-cloud.com" >
			<tls:context >
				<tls:trust-store insecure="true" />
			</tls:context>
		</http:request-connection>
	</http:request-config>
	<validation:config name="Validation_Config" doc:name="Validation Config" doc:id="bcf1c511-6774-4904-a4cb-6b77d16054a8" />
</mule>
