<?xml version='1.0' encoding='UTF-8'?>
<types:mule xmlns:types="http://www.mulesoft.org/schema/mule/types">
  <types:catalog>
    <types:type name="auto_b145c48b-9bca-46a7-b34d-8fe8e199cb55_Output-Attributes" format="java">
      <types:shape format="weave" example="weave/autogenerated/b145c48b-9bca-46a7-b34d-8fe8e199cb55/Output-Attributes.wev" autogeneratedOrigin="4a5e1793-820f-4c95-93bd-9a64a879921e"><![CDATA[%dw 2.0

type auto_b145c48b_9bca_46a7_b34d_8fe8e199cb55_Output_Attributes = {|
  statusCode: Number, 
  reasonPhrase: String, 
  headers: { _?: String }
|} {"typeAlias": "HttpResponseAttributes",
"typeId": "org.mule.extension.http.api.HttpResponseAttributes"}

]]></types:shape>
    </types:type>
    <types:type name="auto_b145c48b-9bca-46a7-b34d-8fe8e199cb55_Output-Payload" format="java">
      <types:shape format="weave" example="weave/autogenerated/b145c48b-9bca-46a7-b34d-8fe8e199cb55/Output-Payload.wev" autogeneratedOrigin="4a5e1793-820f-4c95-93bd-9a64a879921e"><![CDATA[%dw 2.0

type auto_b145c48b_9bca_46a7_b34d_8fe8e199cb55_Output_Payload = Any

]]></types:shape>
    </types:type>
    <types:type name="auto_fad92ee7-a2af-4cf6-80d3-c8c714fb1624_Input-Payload" format="json">
      <types:shape format="weave" example="weave/autogenerated/fad92ee7-a2af-4cf6-80d3-c8c714fb1624/Input-Payload.wev" autogeneratedOrigin="db8cc060-bffe-4b70-a1f7-b6751fda4064"><![CDATA[%dw 2.0

type auto_fad92ee7_a2af_4cf6_80d3_c8c714fb1624_Input_Payload = {
  Policy: Array<{    IdentificationNumber: String,     Address?: String,     PostalCode?: String,     Gender: String,     Nationality2?: String,     PersonTitle?: String,     PlaceOfBirth: String,     CompanyName?: String,     XScreeningEndDate: String,     CustomerName: String,     TaxNumber?: String,     XSubscriptionKeyword: String,     MiddleNames?: String,     DateOfBirth?: String,     CountryOfResidence?: String,     XSourceSystem?: String,     FirstName?: String,     Zone: String,     City: String,     CustomerType?: String,     Nationality?: String,     Occupation?: String,     Type: String,     ResidenceFlag?: String,     LastName: String,     _?: Any  }> {"description": "Contains the list of people / company involved (owner, insured, dependents, etc)"}, 
  PolicyNumber: String, 
  Asset: String, 
  Messaging: {
    ProceedTo?: String, 
    AgentRecipient: String, 
    CustomerRecipient: String, 
    _?: Any
  }, 
  _?: Any
} {"description": "AML Experience API POST /validation Request Data Type"}

]]></types:shape>
    </types:type>
    <types:type name="auto_fad92ee7-a2af-4cf6-80d3-c8c714fb1624_Input-Attributes" format="java">
      <types:shape format="weave" example="weave/autogenerated/fad92ee7-a2af-4cf6-80d3-c8c714fb1624/Input-Attributes.wev" autogeneratedOrigin="db8cc060-bffe-4b70-a1f7-b6751fda4064"><![CDATA[%dw 2.0

type auto_fad92ee7_a2af_4cf6_80d3_c8c714fb1624_Input_Attributes = {|
  clientCertificate?: {|
    publicKey?: {|  |}, 
    "type"?: String, 
    encoded?: Binary
  |}, 
  headers: {|
    "Client-Id": String, 
    "Client-Secret": String, 
    "X-Correlation-Id": String
  |}, 
  listenerPath: String, 
  method: String, 
  queryParams: {|  |}, 
  queryString: String, 
  relativePath: String, 
  remoteAddress: String, 
  requestPath: String, 
  requestUri: String, 
  scheme: String, 
  uriParams: {|
    apiname: String, 
    port: Number, 
    host: String
  |}, 
  version: String, 
  localAddress: String
|}

]]></types:shape>
    </types:type>
    <types:type name="auto_fad92ee7-a2af-4cf6-80d3-c8c714fb1624_Input-Variables-outboundHeaders" format="java">
      <types:shape format="weave" example="weave/autogenerated/fad92ee7-a2af-4cf6-80d3-c8c714fb1624/Input-Variables-outboundHeaders.wev" autogeneratedOrigin="db8cc060-bffe-4b70-a1f7-b6751fda4064"><![CDATA[%dw 2.0

type auto_fad92ee7_a2af_4cf6_80d3_c8c714fb1624_Input_Variables_outboundHeaders = {|  |}

]]></types:shape>
    </types:type>
    <types:type name="auto_fad92ee7-a2af-4cf6-80d3-c8c714fb1624_Input-Variables-httpStatus" format="java">
      <types:shape format="raml" autogeneratedOrigin="db8cc060-bffe-4b70-a1f7-b6751fda4064"><![CDATA[#%RAML 1.0 DataType
type: string]]></types:shape>
    </types:type>
    <types:type name="auto_fad92ee7-a2af-4cf6-80d3-c8c714fb1624_Output-Payload" format="json">
      <types:shape format="weave" example="weave/autogenerated/fad92ee7-a2af-4cf6-80d3-c8c714fb1624/Output-Payload.wev" autogeneratedOrigin="db8cc060-bffe-4b70-a1f7-b6751fda4064"><![CDATA[%dw 2.0

type auto_fad92ee7_a2af_4cf6_80d3_c8c714fb1624_Output_Payload = {
  ResponseCode: Number, 
  ResponseStatus: String, 
  Data: {
    NetrevealStatus: String, 
    PolicyNumber: String, 
    _?: Any
  } {"description": "Contains the Data of the request payload"}, 
  CorrelationId: String, 
  Timestamp: String, 
  _?: Any
} {"description": "AML Experience API POST /validation Reponse Data Type"}

]]></types:shape>
    </types:type>
    <types:type name="auto_fad92ee7-a2af-4cf6-80d3-c8c714fb1624_Output-Attributes" format="java">
      <types:shape format="weave" example="weave/autogenerated/fad92ee7-a2af-4cf6-80d3-c8c714fb1624/Output-Attributes.wev" autogeneratedOrigin="db8cc060-bffe-4b70-a1f7-b6751fda4064"><![CDATA[%dw 2.0

type auto_fad92ee7_a2af_4cf6_80d3_c8c714fb1624_Output_Attributes = {|
  statusCode: Number, 
  reasonPhrase: String, 
  headers: { _?: String }
|} {"typeAlias": "HttpResponseAttributes",
"typeId": "org.mule.extension.http.api.HttpResponseAttributes"}

]]></types:shape>
    </types:type>
    <types:type name="auto_fad92ee7-a2af-4cf6-80d3-c8c714fb1624_Output-Variables-outboundHeaders" format="java">
      <types:shape format="weave" example="weave/autogenerated/fad92ee7-a2af-4cf6-80d3-c8c714fb1624/Output-Variables-outboundHeaders.wev" autogeneratedOrigin="db8cc060-bffe-4b70-a1f7-b6751fda4064"><![CDATA[%dw 2.0

type auto_fad92ee7_a2af_4cf6_80d3_c8c714fb1624_Output_Variables_outboundHeaders = {|  |}

]]></types:shape>
    </types:type>
    <types:type name="auto_fad92ee7-a2af-4cf6-80d3-c8c714fb1624_Output-Variables-httpStatus" format="java">
      <types:shape format="raml" autogeneratedOrigin="db8cc060-bffe-4b70-a1f7-b6751fda4064"><![CDATA[#%RAML 1.0 DataType
type: string]]></types:shape>
    </types:type>
    <types:type name="auto_cc288d7e-3a20-4973-8adf-ac16704be807_Input-Payload" format="json">
      <types:shape format="weave" example="weave/autogenerated/cc288d7e-3a20-4973-8adf-ac16704be807/Input-Payload.wev" autogeneratedOrigin="a4230860-0358-4d42-90ad-7fc39b64a8c3"><![CDATA[%dw 2.0

type auto_cc288d7e_3a20_4973_8adf_ac16704be807_Input_Payload = {|
  ResponseCode: Number, 
  ResponseStatus: String, 
  CorrelationId: String, 
  Timestamp: String, 
  Data: {| Message: String |}
|}

]]></types:shape>
    </types:type>
    <types:type name="auto_cc288d7e-3a20-4973-8adf-ac16704be807_Input-Attributes" format="java">
      <types:shape format="weave" example="weave/autogenerated/cc288d7e-3a20-4973-8adf-ac16704be807/Input-Attributes.wev" autogeneratedOrigin="a4230860-0358-4d42-90ad-7fc39b64a8c3"><![CDATA[%dw 2.0

type auto_cc288d7e_3a20_4973_8adf_ac16704be807_Input_Attributes = {|
  clientCertificate?: {|
    publicKey?: {|  |}, 
    "type"?: String, 
    encoded?: Binary
  |}, 
  headers: {|
    "Client-Id": String, 
    "Client-Secret": String, 
    "X-Correlation-Id": String
  |}, 
  listenerPath: String, 
  method: String, 
  queryParams: {|  |}, 
  queryString: String, 
  relativePath: String, 
  remoteAddress: String, 
  requestPath: String, 
  requestUri: String, 
  scheme: String, 
  uriParams: {|
    apiname: String, 
    port: Number, 
    host: String
  |}, 
  version: String, 
  localAddress: String
|}

]]></types:shape>
    </types:type>
    <types:type name="auto_cc288d7e-3a20-4973-8adf-ac16704be807_Input-Variables-outboundHeaders" format="java">
      <types:shape format="weave" example="weave/autogenerated/cc288d7e-3a20-4973-8adf-ac16704be807/Input-Variables-outboundHeaders.wev" autogeneratedOrigin="a4230860-0358-4d42-90ad-7fc39b64a8c3"><![CDATA[%dw 2.0

type auto_cc288d7e_3a20_4973_8adf_ac16704be807_Input_Variables_outboundHeaders = {|  |}

]]></types:shape>
    </types:type>
    <types:type name="auto_cc288d7e-3a20-4973-8adf-ac16704be807_Input-Variables-httpStatus" format="java">
      <types:shape format="raml" autogeneratedOrigin="a4230860-0358-4d42-90ad-7fc39b64a8c3"><![CDATA[#%RAML 1.0 DataType
type: string]]></types:shape>
    </types:type>
    <types:type name="auto_cc288d7e-3a20-4973-8adf-ac16704be807_Output-Payload" format="json">
      <types:shape format="weave" example="weave/autogenerated/cc288d7e-3a20-4973-8adf-ac16704be807/Output-Payload.wev" autogeneratedOrigin="a4230860-0358-4d42-90ad-7fc39b64a8c3"><![CDATA[%dw 2.0

type auto_cc288d7e_3a20_4973_8adf_ac16704be807_Output_Payload = {
  ResponseCode: Number, 
  ResponseStatus: String, 
  Data: {
    Message: String, 
    _?: Any
  } {"description": "Contains the data of the request payload"}, 
  CorrelationId: String, 
  Timestamp: String, 
  _?: Any
} {"description": "AML Experience API POST /eventreceiver Reponse Data Type"}

]]></types:shape>
    </types:type>
    <types:type name="auto_cc288d7e-3a20-4973-8adf-ac16704be807_Output-Attributes" format="java">
      <types:shape format="weave" example="weave/autogenerated/cc288d7e-3a20-4973-8adf-ac16704be807/Output-Attributes.wev" autogeneratedOrigin="a4230860-0358-4d42-90ad-7fc39b64a8c3"><![CDATA[%dw 2.0

type auto_cc288d7e_3a20_4973_8adf_ac16704be807_Output_Attributes = {|
  statusCode: Number, 
  reasonPhrase: String, 
  headers: { _?: String }
|} {"typeAlias": "HttpResponseAttributes",
"typeId": "org.mule.extension.http.api.HttpResponseAttributes"}

]]></types:shape>
    </types:type>
    <types:type name="auto_cc288d7e-3a20-4973-8adf-ac16704be807_Output-Variables-outboundHeaders" format="java">
      <types:shape format="weave" example="weave/autogenerated/cc288d7e-3a20-4973-8adf-ac16704be807/Output-Variables-outboundHeaders.wev" autogeneratedOrigin="a4230860-0358-4d42-90ad-7fc39b64a8c3"><![CDATA[%dw 2.0

type auto_cc288d7e_3a20_4973_8adf_ac16704be807_Output_Variables_outboundHeaders = {|  |}

]]></types:shape>
    </types:type>
    <types:type name="auto_cc288d7e-3a20-4973-8adf-ac16704be807_Output-Variables-httpStatus" format="java">
      <types:shape format="raml" autogeneratedOrigin="a4230860-0358-4d42-90ad-7fc39b64a8c3"><![CDATA[#%RAML 1.0 DataType
type: string]]></types:shape>
    </types:type>
    <types:type name="auto_bac0b1fd-498e-4798-b3e1-b29b8c8a0107_Input-Payload" format="java">
      <types:shape format="weave" example="weave/autogenerated/bac0b1fd-498e-4798-b3e1-b29b8c8a0107/Input-Payload.wev" autogeneratedOrigin="28d56006-1c26-4fae-9f08-686d2fe19e1a"><![CDATA[%dw 2.0

type auto_bac0b1fd_498e_4798_b3e1_b29b8c8a0107_Input_Payload = Any

]]></types:shape>
    </types:type>
    <types:type name="auto_bac0b1fd-498e-4798-b3e1-b29b8c8a0107_Input-Attributes" format="java">
      <types:shape format="weave" example="weave/autogenerated/bac0b1fd-498e-4798-b3e1-b29b8c8a0107/Input-Attributes.wev" autogeneratedOrigin="28d56006-1c26-4fae-9f08-686d2fe19e1a"><![CDATA[%dw 2.0

type auto_bac0b1fd_498e_4798_b3e1_b29b8c8a0107_Input_Attributes = {|
  listenerPath: String, 
  rawRequestPath: String, 
  relativePath: String, 
  maskedRequestPath: String, 
  version: String, 
  scheme: String, 
  method: String, 
  requestUri: String, 
  rawRequestUri: String, 
  queryString: String, 
  localAddress: String, 
  remoteAddress: String, 
  clientCertificate?: java_security_cert_Certificate, 
  queryParams: { _?: String }, 
  uriParams: { _?: String }, 
  requestPath: String, 
  headers: { _?: String }
|} {"typeAlias": "HttpRequestAttributes",
"typeId": "org.mule.extension.http.api.HttpRequestAttributes"}
type java_security_cert_Certificate = {|
  encoded?: Binary, 
  publicKey?: java_security_PublicKey, 
  "type"?: String
|} {"typeAlias": "Certificate",
"typeId": "java.security.cert.Certificate"}
type java_security_PublicKey = {|  |} {"typeAlias": "PublicKey",
"typeId": "java.security.PublicKey"}





]]></types:shape>
    </types:type>
    <types:type name="auto_bac0b1fd-498e-4798-b3e1-b29b8c8a0107_Output-Payload" format="java">
      <types:shape format="weave" example="weave/autogenerated/bac0b1fd-498e-4798-b3e1-b29b8c8a0107/Output-Payload.wev" autogeneratedOrigin="28d56006-1c26-4fae-9f08-686d2fe19e1a"><![CDATA[%dw 2.0

type auto_bac0b1fd_498e_4798_b3e1_b29b8c8a0107_Output_Payload = Any

]]></types:shape>
    </types:type>
    <types:type name="auto_bac0b1fd-498e-4798-b3e1-b29b8c8a0107_Output-Attributes" format="java">
      <types:shape format="weave" example="weave/autogenerated/bac0b1fd-498e-4798-b3e1-b29b8c8a0107/Output-Attributes.wev" autogeneratedOrigin="28d56006-1c26-4fae-9f08-686d2fe19e1a"><![CDATA[%dw 2.0

type auto_bac0b1fd_498e_4798_b3e1_b29b8c8a0107_Output_Attributes = {|
  listenerPath: String, 
  rawRequestPath: String, 
  relativePath: String, 
  maskedRequestPath: String, 
  version: String, 
  scheme: String, 
  method: String, 
  requestUri: String, 
  rawRequestUri: String, 
  queryString: String, 
  localAddress: String, 
  remoteAddress: String, 
  clientCertificate?: java_security_cert_Certificate, 
  queryParams: { _?: String }, 
  uriParams: { _?: String }, 
  requestPath: String, 
  headers: { _?: String }
|} {"typeAlias": "HttpRequestAttributes",
"typeId": "org.mule.extension.http.api.HttpRequestAttributes"}
type java_security_cert_Certificate = {|
  encoded?: Binary, 
  publicKey?: java_security_PublicKey, 
  "type"?: String
|} {"typeAlias": "Certificate",
"typeId": "java.security.cert.Certificate"}
type java_security_PublicKey = {|  |} {"typeAlias": "PublicKey",
"typeId": "java.security.PublicKey"}





]]></types:shape>
    </types:type>
    <types:type name="auto_bac0b1fd-498e-4798-b3e1-b29b8c8a0107_Output-Variables-correlationId" format="java">
      <types:shape format="weave" example="weave/autogenerated/bac0b1fd-498e-4798-b3e1-b29b8c8a0107/Output-Variables-correlationId.wev" autogeneratedOrigin="28d56006-1c26-4fae-9f08-686d2fe19e1a"><![CDATA[%dw 2.0

type auto_bac0b1fd_498e_4798_b3e1_b29b8c8a0107_Output_Variables_correlationId = Any

]]></types:shape>
    </types:type>
    <types:type name="auto_142ce74b-3b80-4bed-b30b-38e10064304e_Input-Payload" format="json">
      <types:shape format="weave" example="weave/autogenerated/142ce74b-3b80-4bed-b30b-38e10064304e/Input-Payload.wev" autogeneratedOrigin="e9931af5-c7b1-4775-bbea-e947bd7213dc"><![CDATA[%dw 2.0

type auto_142ce74b_3b80_4bed_b30b_38e10064304e_Input_Payload = Any

]]></types:shape>
    </types:type>
    <types:type name="auto_142ce74b-3b80-4bed-b30b-38e10064304e_Input-Attributes" format="java">
      <types:shape format="weave" example="weave/autogenerated/142ce74b-3b80-4bed-b30b-38e10064304e/Input-Attributes.wev" autogeneratedOrigin="e9931af5-c7b1-4775-bbea-e947bd7213dc"><![CDATA[%dw 2.0

type auto_142ce74b_3b80_4bed_b30b_38e10064304e_Input_Attributes = Any

]]></types:shape>
    </types:type>
    <types:type name="auto_142ce74b-3b80-4bed-b30b-38e10064304e_Input-Variables-outboundHeaders" format="java">
      <types:shape format="weave" example="weave/autogenerated/142ce74b-3b80-4bed-b30b-38e10064304e/Input-Variables-outboundHeaders.wev" autogeneratedOrigin="e9931af5-c7b1-4775-bbea-e947bd7213dc"><![CDATA[%dw 2.0

type auto_142ce74b_3b80_4bed_b30b_38e10064304e_Input_Variables_outboundHeaders = Any

]]></types:shape>
    </types:type>
    <types:type name="auto_142ce74b-3b80-4bed-b30b-38e10064304e_Output-Payload" format="json">
      <types:shape format="weave" example="weave/autogenerated/142ce74b-3b80-4bed-b30b-38e10064304e/Output-Payload.wev" autogeneratedOrigin="e9931af5-c7b1-4775-bbea-e947bd7213dc"><![CDATA[%dw 2.0

type auto_142ce74b_3b80_4bed_b30b_38e10064304e_Output_Payload = {
  ResponseCode: Number, 
  ResponseStatus: String, 
  Data: {
    NetrevealStatus: String, 
    PolicyNumber: String, 
    _?: Any
  } {"description": "Contains the Data of the request payload"}, 
  CorrelationId: String, 
  Timestamp: String, 
  _?: Any
} {"description": "AML Experience API POST /validation Reponse Data Type"}

]]></types:shape>
    </types:type>
    <types:type name="auto_142ce74b-3b80-4bed-b30b-38e10064304e_Output-Attributes" format="java">
      <types:shape format="weave" example="weave/autogenerated/142ce74b-3b80-4bed-b30b-38e10064304e/Output-Attributes.wev" autogeneratedOrigin="e9931af5-c7b1-4775-bbea-e947bd7213dc"><![CDATA[%dw 2.0

type auto_142ce74b_3b80_4bed_b30b_38e10064304e_Output_Attributes = {|
  statusCode: Number, 
  reasonPhrase: String, 
  headers: { _?: String }
|} {"typeAlias": "HttpResponseAttributes",
"typeId": "org.mule.extension.http.api.HttpResponseAttributes"}

]]></types:shape>
    </types:type>
    <types:type name="auto_142ce74b-3b80-4bed-b30b-38e10064304e_Output-Variables-outboundHeaders" format="java">
      <types:shape format="weave" example="weave/autogenerated/142ce74b-3b80-4bed-b30b-38e10064304e/Output-Variables-outboundHeaders.wev" autogeneratedOrigin="e9931af5-c7b1-4775-bbea-e947bd7213dc"><![CDATA[%dw 2.0

type auto_142ce74b_3b80_4bed_b30b_38e10064304e_Output_Variables_outboundHeaders = {|  |}

]]></types:shape>
    </types:type>
    <types:type name="auto_142ce74b-3b80-4bed-b30b-38e10064304e_Output-Variables-httpStatus" format="java">
      <types:shape format="raml" autogeneratedOrigin="e9931af5-c7b1-4775-bbea-e947bd7213dc"><![CDATA[#%RAML 1.0 DataType
type: string]]></types:shape>
    </types:type>
    <types:type name="auto_142ce74b-3b80-4bed-b30b-38e10064304e_Output-Variables-operationId" format="java">
      <types:shape format="raml" autogeneratedOrigin="e9931af5-c7b1-4775-bbea-e947bd7213dc"><![CDATA[#%RAML 1.0 DataType
type: string]]></types:shape>
    </types:type>
    <types:type name="auto_142ce74b-3b80-4bed-b30b-38e10064304e_Output-Variables-operationName" format="java">
      <types:shape format="raml" autogeneratedOrigin="e9931af5-c7b1-4775-bbea-e947bd7213dc"><![CDATA[#%RAML 1.0 DataType
type: string]]></types:shape>
    </types:type>
    <types:type name="auto_606db482-8796-474c-a6aa-082d57592f66_Input-Payload" format="json">
      <types:shape format="weave" example="weave/autogenerated/606db482-8796-474c-a6aa-082d57592f66/Input-Payload.wev" autogeneratedOrigin="d5d59d8c-e023-4b25-9490-52c986440593"><![CDATA[%dw 2.0

type auto_606db482_8796_474c_a6aa_082d57592f66_Input_Payload = {|
  ResponseCode: Number, 
  ResponseStatus: String, 
  CorrelationId: String, 
  Timestamp: String, 
  Data: {| Message: String |}
|}

]]></types:shape>
    </types:type>
    <types:type name="auto_606db482-8796-474c-a6aa-082d57592f66_Input-Attributes" format="java">
      <types:shape format="weave" example="weave/autogenerated/606db482-8796-474c-a6aa-082d57592f66/Input-Attributes.wev" autogeneratedOrigin="d5d59d8c-e023-4b25-9490-52c986440593"><![CDATA[%dw 2.0

type auto_606db482_8796_474c_a6aa_082d57592f66_Input_Attributes = {|
  clientCertificate?: {|
    publicKey?: {|  |}, 
    "type"?: String, 
    encoded?: Binary
  |}, 
  headers: {|
    "Client-Id": String, 
    "Client-Secret": String, 
    "X-Correlation-Id": String
  |}, 
  listenerPath: String, 
  method: String, 
  queryParams: {|  |}, 
  queryString: String, 
  relativePath: String, 
  remoteAddress: String, 
  requestPath: String, 
  requestUri: String, 
  scheme: String, 
  uriParams: {|
    apiname: String, 
    port: Number, 
    host: String
  |}, 
  version: String, 
  localAddress: String
|}

]]></types:shape>
    </types:type>
    <types:type name="auto_606db482-8796-474c-a6aa-082d57592f66_Input-Variables-outboundHeaders" format="java">
      <types:shape format="weave" example="weave/autogenerated/606db482-8796-474c-a6aa-082d57592f66/Input-Variables-outboundHeaders.wev" autogeneratedOrigin="d5d59d8c-e023-4b25-9490-52c986440593"><![CDATA[%dw 2.0

type auto_606db482_8796_474c_a6aa_082d57592f66_Input_Variables_outboundHeaders = {|  |}

]]></types:shape>
    </types:type>
    <types:type name="auto_606db482-8796-474c-a6aa-082d57592f66_Input-Variables-httpStatus" format="java">
      <types:shape format="raml" autogeneratedOrigin="d5d59d8c-e023-4b25-9490-52c986440593"><![CDATA[#%RAML 1.0 DataType
type: string]]></types:shape>
    </types:type>
    <types:type name="auto_606db482-8796-474c-a6aa-082d57592f66_Output-Payload" format="json">
      <types:shape format="weave" example="weave/autogenerated/606db482-8796-474c-a6aa-082d57592f66/Output-Payload.wev" autogeneratedOrigin="d5d59d8c-e023-4b25-9490-52c986440593"><![CDATA[%dw 2.0

type auto_606db482_8796_474c_a6aa_082d57592f66_Output_Payload = {
  ResponseCode: Number, 
  ResponseStatus: String, 
  Data: {
    Message: String, 
    _?: Any
  } {"description": "Contains the data of the request payload"}, 
  CorrelationId: String, 
  Timestamp: String, 
  _?: Any
} {"description": "AML Experience API POST /eventreceiver Reponse Data Type"}

]]></types:shape>
    </types:type>
    <types:type name="auto_606db482-8796-474c-a6aa-082d57592f66_Output-Attributes" format="java">
      <types:shape format="weave" example="weave/autogenerated/606db482-8796-474c-a6aa-082d57592f66/Output-Attributes.wev" autogeneratedOrigin="d5d59d8c-e023-4b25-9490-52c986440593"><![CDATA[%dw 2.0

type auto_606db482_8796_474c_a6aa_082d57592f66_Output_Attributes = {|
  statusCode: Number, 
  reasonPhrase: String, 
  headers: { _?: String }
|} {"typeAlias": "HttpResponseAttributes",
"typeId": "org.mule.extension.http.api.HttpResponseAttributes"}

]]></types:shape>
    </types:type>
    <types:type name="auto_606db482-8796-474c-a6aa-082d57592f66_Output-Variables-outboundHeaders" format="java">
      <types:shape format="weave" example="weave/autogenerated/606db482-8796-474c-a6aa-082d57592f66/Output-Variables-outboundHeaders.wev" autogeneratedOrigin="d5d59d8c-e023-4b25-9490-52c986440593"><![CDATA[%dw 2.0

type auto_606db482_8796_474c_a6aa_082d57592f66_Output_Variables_outboundHeaders = {|  |}

]]></types:shape>
    </types:type>
    <types:type name="auto_606db482-8796-474c-a6aa-082d57592f66_Output-Variables-httpStatus" format="java">
      <types:shape format="raml" autogeneratedOrigin="d5d59d8c-e023-4b25-9490-52c986440593"><![CDATA[#%RAML 1.0 DataType
type: string]]></types:shape>
    </types:type>
    <types:type name="auto_704e400c-38ba-4ae9-b8c4-95764c5180fc_Input-Payload" format="json">
      <types:shape format="weave" example="weave/autogenerated/704e400c-38ba-4ae9-b8c4-95764c5180fc/Input-Payload.wev" autogeneratedOrigin="2aee5800-bf64-4304-bd30-613167e1d8e0"><![CDATA[%dw 2.0

type auto_704e400c_38ba_4ae9_b8c4_95764c5180fc_Input_Payload = {
  data: {
    txn: {
      eventCode: String, 
      eventDetails: {
        genericStatus: String, 
        sourceSystem?: String | Null, 
        alertIdentifier: String, 
        orgunitCode: String, 
        customerId: String, 
        _?: Any
      } {"description": "Event Details"}, 
      _?: Any
    }, 
    _?: Any
  } {"description": "Contains the data of the request payload"}, 
  id: Number, 
  _?: Any
} {"description": "AML Experience API PUT /customers/status Request Data Type"}

]]></types:shape>
    </types:type>
    <types:type name="auto_704e400c-38ba-4ae9-b8c4-95764c5180fc_Input-Attributes" format="java">
      <types:shape format="weave" example="weave/autogenerated/704e400c-38ba-4ae9-b8c4-95764c5180fc/Input-Attributes.wev" autogeneratedOrigin="2aee5800-bf64-4304-bd30-613167e1d8e0"><![CDATA[%dw 2.0

type auto_704e400c_38ba_4ae9_b8c4_95764c5180fc_Input_Attributes = {|
  clientCertificate?: {|
    publicKey?: {|  |}, 
    "type"?: String, 
    encoded?: Binary
  |}, 
  headers: {|
    "Client-Id": String, 
    "Client-Secret": String, 
    "X-Correlation-Id": String
  |}, 
  listenerPath: String, 
  method: String, 
  queryParams: {|  |}, 
  queryString: String, 
  relativePath: String, 
  remoteAddress: String, 
  requestPath: String, 
  requestUri: String, 
  scheme: String, 
  uriParams: {|
    apiname: String, 
    port: Number, 
    host: String
  |}, 
  version: String, 
  localAddress: String
|}

]]></types:shape>
    </types:type>
    <types:type name="auto_704e400c-38ba-4ae9-b8c4-95764c5180fc_Output-Payload" format="json">
      <types:shape format="weave" example="weave/autogenerated/704e400c-38ba-4ae9-b8c4-95764c5180fc/Output-Payload.wev" autogeneratedOrigin="2aee5800-bf64-4304-bd30-613167e1d8e0"><![CDATA[%dw 2.0

type auto_704e400c_38ba_4ae9_b8c4_95764c5180fc_Output_Payload = {
  ResponseCode: Number, 
  ResponseStatus: String, 
  Data: {
    Message: String, 
    _?: Any
  } {"description": "Contains the data of the request payload"}, 
  CorrelationId: String, 
  Timestamp: String, 
  _?: Any
} {"description": "AML Experience API PUT /customers/status Reponse Data Type"}

]]></types:shape>
    </types:type>
    <types:type name="auto_704e400c-38ba-4ae9-b8c4-95764c5180fc_Output-Variables-outboundHeaders" format="java">
      <types:shape format="weave" example="weave/autogenerated/704e400c-38ba-4ae9-b8c4-95764c5180fc/Output-Variables-outboundHeaders.wev" autogeneratedOrigin="2aee5800-bf64-4304-bd30-613167e1d8e0"><![CDATA[%dw 2.0

type auto_704e400c_38ba_4ae9_b8c4_95764c5180fc_Output_Variables_outboundHeaders = {|  |}

]]></types:shape>
    </types:type>
    <types:type name="auto_704e400c-38ba-4ae9-b8c4-95764c5180fc_Output-Variables-httpStatus" format="java">
      <types:shape format="raml" autogeneratedOrigin="2aee5800-bf64-4304-bd30-613167e1d8e0"><![CDATA[#%RAML 1.0 DataType
type: string]]></types:shape>
    </types:type>
  </types:catalog>
  <types:enrichment select="#b145c48b-9bca-46a7-b34d-8fe8e199cb55">
    <types:processor-declaration>
      <types:output-event>
        <types:message>
          <types:payload type="auto_b145c48b-9bca-46a7-b34d-8fe8e199cb55_Output-Payload"/>
          <types:attributes type="auto_b145c48b-9bca-46a7-b34d-8fe8e199cb55_Output-Attributes"/>
        </types:message>
      </types:output-event>
    </types:processor-declaration>
  </types:enrichment>
  <types:enrichment select="#fad92ee7-a2af-4cf6-80d3-c8c714fb1624">
    <types:processor-declaration>
      <types:input-event>
        <types:message>
          <types:payload type="auto_fad92ee7-a2af-4cf6-80d3-c8c714fb1624_Input-Payload"/>
          <types:attributes type="auto_fad92ee7-a2af-4cf6-80d3-c8c714fb1624_Input-Attributes"/>
        </types:message>
        <types:variables>
          <types:variable name="outboundHeaders" type="auto_fad92ee7-a2af-4cf6-80d3-c8c714fb1624_Input-Variables-outboundHeaders"/>
          <types:variable name="httpStatus" type="auto_fad92ee7-a2af-4cf6-80d3-c8c714fb1624_Input-Variables-httpStatus"/>
        </types:variables>
      </types:input-event>
      <types:output-event>
        <types:message>
          <types:payload type="auto_fad92ee7-a2af-4cf6-80d3-c8c714fb1624_Output-Payload"/>
          <types:attributes type="auto_fad92ee7-a2af-4cf6-80d3-c8c714fb1624_Output-Attributes"/>
        </types:message>
        <types:variables>
          <types:variable name="outboundHeaders" type="auto_fad92ee7-a2af-4cf6-80d3-c8c714fb1624_Output-Variables-outboundHeaders"/>
          <types:variable name="httpStatus" type="auto_fad92ee7-a2af-4cf6-80d3-c8c714fb1624_Output-Variables-httpStatus"/>
        </types:variables>
      </types:output-event>
    </types:processor-declaration>
  </types:enrichment>
  <types:enrichment select="#cc288d7e-3a20-4973-8adf-ac16704be807">
    <types:processor-declaration>
      <types:input-event>
        <types:message>
          <types:payload type="auto_cc288d7e-3a20-4973-8adf-ac16704be807_Input-Payload"/>
          <types:attributes type="auto_cc288d7e-3a20-4973-8adf-ac16704be807_Input-Attributes"/>
        </types:message>
        <types:variables>
          <types:variable name="outboundHeaders" type="auto_cc288d7e-3a20-4973-8adf-ac16704be807_Input-Variables-outboundHeaders"/>
          <types:variable name="httpStatus" type="auto_cc288d7e-3a20-4973-8adf-ac16704be807_Input-Variables-httpStatus"/>
        </types:variables>
      </types:input-event>
      <types:output-event>
        <types:message>
          <types:payload type="auto_cc288d7e-3a20-4973-8adf-ac16704be807_Output-Payload"/>
          <types:attributes type="auto_cc288d7e-3a20-4973-8adf-ac16704be807_Output-Attributes"/>
        </types:message>
        <types:variables>
          <types:variable name="outboundHeaders" type="auto_cc288d7e-3a20-4973-8adf-ac16704be807_Output-Variables-outboundHeaders"/>
          <types:variable name="httpStatus" type="auto_cc288d7e-3a20-4973-8adf-ac16704be807_Output-Variables-httpStatus"/>
        </types:variables>
      </types:output-event>
    </types:processor-declaration>
  </types:enrichment>
  <types:enrichment select="#bac0b1fd-498e-4798-b3e1-b29b8c8a0107">
    <types:processor-declaration>
      <types:input-event>
        <types:message>
          <types:payload type="auto_bac0b1fd-498e-4798-b3e1-b29b8c8a0107_Input-Payload"/>
          <types:attributes type="auto_bac0b1fd-498e-4798-b3e1-b29b8c8a0107_Input-Attributes"/>
        </types:message>
      </types:input-event>
      <types:output-event>
        <types:message>
          <types:payload type="auto_bac0b1fd-498e-4798-b3e1-b29b8c8a0107_Output-Payload"/>
          <types:attributes type="auto_bac0b1fd-498e-4798-b3e1-b29b8c8a0107_Output-Attributes"/>
        </types:message>
        <types:variables>
          <types:variable name="correlationId" type="auto_bac0b1fd-498e-4798-b3e1-b29b8c8a0107_Output-Variables-correlationId"/>
        </types:variables>
      </types:output-event>
    </types:processor-declaration>
  </types:enrichment>
  <types:enrichment select="#142ce74b-3b80-4bed-b30b-38e10064304e">
    <types:processor-declaration>
      <types:input-event>
        <types:message>
          <types:payload type="auto_142ce74b-3b80-4bed-b30b-38e10064304e_Input-Payload"/>
          <types:attributes type="auto_142ce74b-3b80-4bed-b30b-38e10064304e_Input-Attributes"/>
        </types:message>
        <types:variables>
          <types:variable name="outboundHeaders" type="auto_142ce74b-3b80-4bed-b30b-38e10064304e_Input-Variables-outboundHeaders"/>
        </types:variables>
      </types:input-event>
      <types:output-event>
        <types:message>
          <types:payload type="auto_142ce74b-3b80-4bed-b30b-38e10064304e_Output-Payload"/>
          <types:attributes type="auto_142ce74b-3b80-4bed-b30b-38e10064304e_Output-Attributes"/>
        </types:message>
        <types:variables>
          <types:variable name="outboundHeaders" type="auto_142ce74b-3b80-4bed-b30b-38e10064304e_Output-Variables-outboundHeaders"/>
          <types:variable name="httpStatus" type="auto_142ce74b-3b80-4bed-b30b-38e10064304e_Output-Variables-httpStatus"/>
          <types:variable name="operationId" type="auto_142ce74b-3b80-4bed-b30b-38e10064304e_Output-Variables-operationId"/>
          <types:variable name="operationName" type="auto_142ce74b-3b80-4bed-b30b-38e10064304e_Output-Variables-operationName"/>
        </types:variables>
      </types:output-event>
    </types:processor-declaration>
  </types:enrichment>
  <types:enrichment select="#606db482-8796-474c-a6aa-082d57592f66">
    <types:processor-declaration>
      <types:input-event>
        <types:message>
          <types:payload type="auto_606db482-8796-474c-a6aa-082d57592f66_Input-Payload"/>
          <types:attributes type="auto_606db482-8796-474c-a6aa-082d57592f66_Input-Attributes"/>
        </types:message>
        <types:variables>
          <types:variable name="outboundHeaders" type="auto_606db482-8796-474c-a6aa-082d57592f66_Input-Variables-outboundHeaders"/>
          <types:variable name="httpStatus" type="auto_606db482-8796-474c-a6aa-082d57592f66_Input-Variables-httpStatus"/>
        </types:variables>
      </types:input-event>
      <types:output-event>
        <types:message>
          <types:payload type="auto_606db482-8796-474c-a6aa-082d57592f66_Output-Payload"/>
          <types:attributes type="auto_606db482-8796-474c-a6aa-082d57592f66_Output-Attributes"/>
        </types:message>
        <types:variables>
          <types:variable name="outboundHeaders" type="auto_606db482-8796-474c-a6aa-082d57592f66_Output-Variables-outboundHeaders"/>
          <types:variable name="httpStatus" type="auto_606db482-8796-474c-a6aa-082d57592f66_Output-Variables-httpStatus"/>
        </types:variables>
      </types:output-event>
    </types:processor-declaration>
  </types:enrichment>
  <types:enrichment select="#704e400c-38ba-4ae9-b8c4-95764c5180fc">
    <types:processor-declaration>
      <types:input-event>
        <types:message>
          <types:payload type="auto_704e400c-38ba-4ae9-b8c4-95764c5180fc_Input-Payload"/>
          <types:attributes type="auto_704e400c-38ba-4ae9-b8c4-95764c5180fc_Input-Attributes"/>
        </types:message>
      </types:input-event>
      <types:output-event>
        <types:message>
          <types:payload type="auto_704e400c-38ba-4ae9-b8c4-95764c5180fc_Output-Payload"/>
        </types:message>
        <types:variables>
          <types:variable name="outboundHeaders" type="auto_704e400c-38ba-4ae9-b8c4-95764c5180fc_Output-Variables-outboundHeaders"/>
          <types:variable name="httpStatus" type="auto_704e400c-38ba-4ae9-b8c4-95764c5180fc_Output-Variables-httpStatus"/>
        </types:variables>
      </types:output-event>
    </types:processor-declaration>
  </types:enrichment>
</types:mule>