<?xml version="1.0" encoding="UTF-8"?>

<mule xmlns:ee="http://www.mulesoft.org/schema/mule/ee/core" xmlns="http://www.mulesoft.org/schema/mule/core"
	xmlns:doc="http://www.mulesoft.org/schema/mule/documentation"
	xmlns:xsi="http://www.w3.org/2001/XMLSchema-instance" xsi:schemaLocation="http://www.mulesoft.org/schema/mule/core http://www.mulesoft.org/schema/mule/core/current/mule.xsd
http://www.mulesoft.org/schema/mule/ee/core http://www.mulesoft.org/schema/mule/ee/core/current/mule-ee.xsd">
	<sub-flow name="Impl-shine-maam-flow" doc:id="b86df298-d0bd-4ee4-abba-d76d3a610105" >
		<logger level="INFO" doc:name="START sys-shine-maam-flow" doc:id="872484d2-bf09-4ed1-9e29-b265a008b9d0" message="#[${file::dwl/logger/start-msg.dwl}]" />
		<flow-ref doc:name="sys-shine-maam-flow" doc:id="e4ec49ea-bc67-4de5-8f67-fdb3f692a97d" name="sys-shine-maam-flow"/>
	
		<ee:transform doc:name="Maam Response" doc:id="77564503-333f-464a-9e55-b5d3c695bdbe" >
			<ee:message >
				<ee:set-payload ><![CDATA[%dw 2.0
output application/json
---

{
  ResponseCode: p('response.success.code') ,
  ResponseStatus: p('response.success.message'),
  CorrelationId: correlationId,
  Timestamp: now() >> "Asia/Manila",
  Data: {
    access_token : payload.access_token,
    token_type : payload.token_type,
    expires_in : payload.expires_in,
    scope : payload.scope
  }
}]]></ee:set-payload>
			</ee:message>
		</ee:transform>
				<logger level="INFO" doc:name="END sys-shine-maam-flow" doc:id="cc68097c-4de3-4c15-bf98-470a217f79e6" message="#[${file::dwl/logger/end-msg.dwl}]" />
		
	</sub-flow>
	<sub-flow name="Impl-shine-flowFlow" doc:id="685c3244-1f57-4b75-9a8d-a81e401458e3" >
			<logger level="INFO" doc:name="END sys-shine-upload-flow" doc:id="3fbb8206-2019-4a8b-8e6b-6a82d2ac8120" message="#[${file::dwl/logger/end-msg.dwl}]" />
		
		<flow-ref doc:name="sys-shine-upload-flow" doc:id="07b8bb38-e527-4154-9381-9843552015d5" name="sys-shine-upload-flow"/>
		<ee:transform doc:name="Shine Upload Response" doc:id="40222f9b-8bad-4cbd-b139-7aac65843e17" >
			<ee:message >
				<ee:set-payload ><![CDATA[%dw 2.0
output application/json
---
{
  ResponseCode: p('response.success.code') ,
  ResponseStatus: p('response.success.message'),
  CorrelationId: correlationId,
  Timestamp: now() >> "Asia/Manila",
  Data: {
    location_uri : payload.location_uri
  }
}]]></ee:set-payload>
			</ee:message>
		</ee:transform>
		<logger level="INFO" doc:name="END sys-shine-upload-flow" doc:id="398027a6-6dd7-4ed1-9670-4c5ea69e8012" message="#[${file::dwl/logger/end-msg.dwl}]" />
		
	</sub-flow>
</mule>
