<?xml version='1.0' encoding='UTF-8'?>
<types:mule xmlns:types="http://www.mulesoft.org/schema/mule/types">
  <types:catalog>
    <types:type name="auto_ed2c7229-563d-4615-bc25-b489a54ad9c2_Input-Payload" format="java">
      <types:shape format="weave" example="weave/autogenerated/ed2c7229-563d-4615-bc25-b489a54ad9c2/Input-Payload.wev" autogeneratedOrigin="deaa4646-8654-4361-90bb-3ce297bf34f0"><![CDATA[%dw 2.0

type auto_ed2c7229_563d_4615_bc25_b489a54ad9c2_Input_Payload = Any

]]></types:shape>
    </types:type>
    <types:type name="auto_ed2c7229-563d-4615-bc25-b489a54ad9c2_Input-Attributes" format="java">
      <types:shape format="weave" example="weave/autogenerated/ed2c7229-563d-4615-bc25-b489a54ad9c2/Input-Attributes.wev" autogeneratedOrigin="deaa4646-8654-4361-90bb-3ce297bf34f0"><![CDATA[%dw 2.0

type auto_ed2c7229_563d_4615_bc25_b489a54ad9c2_Input_Attributes = {|
  statusCode: Number, 
  reasonPhrase: String, 
  headers: { _?: String }
|} {"typeAlias": "HttpResponseAttributes",
"typeId": "org.mule.extension.http.api.HttpResponseAttributes"}

]]></types:shape>
    </types:type>
    <types:type name="auto_ed2c7229-563d-4615-bc25-b489a54ad9c2_Input-Variables-template" format="json">
      <types:shape format="weave" example="weave/autogenerated/ed2c7229-563d-4615-bc25-b489a54ad9c2/Input-Variables-template.wev" autogeneratedOrigin="deaa4646-8654-4361-90bb-3ce297bf34f0"><![CDATA[%dw 2.0

type auto_ed2c7229_563d_4615_bc25_b489a54ad9c2_Input_Variables_template = Any

]]></types:shape>
    </types:type>
    <types:type name="auto_ed2c7229-563d-4615-bc25-b489a54ad9c2_Output-Payload" format="java">
      <types:shape format="weave" example="weave/autogenerated/ed2c7229-563d-4615-bc25-b489a54ad9c2/Output-Payload.wev" autogeneratedOrigin="deaa4646-8654-4361-90bb-3ce297bf34f0"><![CDATA[%dw 2.0

type auto_ed2c7229_563d_4615_bc25_b489a54ad9c2_Output_Payload = Any

]]></types:shape>
    </types:type>
    <types:type name="auto_ed2c7229-563d-4615-bc25-b489a54ad9c2_Output-Attributes" format="java">
      <types:shape format="weave" example="weave/autogenerated/ed2c7229-563d-4615-bc25-b489a54ad9c2/Output-Attributes.wev" autogeneratedOrigin="deaa4646-8654-4361-90bb-3ce297bf34f0"><![CDATA[%dw 2.0

type auto_ed2c7229_563d_4615_bc25_b489a54ad9c2_Output_Attributes = {|
  statusCode: Number, 
  reasonPhrase: String, 
  headers: { _?: String }
|} {"typeAlias": "HttpResponseAttributes",
"typeId": "org.mule.extension.http.api.HttpResponseAttributes"}

]]></types:shape>
    </types:type>
    <types:type name="auto_ed2c7229-563d-4615-bc25-b489a54ad9c2_Output-Variables-template" format="json">
      <types:shape format="weave" example="weave/autogenerated/ed2c7229-563d-4615-bc25-b489a54ad9c2/Output-Variables-template.wev" autogeneratedOrigin="deaa4646-8654-4361-90bb-3ce297bf34f0"><![CDATA[%dw 2.0

type auto_ed2c7229_563d_4615_bc25_b489a54ad9c2_Output_Variables_template = Any

]]></types:shape>
    </types:type>
    <types:type name="auto_495b9eeb-0537-49c5-9054-cfc0c809d67e_Input-Payload" format="java">
      <types:shape format="weave" example="weave/autogenerated/495b9eeb-0537-49c5-9054-cfc0c809d67e/Input-Payload.wev" autogeneratedOrigin="99437618-e8ec-43fb-a2ab-6e6765fe666a"><![CDATA[%dw 2.0

type auto_495b9eeb_0537_49c5_9054_cfc0c809d67e_Input_Payload = Any

]]></types:shape>
    </types:type>
    <types:type name="auto_495b9eeb-0537-49c5-9054-cfc0c809d67e_Input-Attributes" format="java">
      <types:shape format="weave" example="weave/autogenerated/495b9eeb-0537-49c5-9054-cfc0c809d67e/Input-Attributes.wev" autogeneratedOrigin="99437618-e8ec-43fb-a2ab-6e6765fe666a"><![CDATA[%dw 2.0

type auto_495b9eeb_0537_49c5_9054_cfc0c809d67e_Input_Attributes = {|
  listenerPath: String, 
  rawRequestPath: String, 
  relativePath: String, 
  maskedRequestPath: String, 
  version: String, 
  scheme: String, 
  method: String, 
  requestUri: String, 
  rawRequestUri: String, 
  queryString: String, 
  localAddress: String, 
  remoteAddress: String, 
  clientCertificate?: java_security_cert_Certificate, 
  queryParams: { _?: String }, 
  uriParams: { _?: String }, 
  requestPath: String, 
  headers: { _?: String }
|} {"typeAlias": "HttpRequestAttributes",
"typeId": "org.mule.extension.http.api.HttpRequestAttributes"}
type java_security_cert_Certificate = {|
  encoded?: Binary, 
  publicKey?: java_security_PublicKey, 
  "type"?: String
|} {"typeAlias": "Certificate",
"typeId": "java.security.cert.Certificate"}
type java_security_PublicKey = {|  |} {"typeAlias": "PublicKey",
"typeId": "java.security.PublicKey"}





]]></types:shape>
    </types:type>
    <types:type name="auto_495b9eeb-0537-49c5-9054-cfc0c809d67e_Output-Payload" format="java">
      <types:shape format="weave" example="weave/autogenerated/495b9eeb-0537-49c5-9054-cfc0c809d67e/Output-Payload.wev" autogeneratedOrigin="99437618-e8ec-43fb-a2ab-6e6765fe666a"><![CDATA[%dw 2.0

type auto_495b9eeb_0537_49c5_9054_cfc0c809d67e_Output_Payload = Any

]]></types:shape>
    </types:type>
    <types:type name="auto_495b9eeb-0537-49c5-9054-cfc0c809d67e_Output-Attributes" format="java">
      <types:shape format="weave" example="weave/autogenerated/495b9eeb-0537-49c5-9054-cfc0c809d67e/Output-Attributes.wev" autogeneratedOrigin="99437618-e8ec-43fb-a2ab-6e6765fe666a"><![CDATA[%dw 2.0

type auto_495b9eeb_0537_49c5_9054_cfc0c809d67e_Output_Attributes = {|
  statusCode: Number, 
  reasonPhrase: String, 
  headers: { _?: String }
|} {"typeAlias": "HttpResponseAttributes",
"typeId": "org.mule.extension.http.api.HttpResponseAttributes"}

]]></types:shape>
    </types:type>
    <types:type name="auto_495b9eeb-0537-49c5-9054-cfc0c809d67e_Output-Variables-template" format="json">
      <types:shape format="weave" example="weave/autogenerated/495b9eeb-0537-49c5-9054-cfc0c809d67e/Output-Variables-template.wev" autogeneratedOrigin="99437618-e8ec-43fb-a2ab-6e6765fe666a"><![CDATA[%dw 2.0

type auto_495b9eeb_0537_49c5_9054_cfc0c809d67e_Output_Variables_template = Any

]]></types:shape>
    </types:type>
    <types:type name="auto_c5623553-bea2-4c9f-ab30-c9d7c911cde0_Input-Payload" format="json">
      <types:shape format="weave" example="weave/autogenerated/c5623553-bea2-4c9f-ab30-c9d7c911cde0/Input-Payload.wev" autogeneratedOrigin="5baa0651-904d-497d-97e7-76bb391b8015"><![CDATA[%dw 2.0

type auto_c5623553_bea2_4c9f_ab30_c9d7c911cde0_Input_Payload = {|
  Sender: String, 
  SenderName: String, 
  Recipient: Any, 
  Subject: Any, 
  Body: Any, 
  SourceId: Number, 
  FileName: Array<String>, 
  FileType: Array<String>, 
  File: Array<String>
|}

]]></types:shape>
    </types:type>
    <types:type name="auto_c5623553-bea2-4c9f-ab30-c9d7c911cde0_Input-Attributes" format="java">
      <types:shape format="weave" example="weave/autogenerated/c5623553-bea2-4c9f-ab30-c9d7c911cde0/Input-Attributes.wev" autogeneratedOrigin="5baa0651-904d-497d-97e7-76bb391b8015"><![CDATA[%dw 2.0

type auto_c5623553_bea2_4c9f_ab30_c9d7c911cde0_Input_Attributes = {|
  statusCode: Number, 
  reasonPhrase: String, 
  headers: { _?: String }
|} {"typeAlias": "HttpResponseAttributes",
"typeId": "org.mule.extension.http.api.HttpResponseAttributes"}

]]></types:shape>
    </types:type>
    <types:type name="auto_c5623553-bea2-4c9f-ab30-c9d7c911cde0_Input-Variables-template" format="json">
      <types:shape format="weave" example="weave/autogenerated/c5623553-bea2-4c9f-ab30-c9d7c911cde0/Input-Variables-template.wev" autogeneratedOrigin="5baa0651-904d-497d-97e7-76bb391b8015"><![CDATA[%dw 2.0

type auto_c5623553_bea2_4c9f_ab30_c9d7c911cde0_Input_Variables_template = Any

]]></types:shape>
    </types:type>
    <types:type name="auto_c5623553-bea2-4c9f-ab30-c9d7c911cde0_Output-Payload" format="java">
      <types:shape format="weave" example="weave/autogenerated/c5623553-bea2-4c9f-ab30-c9d7c911cde0/Output-Payload.wev" autogeneratedOrigin="5baa0651-904d-497d-97e7-76bb391b8015"><![CDATA[%dw 2.0

type auto_c5623553_bea2_4c9f_ab30_c9d7c911cde0_Output_Payload = Any

]]></types:shape>
    </types:type>
    <types:type name="auto_c5623553-bea2-4c9f-ab30-c9d7c911cde0_Output-Attributes" format="java">
      <types:shape format="weave" example="weave/autogenerated/c5623553-bea2-4c9f-ab30-c9d7c911cde0/Output-Attributes.wev" autogeneratedOrigin="5baa0651-904d-497d-97e7-76bb391b8015"><![CDATA[%dw 2.0

type auto_c5623553_bea2_4c9f_ab30_c9d7c911cde0_Output_Attributes = {|
  statusCode: Number, 
  reasonPhrase: String, 
  headers: { _?: String }
|} {"typeAlias": "HttpResponseAttributes",
"typeId": "org.mule.extension.http.api.HttpResponseAttributes"}

]]></types:shape>
    </types:type>
    <types:type name="auto_c5623553-bea2-4c9f-ab30-c9d7c911cde0_Output-Variables-template" format="json">
      <types:shape format="weave" example="weave/autogenerated/c5623553-bea2-4c9f-ab30-c9d7c911cde0/Output-Variables-template.wev" autogeneratedOrigin="5baa0651-904d-497d-97e7-76bb391b8015"><![CDATA[%dw 2.0

type auto_c5623553_bea2_4c9f_ab30_c9d7c911cde0_Output_Variables_template = Any

]]></types:shape>
    </types:type>
  </types:catalog>
  <types:enrichment select="#ed2c7229-563d-4615-bc25-b489a54ad9c2">
    <types:processor-declaration>
      <types:input-event>
        <types:message>
          <types:payload type="auto_ed2c7229-563d-4615-bc25-b489a54ad9c2_Input-Payload"/>
          <types:attributes type="auto_ed2c7229-563d-4615-bc25-b489a54ad9c2_Input-Attributes"/>
        </types:message>
        <types:variables>
          <types:variable name="template" type="auto_ed2c7229-563d-4615-bc25-b489a54ad9c2_Input-Variables-template"/>
        </types:variables>
      </types:input-event>
      <types:output-event>
        <types:message>
          <types:payload type="auto_ed2c7229-563d-4615-bc25-b489a54ad9c2_Output-Payload"/>
          <types:attributes type="auto_ed2c7229-563d-4615-bc25-b489a54ad9c2_Output-Attributes"/>
        </types:message>
        <types:variables>
          <types:variable name="template" type="auto_ed2c7229-563d-4615-bc25-b489a54ad9c2_Output-Variables-template"/>
        </types:variables>
      </types:output-event>
    </types:processor-declaration>
  </types:enrichment>
  <types:enrichment select="#495b9eeb-0537-49c5-9054-cfc0c809d67e">
    <types:processor-declaration>
      <types:input-event>
        <types:message>
          <types:payload type="auto_495b9eeb-0537-49c5-9054-cfc0c809d67e_Input-Payload"/>
          <types:attributes type="auto_495b9eeb-0537-49c5-9054-cfc0c809d67e_Input-Attributes"/>
        </types:message>
      </types:input-event>
      <types:output-event>
        <types:message>
          <types:payload type="auto_495b9eeb-0537-49c5-9054-cfc0c809d67e_Output-Payload"/>
          <types:attributes type="auto_495b9eeb-0537-49c5-9054-cfc0c809d67e_Output-Attributes"/>
        </types:message>
        <types:variables>
          <types:variable name="template" type="auto_495b9eeb-0537-49c5-9054-cfc0c809d67e_Output-Variables-template"/>
        </types:variables>
      </types:output-event>
    </types:processor-declaration>
  </types:enrichment>
  <types:enrichment select="#c5623553-bea2-4c9f-ab30-c9d7c911cde0">
    <types:processor-declaration>
      <types:input-event>
        <types:message>
          <types:payload type="auto_c5623553-bea2-4c9f-ab30-c9d7c911cde0_Input-Payload"/>
          <types:attributes type="auto_c5623553-bea2-4c9f-ab30-c9d7c911cde0_Input-Attributes"/>
        </types:message>
        <types:variables>
          <types:variable name="template" type="auto_c5623553-bea2-4c9f-ab30-c9d7c911cde0_Input-Variables-template"/>
        </types:variables>
      </types:input-event>
      <types:output-event>
        <types:message>
          <types:payload type="auto_c5623553-bea2-4c9f-ab30-c9d7c911cde0_Output-Payload"/>
          <types:attributes type="auto_c5623553-bea2-4c9f-ab30-c9d7c911cde0_Output-Attributes"/>
        </types:message>
        <types:variables>
          <types:variable name="template" type="auto_c5623553-bea2-4c9f-ab30-c9d7c911cde0_Output-Variables-template"/>
        </types:variables>
      </types:output-event>
    </types:processor-declaration>
  </types:enrichment>
</types:mule>