<?xml version="1.0" encoding="UTF-8"?>

<mule xmlns:ee="http://www.mulesoft.org/schema/mule/ee/core" xmlns:http="http://www.mulesoft.org/schema/mule/http"
	xmlns:db="http://www.mulesoft.org/schema/mule/db"
	xmlns="http://www.mulesoft.org/schema/mule/core" xmlns:doc="http://www.mulesoft.org/schema/mule/documentation" xmlns:xsi="http://www.w3.org/2001/XMLSchema-instance" xsi:schemaLocation="http://www.mulesoft.org/schema/mule/core http://www.mulesoft.org/schema/mule/core/current/mule.xsd
http://www.mulesoft.org/schema/mule/db http://www.mulesoft.org/schema/mule/db/current/mule-db.xsd
http://www.mulesoft.org/schema/mule/http http://www.mulesoft.org/schema/mule/http/current/mule-http.xsd
http://www.mulesoft.org/schema/mule/ee/core http://www.mulesoft.org/schema/mule/ee/core/current/mule-ee.xsd">
	
	<sub-flow name="messaging-sys-api-email-subflow" doc:id="b7f8242f-0678-48de-a9b9-46c0742741a8" >
		<ee:transform doc:name="Set reqMetadata" doc:id="e572037e-3bb6-4814-b451-00edbad2a544">
			<ee:message />
			<ee:variables>
				<ee:set-variable variableName="reqMetadata"><![CDATA[%dw 2.0
output application/java
---
(vars.reqMetadata default {}) ++ {
	"SysFlowLabel": p('global.properties.ext.operations.messaging.api.post.email.alert.domain'),
	"ExtOperationId": p('global.properties.ext.operations.messaging.api.post.email.alert.id'),
	"ExtOperationName": p('global.properties.ext.operations.messaging.api.post.email.alert.name'),
}]]></ee:set-variable>
			</ee:variables>
		</ee:transform>
		<logger level="INFO" doc:name="START POST /email" doc:id="1d3ae0ee-f8b7-4de5-a5ee-c84cc0e3b28b" message="#[${file::dwl/default/logger/before-req-msg.dwl}]" />
		<http:request method="${system.messaging.api.email.method}" doc:name="POST /email" doc:id="acc96b08-b8dd-4bb4-aefd-01e3c80a11b9" config-ref="HTTP_Request_configuration_messaging-sys-api" path="${system.messaging.api.email.endpoint}">
			<http:body ><![CDATA[#[%dw 2.0
output application/json 
var body = (p('system.messaging.api.email.body') replace "error.payload" with "$(write(payload,'application/json'))") replace "\n" with "<br>"
---
{
    "Sender": p('system.messaging.api.email.sender'),
    "SenderName": p('system.messaging.api.email.sender.name'),
    "Recipient": p('system.messaging.api.email.recipient'),
    "Subject": p('system.messaging.api.email.subject'),
    "Body": body,
    "SourceId": if (isEmpty(p('system.messaging.api.email.source.id'))) 0 else p('system.messaging.api.email.source.id'),
    "FileName": if (isEmpty(p('system.messaging.api.email.filename'))) [] else p('system.messaging.api.email.filename'),
    "FileType": if (isEmpty(p('system.messaging.api.email.filetype'))) [] else p('system.messaging.api.email.filetype'),
    "File": if (isEmpty(p('system.messaging.api.email.file'))) [] else p('system.messaging.api.email.file')
}]]]></http:body>
		</http:request>
		<logger level="INFO" doc:name="END POST /email" doc:id="ed63909b-8e03-4361-a826-1523579366be" message="#[${file::dwl/default/logger/after-req-msg.dwl}]" />
	</sub-flow>
</mule>
