<?xml version="1.0" encoding="UTF-8"?>

<mule xmlns:tls="http://www.mulesoft.org/schema/mule/tls" xmlns:http="http://www.mulesoft.org/schema/mule/http"
	xmlns="http://www.mulesoft.org/schema/mule/core"
	xmlns:doc="http://www.mulesoft.org/schema/mule/documentation" xmlns:xsi="http://www.w3.org/2001/XMLSchema-instance" xsi:schemaLocation="http://www.mulesoft.org/schema/mule/core http://www.mulesoft.org/schema/mule/core/current/mule.xsd
http://www.mulesoft.org/schema/mule/http http://www.mulesoft.org/schema/mule/http/current/mule-http.xsd
http://www.mulesoft.org/schema/mule/tls http://www.mulesoft.org/schema/mule/tls/current/mule-tls.xsd">
	
	<sub-flow name="aml-sql-sys-api_transactions" doc:id="ed2c7229-563d-4615-bc25-b489a54ad9c2" >
		<logger level="INFO" doc:name="START aml-sql-sys-api_transactions" doc:id="2c170759-e7e9-4ae4-ad1e-6e136b34e36f" message="#['transactionId:' ++ correlationId ++ p('global.properties.api.id') ++ &quot;.&quot; ++ p('global.properties.api.appName') ++ &quot;.&quot; ++ p('global.properties.mule.operations.dailytransaction.id') ++ &quot;.&quot; ++ p('global.properties.mule.operations.dailytransaction.name') ++ &quot;.&quot; ++ &quot;aml-sql-sys-api&quot; ++ &quot;.Start--&quot;] ++ #[payload]"/>
	
		<http:request method="GET" doc:name="aml-sql-sys-api_transactions" doc:id="3890ca20-8bc0-4404-b6b8-e4a24e7b2e62" config-ref="HTTP_Request_configuration" path="${system.aml-sql-sys-api.request.get-dailytransaction}">
			<http:headers ><![CDATA[#[output application/java
---
{
	"Client-Id" : p('system.aml-sql-sys-api.client-id'),
	"Client-Secret" : p('system.aml-sql-sys-api.client-secret'),
	"X-Correlation-Id" : correlationId
}]]]></http:headers>
			<http:query-params ><![CDATA[#[output application/java
import * from dw::core::Dates
			
---
{
	"date" : (now() - |P1D|  >> "Asia/Manila") as String {format: "yyyy-MM-dd"} 
}]]]></http:query-params>
		
</http:request>
	<logger level="INFO" doc:name="END  aml-sql-sys-api_transactions" doc:id="1a16a250-c999-4cd6-b4b3-78ff1452a468" message="#['transactionId:' ++ correlationId ++ p('global.properties.api.id') ++ &quot;.&quot; ++ p('global.properties.api.appName') ++ &quot;.&quot; ++ p('global.properties.mule.operations.dailytransaction.id') ++ &quot;.&quot; ++ p('global.properties.mule.operations.dailytransaction.name') ++ &quot;.&quot; ++ &quot;aml-sql-sys-api&quot; ++ &quot;.End--&quot;]  ++ #[payload]"/>

	</sub-flow>
	
	<sub-flow name="aml-sql-sys-api_templates" doc:id="0e21ca1f-e711-4e7b-bd79-b6ade823023d" >
		<logger level="INFO" doc:name="START aml-sql-sys-api_templates" doc:id="54c89600-01bd-4cf5-a50c-e8f62b31ea55" message="#['transactionId:' ++ correlationId ++ p('global.properties.api.id') ++ &quot;.&quot; ++ p('global.properties.api.appName') ++ &quot;.&quot; ++ p('global.properties.mule.operations.emailtemplate.id') ++ &quot;.&quot; ++ p('global.properties.mule.operations.emailtemplate.name') ++ &quot;.&quot; ++ &quot;aml-sql-sys-api&quot; ++ &quot;.Start--&quot;] ++ #[payload]"/>
	
		<http:request method="GET" doc:name="aml-sql-sys-api_templates" doc:id="4f193d35-2ee2-4d97-9efb-ef4a402219bc" path="${system.aml-sql-sys-api.request.get-template} " config-ref="HTTP_Request_configuration">
			<http:headers ><![CDATA[#[output application/java
---
{
	"Client-Id" : p('system.aml-sql-sys-api.client-id'),
	"Client-Secret" : p('system.aml-sql-sys-api.client-secret'),
	"X-Correlation-Id" : correlationId
}]]]></http:headers>
		
</http:request>
<logger level="INFO" doc:name="END  aml-sql-sys-api_templates" doc:id="7d80e406-1391-485e-938a-ace59641f36b" message="#['transactionId:' ++ correlationId ++ p('global.properties.api.id') ++ &quot;.&quot; ++ p('global.properties.api.appName') ++ &quot;.&quot; ++ p('global.properties.mule.operations.emailtemplate.id') ++ &quot;.&quot; ++ p('global.properties.mule.operations.emailtemplate.name') ++ &quot;.&quot; ++ &quot;aml-sql-sys-api&quot; ++ &quot;.End--&quot;]  ++ #[payload]"/>

	</sub-flow>
</mule>
