<?xml version="1.0" encoding="UTF-8"?>

<mule xmlns:tls="http://www.mulesoft.org/schema/mule/tls" xmlns:http="http://www.mulesoft.org/schema/mule/http"
	xmlns:api-gateway="http://www.mulesoft.org/schema/mule/api-gateway"
	xmlns:apikit="http://www.mulesoft.org/schema/mule/mule-apikit" xmlns="http://www.mulesoft.org/schema/mule/core" xmlns:doc="http://www.mulesoft.org/schema/mule/documentation" xmlns:xsi="http://www.w3.org/2001/XMLSchema-instance" xsi:schemaLocation="http://www.mulesoft.org/schema/mule/core http://www.mulesoft.org/schema/mule/core/current/mule.xsd
http://www.mulesoft.org/schema/mule/mule-apikit http://www.mulesoft.org/schema/mule/mule-apikit/current/mule-apikit.xsd
http://www.mulesoft.org/schema/mule/api-gateway http://www.mulesoft.org/schema/mule/api-gateway/current/mule-api-gateway.xsd
http://www.mulesoft.org/schema/mule/http http://www.mulesoft.org/schema/mule/http/current/mule-http.xsd
http://www.mulesoft.org/schema/mule/tls http://www.mulesoft.org/schema/mule/tls/current/mule-tls.xsd">
	<apikit:config outboundHeadersMapName="outboundHeaders" httpStatusVarName="httpStatus" doc:name="Router" doc:id="e9c4a41e-c054-4ad8-8ec6-96c2d4dcc87c" name="messaging-exp-api-config" api="messaging-exp-api.raml" parser="RAML"/>
	<global-property doc:name="Global Property" doc:id="01edfc45-eb34-42fb-ba5c-d2116d868283" name="env" value="dev" />
	<configuration doc:name="Configuration" doc:id="9f13c1bc-bd1b-4ae4-af9a-0a5b79382a09" defaultErrorHandler-ref="error-handler" />
	<configuration-properties doc:name="Configuration properties" doc:id="4c5a2b60-1823-4896-a47f-c87bacfc2c1b" file="config/global/config.yaml" />
	<configuration-properties doc:name="Configuration properties" doc:id="11b08139-4634-46b1-bb13-c58a323872f5" file="config/${env}/config.yaml" />
	<api-gateway:autodiscovery apiId="${api.autodiscovery.id}" ignoreBasePath="true" doc:name="API Autodiscovery" doc:id="8541e859-9503-42ed-bae8-1143d19fc250" flowRef="messaging-exp-api-main" />
	<http:request-config name="MUnit_Request_configuration" doc:name="HTTP Request configuration" doc:id="1485d3e8-59fe-468b-9278-82f3a035ea41" >
		<http:request-connection host="mule-public.axa-li-ph-dev-int.indigo.southeastasia.azure.openpaas.axa-cloud.com" protocol="HTTPS">
			<tls:context >
				<tls:trust-store insecure="true" />
			</tls:context>
		</http:request-connection>
	</http:request-config>
	<global-property doc:name="Global Property" doc:id="eb0306fa-5701-4ff0-9960-a7a5cc06362b" name="key" value="${key}" />
</mule>
