<?xml version="1.0" encoding="UTF-8"?>

<mule xmlns:ee="http://www.mulesoft.org/schema/mule/ee/core"
	xmlns="http://www.mulesoft.org/schema/mule/core" xmlns:doc="http://www.mulesoft.org/schema/mule/documentation"
	xmlns:xsi="http://www.w3.org/2001/XMLSchema-instance"
	xsi:schemaLocation="
http://www.mulesoft.org/schema/mule/ee/core http://www.mulesoft.org/schema/mule/ee/core/current/mule-ee.xsd http://www.mulesoft.org/schema/mule/core http://www.mulesoft.org/schema/mule/core/current/mule.xsd">
	<error-handler name="error-handler" doc:id="572b3fb9-8d46-49a3-b051-7882c0088e45">
	<on-error-propagate enableNotifications="true" logException="true" doc:name="On Error Propagate" doc:id="4a96d928-183a-4f70-9987-e9be0aa2d8a3" type="APIKIT:NOT_FOUND" >
			<ee:transform doc:name="Not Found Error Message" doc:id="9022d83f-c1f4-4737-b5bf-44be576c4ec4" xsi:schemaLocation="http://www.mulesoft.org/schema/mule/ee/core http://www.mulesoft.org/schema/mule/ee/core/current/mule-ee.xsd" >
				<ee:message >
					<ee:set-payload ><![CDATA[%dw 2.0
output application/json
---
{
	ResponseCode: p('response.error.not-found.code'),
	ResponseStatus: p('response.error.status'),
	CorrelationId: correlationId,
	Timestamp: now() >> "Asia/Manila",
	ErrorDetails: {
		Code: p('global.properties.api.id'),
		Status: 'APIKIT:NOT_FOUND',
		Message: p('response.error.not-found.message')
	}
}]]></ee:set-payload>
				</ee:message>
				<ee:variables >
					<ee:set-variable variableName="httpStatus" ><![CDATA[404]]></ee:set-variable>
				</ee:variables>
			</ee:transform>
		</on-error-propagate>
	
	<on-error-propagate enableNotifications="true" logException="true" doc:name="On Error Propagate" doc:id="87a5793e-cd36-495e-b77d-b1c6ad9e9a43" type="HTTP:FORBIDDEN" >
			<ee:transform doc:name="Forbidden Error Message" doc:id="1ce9a555-3d9a-4c15-b93d-c30126bb90c4" xsi:schemaLocation="http://www.mulesoft.org/schema/mule/ee/core http://www.mulesoft.org/schema/mule/ee/core/current/mule-ee.xsd" >
				<ee:message >
					<ee:set-payload ><![CDATA[%dw 2.0
output application/json
---
{
	ResponseCode: p('response.error.forbidden.code'),
	ResponseStatus: p('response.error.status'),
	CorrelationId: correlationId,
	Timestamp: now() >> "Asia/Manila",
	ErrorDetails: {
		Code: p('global.properties.api.id'),
		Status: "HTTP:FORBIDDEN",
		Message: p('response.error.forbidden.message')
	}
}]]></ee:set-payload>
				</ee:message>
				<ee:variables >
					<ee:set-variable variableName="httpStatus" ><![CDATA[403]]></ee:set-variable>
				</ee:variables>
			</ee:transform>
		</on-error-propagate>
		
		<on-error-propagate enableNotifications="true" logException="true" doc:name="On Error Propagate" doc:id="2b04e91c-4a9d-4ccf-8862-39492b27bd63" type="HTTP:SERVICE_UNAVAILABLE" >
			<ee:transform doc:name="Service Unavailable Error Message" doc:id="9099458f-8b87-4077-965c-f6ac9eeb43e0" xsi:schemaLocation="http://www.mulesoft.org/schema/mule/ee/core http://www.mulesoft.org/schema/mule/ee/core/current/mule-ee.xsd" >
				<ee:message >
					<ee:set-payload ><![CDATA[%dw 2.0
output application/json
---
{
	ResponseCode: p('response.error.service-unavailable.code'),
	ResponseStatus: p('response.error.status'),
	CorrelationId: correlationId,
	Timestamp: now() >> "Asia/Manila",
	ErrorDetails: {
		Code: p('global.properties.api.id'),
		Status: 'HTTP:SERVICE_UNAVAILABLE',
		Message: p('response.error.service-unavailable.message')
	}
}]]></ee:set-payload>
				</ee:message>
				<ee:variables >
					<ee:set-variable variableName="httpStatus" ><![CDATA[503]]></ee:set-variable>
				</ee:variables>
			</ee:transform>
		</on-error-propagate>	
	<on-error-propagate enableNotifications="true" logException="true" doc:name="On Error Propagate" doc:id="3e68b54e-cdbd-4fd5-8959-7dc0e40ceefb" type="APIKIT:BAD_REQUEST" >
			<ee:transform doc:name="Bad Request Error Message" doc:id="3046f956-ae37-4430-9ea6-d8c07459ac3f" xsi:schemaLocation="http://www.mulesoft.org/schema/mule/ee/core http://www.mulesoft.org/schema/mule/ee/core/current/mule-ee.xsd" >
				<ee:message >
					<ee:set-payload ><![CDATA[%dw 2.0
output application/json
---
{
	ResponseCode: p('response.error.bad-request.code'),
	ResponseStatus:  p('response.error.status'),
	CorrelationId: correlationId,
	Timestamp: now() >> "Asia/Manila",
	ErrorDetails: {
		Code: p('global.properties.api.id'),
		Status: "APIKIT:BAD_REQUEST",
		Message: p('response.error.bad-request.message')
	}
}]]></ee:set-payload>
				</ee:message>
				<ee:variables >
					<ee:set-variable variableName="httpStatus" ><![CDATA[400]]></ee:set-variable>
				</ee:variables>
			</ee:transform>
		</on-error-propagate>
		<on-error-propagate enableNotifications="true" logException="true" doc:name="On Error Propagate" doc:id="5f482987-c625-41b7-85a2-d090160f6e0e" type="APIKIT:METHOD_NOT_ALLOWED" >
			<ee:transform doc:name="Method Not Allowed Error Message" doc:id="0679da95-3e23-4919-b73e-4d7796b8b5c7" xsi:schemaLocation="http://www.mulesoft.org/schema/mule/ee/core http://www.mulesoft.org/schema/mule/ee/core/current/mule-ee.xsd" >
				<ee:message >
					<ee:set-payload ><![CDATA[%dw 2.0
output application/json
---
{
	ResponseCode: p('response.error.method-not-allowed.code'),
	ResponseStatus: p('response.error.status'),
	CorrelationId: correlationId,
	Timestamp: now() >> "Asia/Manila",
	ErrorDetails: {
		Code: p('global.properties.api.id'),
		Status: 'APIKIT:METHOD_NOT_ALLOWED',
		Message: p('response.error.method-not-allowed.message')
	}
}]]></ee:set-payload>
				</ee:message>
				<ee:variables >
					<ee:set-variable variableName="httpStatus" ><![CDATA[405]]></ee:set-variable>
				</ee:variables>
			</ee:transform>
		</on-error-propagate>
		
		
		<on-error-propagate enableNotifications="true" logException="true" doc:name="On Error Propagate" doc:id="21398e6e-d13a-42b2-b80e-13fdb5d4c246" type="APIKIT:NOT_ACCEPTABLE" >
			<ee:transform doc:name="Not Acceptable Error Message" doc:id="2409fec0-4d89-4afb-b4be-23b065349a01" xsi:schemaLocation="http://www.mulesoft.org/schema/mule/ee/core http://www.mulesoft.org/schema/mule/ee/core/current/mule-ee.xsd" >
				<ee:message >
					<ee:set-payload ><![CDATA[%dw 2.0
output application/json
---
{
	ResponseCode: p('response.error.not-acceptable.code'),
	ResponseStatus: p('response.error.status'),
	CorrelationId: correlationId,
	Timestamp: now() >> "Asia/Manila",
	ErrorDetails: {
		Code: p('global.properties.api.id'),
		Status: 'APIKIT:NOT_ACCEPTABLE',
		Message: p('response.error.not-acceptable.message')
	}
}]]></ee:set-payload>
				</ee:message>
				<ee:variables >
					<ee:set-variable variableName="httpStatus" ><![CDATA[406]]></ee:set-variable>
				</ee:variables>
			</ee:transform>
		</on-error-propagate>
		<on-error-propagate enableNotifications="true" logException="true" doc:name="On Error Propagate" doc:id="872f0833-6031-4815-b8ff-446d64397e16" type="APIKIT:UNSUPPORTED_MEDIA_TYPE" >
			<ee:transform doc:name="Unsupported Media Type Error Message" doc:id="64cf948a-4546-4102-a8c4-c5ec234c6585" xsi:schemaLocation="http://www.mulesoft.org/schema/mule/ee/core http://www.mulesoft.org/schema/mule/ee/core/current/mule-ee.xsd" >
				<ee:message >
					<ee:set-payload ><![CDATA[%dw 2.0
output application/json
---
{
	ResponseCode: p('response.error.unsupported-media-type.code'),
	ResponseStatus: p('response.error.status'),
	CorrelationId: correlationId,
	Timestamp: now() >> "Asia/Manila",
	ErrorDetails: {
		Code: p('global.properties.api.id'),
		Status: 'APIKIT:UNSUPPORTED_MEDIA_TYPE',
		Message: p('response.error.unsupported-media-type.message')
	}
}]]></ee:set-payload>
				</ee:message>
				<ee:variables >
					<ee:set-variable variableName="httpStatus" ><![CDATA[415]]></ee:set-variable>
				</ee:variables>
			</ee:transform>
		</on-error-propagate>
		<on-error-propagate enableNotifications="true" logException="true" doc:name="On Error Propagate" doc:id="0b34c4ce-3de5-429f-8a0e-9874d1331b8d" type="APIKIT:NOT_IMPLEMENTED" >
			<ee:transform doc:name="Not Implemented Error Message" doc:id="48b02673-0713-4ff7-81e5-41e271636edb" xsi:schemaLocation="http://www.mulesoft.org/schema/mule/ee/core http://www.mulesoft.org/schema/mule/ee/core/current/mule-ee.xsd" >
				<ee:message >
					<ee:set-payload ><![CDATA[%dw 2.0
output application/json
---
{
	ResponseCode: p('response.error.not-implemented.code'),
	ResponseStatus: p('response.error.status'),
	CorrelationId: correlationId,
	Timestamp: now() >> "Asia/Manila",
	ErrorDetails: {
		Code: p('global.properties.api.id'),
		Status: 'APIKIT:NOT_IMPLEMENTED',
		Message: p('response.error.not-implemented.message')
	}
}]]></ee:set-payload>
				</ee:message>
				<ee:variables >
					<ee:set-variable variableName="httpStatus" ><![CDATA[501]]></ee:set-variable>
				</ee:variables>
			</ee:transform>
		</on-error-propagate>
		<on-error-propagate enableNotifications="true" logException="true" doc:name="On Error Propagate" doc:id="5d99335c-d1a4-4c17-a6ac-23f04167ecf7" type="HTTP:CONNECTIVITY">
		  <ee:transform doc:name="HTTP Connectity Error Message" doc:id="e5135151-b13f-4cc5-b27c-9a532b1b02a9" xsi:schemaLocation="http://www.mulesoft.org/schema/mule/ee/core http://www.mulesoft.org/schema/mule/ee/core/current/mule-ee.xsd" >
				<ee:message >
					<ee:set-payload ><![CDATA[%dw 2.0
output application/json
---
{
	ResponseCode: p('response.error.connectivity.code'),
	ResponseStatus: p('response.error.status'),
	CorrelationId: correlationId,
	Timestamp: now() >> "Asia/Manila",
	ErrorDetails: {
		Code: p('global.properties.api.id'),
		Status: 'HTTP:CONNECTIVITY',
		Message: p('response.error.connectivity.message')
	}
}]]></ee:set-payload>
				</ee:message>
				<ee:variables >
					<ee:set-variable variableName="httpStatus" ><![CDATA[501]]></ee:set-variable>
				</ee:variables>
			</ee:transform>
		</on-error-propagate>
		
		
		<on-error-propagate enableNotifications="true" logException="true" doc:name="On Error Propagate" doc:id="d7c94234-dd9a-4bf0-8f43-69fda46a467d" type="HTTP:NOT_FOUND">
			<ee:transform doc:name="HTTP Not Found Error Message" doc:id="f954f53a-912c-4ef4-94d4-38c10787955e" >
				<ee:message >
					<ee:set-payload ><![CDATA[%dw 2.0
output application/json
---
{
	ResponseCode: p('response.error.not-found.code'),
	ResponseStatus: p('response.error.status'),
	CorrelationId: correlationId,
	Timestamp: now() >> "Asia/Manila",
	ErrorDetails: {
		Code: p('global.properties.api.id'),
		Status: 'HTTP:NOT_FOUND',
		Message: p('response.error.not-found.message'),
		Additional : 
			 error.muleMessage.payload
		
	}
}]]></ee:set-payload>
				</ee:message>
			</ee:transform>
		</on-error-propagate>		
		
		<on-error-propagate enableNotifications="true" logException="true" doc:name="On Error Propagate" doc:id="6a589b40-f0ce-4198-8c3c-70d0853d2470" type="HTTP:UNAUTHORIZED">
			<ee:transform doc:name="HTTP Unauthorized" doc:id="0b827c17-4a6f-41d8-899a-22b6ce7c7b83" >
				<ee:message >
					<ee:set-payload ><![CDATA[%dw 2.0
output application/json
---
{
	ResponseCode: p('response.error.http-unauthorized.code'),
	ResponseStatus: p('response.error.status'),
	CorrelationId: correlationId,
	Timestamp: now() >> "Asia/Manila",
	ErrorDetails: {
		Code: p('global.properties.api.id'),
		Status: 'HTTP:UNAUTHORIZED',
		Message: p('response.error.http-unauthorized.message')
		
	}
}]]></ee:set-payload>
				</ee:message>
				<ee:variables >
					<ee:set-variable variableName="httpStatus" ><![CDATA[401
]]></ee:set-variable>
				</ee:variables>
			</ee:transform>
		</on-error-propagate>
	<on-error-propagate enableNotifications="true" logException="true" doc:name="On Error Propagate" doc:id="50bd89c3-a42e-4ec1-b37f-e35e946225af" type="HTTP:BAD_REQUEST" >
			<ee:transform doc:name="Bad Request Error Message" doc:id="aa8e840d-ca8a-4c9b-a71f-b063fdb102d2" xsi:schemaLocation="http://www.mulesoft.org/schema/mule/ee/core http://www.mulesoft.org/schema/mule/ee/core/current/mule-ee.xsd" >
				<ee:message >
					<ee:set-payload ><![CDATA[%dw 2.0
output application/json
---
{
	ResponseCode: p('response.error.bad-request.code'),
	ResponseStatus:  p('response.error.status'),
	CorrelationId: correlationId,
	Timestamp: now() >> "Asia/Manila",
	ErrorDetails: {
		Code: p('global.properties.api.id'),
		Status: "HTTP:BAD_REQUEST",
		Message: error.errorMessage.payload.ErrorDetails.Message
	}
}]]></ee:set-payload>
				</ee:message>
				<ee:variables >
					<ee:set-variable variableName="httpStatus" ><![CDATA[400]]></ee:set-variable>
				</ee:variables>
			</ee:transform>
		</on-error-propagate>
		<on-error-propagate enableNotifications="true" logException="true" doc:name="On Error Propagate" doc:id="7982f3f8-2bc7-4cc0-ba0a-d9d17bbcf265" type="ANY">
			<ee:transform doc:name="Internal Server Error Message" doc:id="042e2956-fbda-4a27-bf66-3d891a1b2c53">
				<ee:message>
					<ee:set-payload><![CDATA[  %dw 2.0
output application/json
var namespace = error.errorType.namespace default "HTTP"
var identifier = error.errorType.identifier default "INTERNAL_SERVER_ERROR"
---
{
	ResponseCode: p('response.error.internal-server.code'),
	ResponseStatus: p('response.error.status'),
	CorrelationId: correlationId,
	Timestamp: now() >> "Asia/Manila",
	ErrorDetails: {
		Code: p('global.properties.api.id'),
		Status: namespace ++ ":" ++ identifier,
		Message: p('response.error.internal-server.message')
	}
}
]]></ee:set-payload>
				</ee:message>
				<ee:variables>
					<ee:set-variable variableName="httpStatus"><![CDATA[503]]></ee:set-variable>
				</ee:variables>
			</ee:transform>
		</on-error-propagate>
	</error-handler>
</mule>
