<?xml version="1.0" encoding="UTF-8"?>
<mule xmlns:doc="http://www.mulesoft.org/schema/mule/documentation" xmlns="http://www.mulesoft.org/schema/mule/core" xmlns:apikit="http://www.mulesoft.org/schema/mule/mule-apikit" xmlns:ee="http://www.mulesoft.org/schema/mule/ee/core" xmlns:http="http://www.mulesoft.org/schema/mule/http" xmlns:xsi="http://www.w3.org/2001/XMLSchema-instance" xsi:schemaLocation="http://www.mulesoft.org/schema/mule/core http://www.mulesoft.org/schema/mule/core/current/mule.xsd http://www.mulesoft.org/schema/mule/http http://www.mulesoft.org/schema/mule/http/current/mule-http.xsd http://www.mulesoft.org/schema/mule/mule-apikit http://www.mulesoft.org/schema/mule/mule-apikit/current/mule-apikit.xsd http://www.mulesoft.org/schema/mule/ee/core http://www.mulesoft.org/schema/mule/ee/core/current/mule-ee.xsd ">
     <flow name="payout-exp-api-main">
        <http:listener config-ref="HTTP_Listener_config" path="${global.properties.api.path.main}">
            <http:response statusCode="#[vars.httpStatus default 200]">
                <http:headers><![CDATA[#[vars.outboundHeaders default {}]]]></http:headers>
            </http:response>
            <http:error-response statusCode="#[vars.httpStatus default 500]">
                <http:body><![CDATA[#[payload]]]></http:body>
                <http:headers><![CDATA[#[vars.outboundHeaders default {}]]]></http:headers>
            </http:error-response>
        </http:listener>
        <apikit:router config-ref="payout-exp-api-config" />
		<error-handler ref="common-apikit-Error_Handler" />
    </flow>
    <flow name="payout-exp-api-console">
        <http:listener config-ref="HTTP_Listener_config" path="${global.properties.api.path.console}">
            <http:response statusCode="#[vars.httpStatus default 200]">
                <http:headers><![CDATA[#[vars.outboundHeaders default {}]]]></http:headers>
            </http:response>
            <http:error-response statusCode="#[vars.httpStatus default 500]">
                <http:body><![CDATA[#[payload]]]></http:body>
                <http:headers><![CDATA[#[vars.outboundHeaders default {}]]]></http:headers>
            </http:error-response>
        </http:listener>
        <apikit:console config-ref="payout-exp-api-config" />
		<error-handler ref="common-apikit-Error_Handler" />
    </flow>
    <flow name="get:\incomepayingfund\batch:payout-exp-api-config">
        <ee:transform doc:name="Set reqMetadata" doc:id="cdaf0f35-75f0-4bea-885e-2ec9bdecb3d7" >
			<ee:message >
			</ee:message>
			<ee:variables >
				<ee:set-variable variableName="reqMetadata" ><![CDATA[%dw 2.0
output application/json
---
{
	"OperationId": p('global.properties.mule.operations.get-details.id'),
	"OperationName": p('global.properties.mule.operations.get-details.name'),
	"FlowLabel": p('global.properties.mule.operations.get-details.domain'),
	"Flow": flow.name
}
]]></ee:set-variable>
				<ee:set-variable variableName="startdate" ><![CDATA[message.attributes.queryParams.startdate]]></ee:set-variable>
				<ee:set-variable variableName="enddate" ><![CDATA[message.attributes.queryParams.enddate]]></ee:set-variable>
			</ee:variables>
		</ee:transform>
		<ee:transform doc:name="Inprogress">
            <ee:message>
                <ee:set-payload><![CDATA[%dw 2.0
output application/json
---
{
  ResponseCode: 200,
  ResponseStatus: "Success",
  CorrelationId: "29931d0a-b693-426d-bf74-46c1139aa9b5",
  TimeStamp: "2021-07-06T10:33:31.187Z",
  Data: [
    {
      DateTimeStamp: "2023-08-23 09:48:17.730",
      PolicyNo: "510-0423051",
      InsuredName: "KONO MATILDA MADLANGBAYAN",
      PlanCode: "HONP",
      FundCode: "PGAIPF2",
      Currency: "PHP",
      ActivityCode: "ADF",
      EffectiveDate: 20061025,
      DateProcessed: 20230822,
      FundValue: 340730.79,
      IncomePayoutAmount: 2323.23,
      PayoutRate: 2323.23,
      Spread: 232,
      UnitPrice: 232.23,
      TransactionUnits: 232.23,
      UserId: "PXRPAIPF",
      MobileNo: "2323232",
      EmailAddress: "sample@yahoo.com",
      OwnerName: "owner",
      PaymentReferenceNo: "23233",
      ExchangeRate: 232.32,
      PayoutAmount_LocalCurrency: 2323.23,
      Address1: "Address1",
      Address2: "Address2",
      Address3: "Address3",
      Address4: "Address4",
      CityCode: "2",
      SysId: 1,
      MapDetails: [
        [
          {
            IPF_Extract_Id: 4,
            PolicyID: "PID230901170535097",
            PolicyNo: "510-1807310",
            PayeeName: "KONO MATILDA MADLANGBAYAN",
            AmountForPayout: 6814.61,
            PaymentDate: "2023-08-22 00:00:00.000",
            Processor: "PXRPAIPF",
            ActivityCode: "ADF",
            PurposeOfApplication: "Income Paying Fund",
            TransactionDate: "2023-09-01 17:05:35.000",
            Status: "CLOSED",
            UpdatedDate: "2023-09-04 12:47:41.000",
            PaymentMethod: "PFT",
            PaymentRef: "7100",
            OwnerName: "KONO MATILDA MADLANGBAYAN"
          }
        ]
      ]
    }
  ]
}]]></ee:set-payload>
            </ee:message>
        </ee:transform>
    </flow>
    <flow name="get:\incomepayingfund\(policynumber):payout-exp-api-config">
        <ee:transform doc:name="Set reqMetadata" doc:id="7254ce70-b036-4eba-9d21-fa13d29ecb0b">
            <ee:variables>
                <ee:set-variable variableName="policynumber"><![CDATA[attributes.uriParams.'policynumber']]></ee:set-variable>
				<ee:set-variable variableName="reqMetadata" ><![CDATA[%dw 2.0
output application/json
---
{
	"OperationId": p('global.properties.mule.operations.get-extract.id'),
	"OperationName": p('global.properties.mule.operations.get-extract.name'),
	"FlowLabel": p('global.properties.mule.operations.get-extract..domain'),
	"Flow": flow.name
}
]]></ee:set-variable>
            </ee:variables>
        </ee:transform>
        <flow-ref doc:name="impl-ipf-query-extract-flows" doc:id="4bb6fc40-759b-44cd-83ad-06b4531a0308" name="impl-ipf-query-extract-flows"/>
    </flow>
</mule>
