<?xml version="1.0" encoding="UTF-8"?>
<mule xmlns:doc="http://www.mulesoft.org/schema/mule/documentation" xmlns="http://www.mulesoft.org/schema/mule/core" xmlns:apikit="http://www.mulesoft.org/schema/mule/mule-apikit" xmlns:ee="http://www.mulesoft.org/schema/mule/ee/core" xmlns:http="http://www.mulesoft.org/schema/mule/http" xmlns:xsi="http://www.w3.org/2001/XMLSchema-instance" xsi:schemaLocation="http://www.mulesoft.org/schema/mule/core http://www.mulesoft.org/schema/mule/core/current/mule.xsd http://www.mulesoft.org/schema/mule/http http://www.mulesoft.org/schema/mule/http/current/mule-http.xsd http://www.mulesoft.org/schema/mule/mule-apikit http://www.mulesoft.org/schema/mule/mule-apikit/current/mule-apikit.xsd http://www.mulesoft.org/schema/mule/ee/core http://www.mulesoft.org/schema/mule/ee/core/current/mule-ee.xsd ">
    <flow name="aml-mgt-proc-api-main">
        <http:listener path="${global.properties.api.path.main}" config-ref="HTTP_Listener_config">
            <http:response statusCode="#[vars.httpStatus default 200]">
                <http:headers><![CDATA[#[vars.outboundHeaders default {}]]]></http:headers>
            </http:response>
            <http:error-response statusCode="#[vars.httpStatus default 500]">
                <http:body><![CDATA[#[payload]]]></http:body>
                <http:headers><![CDATA[#[vars.outboundHeaders default {}]]]></http:headers>
            </http:error-response>
        </http:listener>
        <flow-ref doc:name="aml-mgt-proc-api_set-variables" doc:id="ff980704-bb20-4bd9-af42-07e280f6ae18" name="aml-mgt-proc-api_set-variables"/>
		<apikit:router config-ref="aml-mgt-proc-api-config" />
		<error-handler ref="error-handler" />
    </flow>
    <flow name="aml-mgt-proc-api-console">
        <http:listener path="${global.properties.api.path.console}" config-ref="HTTP_Listener_config">
            <http:response statusCode="#[vars.httpStatus default 200]">
                <http:headers><![CDATA[#[vars.outboundHeaders default {}]]]></http:headers>
            </http:response>
            <http:error-response statusCode="#[vars.httpStatus default 500]">
                <http:body><![CDATA[#[payload]]]></http:body>
                <http:headers><![CDATA[#[vars.outboundHeaders default {}]]]></http:headers>
            </http:error-response>
        </http:listener>
        <apikit:console config-ref="aml-mgt-proc-api-config" />
		<error-handler ref="error-handler" />
    </flow>
    <flow name="post:\screening:application\json:aml-mgt-proc-api-config">
    	<ee:transform doc:name="Set Var - operationId, operationName" doc:id="c0e867c1-b8f8-4138-ac7e-b9e00fd96409" >
			<ee:variables >
				<ee:set-variable variableName="operationName" ><![CDATA[p('global.properties.mule.operations.post-screening.name')]]></ee:set-variable>
				<ee:set-variable variableName="operationId" ><![CDATA[p('global.properties.mule.operations.post-screening.id')]]></ee:set-variable>
			</ee:variables>
		</ee:transform>
		<flow-ref doc:name="impl-screening-main-subflow" doc:id="5a1936f4-b15f-4ed1-ae9e-5f7b28973650" name="impl-screening-main-subflow"/>
    </flow>
	<flow name="patch:\transactions\status:application\json:aml-mgt-proc-api-config" doc:id="152e886e-6f9a-49a6-a8df-08bc7b6ac63d">
        <ee:transform doc:name="Set Var - operationId, operationName" doc:id="c6a33f9a-9bfd-4e1f-99c7-724c45538a15" >
			<ee:variables >
				<ee:set-variable variableName="operationName" ><![CDATA[p('global.properties.mule.operations.post-transactions-status.name')]]></ee:set-variable>
				<ee:set-variable variableName="operationId" ><![CDATA[p('global.properties.mule.operations.post-transactions-status.id')]]></ee:set-variable>
			</ee:variables>
		</ee:transform>
		<flow-ref doc:name="impl-transactions-status-main-subflow" doc:id="ff3e30c2-df65-4ac1-85b8-e7c95f9c75d4" name="impl-transactions-status-main-subflow"/>
    </flow>
    <sub-flow name="aml-mgt-proc-api_set-variables" doc:id="41c74d25-a1ce-4071-a277-1bfc8fdfc59c" >
		<set-variable value="#[attributes.headers['X-Correlation-Id']]" doc:name="correlationId" doc:id="f2c7715e-0dd1-40d5-8e35-6c1ddb275795" variableName="correlationId"/>
	</sub-flow>
</mule>
