<?xml version="1.0" encoding="UTF-8"?>
<mule xmlns:doc="http://www.mulesoft.org/schema/mule/documentation" xmlns="http://www.mulesoft.org/schema/mule/core" xmlns:apikit="http://www.mulesoft.org/schema/mule/mule-apikit" xmlns:ee="http://www.mulesoft.org/schema/mule/ee/core" xmlns:http="http://www.mulesoft.org/schema/mule/http" xmlns:xsi="http://www.w3.org/2001/XMLSchema-instance" xsi:schemaLocation="http://www.mulesoft.org/schema/mule/core http://www.mulesoft.org/schema/mule/core/current/mule.xsd http://www.mulesoft.org/schema/mule/http http://www.mulesoft.org/schema/mule/http/current/mule-http.xsd http://www.mulesoft.org/schema/mule/mule-apikit http://www.mulesoft.org/schema/mule/mule-apikit/current/mule-apikit.xsd http://www.mulesoft.org/schema/mule/ee/core http://www.mulesoft.org/schema/mule/ee/core/current/mule-ee.xsd ">
    <flow name="payments-mgt-proc-api-main">
        <http:listener path="${global.properties.api.path.main}" config-ref="HTTP_Listener_config">
            <http:response statusCode="#[vars.httpStatus default 200]">
                <http:headers><![CDATA[#[vars.outboundHeaders default {}]]]></http:headers>
            </http:response>
            <http:error-response statusCode="#[vars.httpStatus default 500]">
                <http:body><![CDATA[#[payload]]]></http:body>
                <http:headers><![CDATA[#[vars.outboundHeaders default {}]]]></http:headers>
            </http:error-response>
        </http:listener>
		<apikit:router config-ref="payments-mgt-proc-api-config" />
		<error-handler ref="common-apikit-Error_Handler" />
    </flow>
    <flow name="payments-mgt-proc-api-console">
		<http:listener path="/console/*" config-ref="HTTP_Listener_config">
            <http:response statusCode="#[vars.httpStatus default 200]">
                <http:headers><![CDATA[#[vars.outboundHeaders default {}]]]></http:headers>
            </http:response>
            <http:error-response statusCode="#[vars.httpStatus default 500]">
                <http:body><![CDATA[#[payload]]]></http:body>
                <http:headers><![CDATA[#[vars.outboundHeaders default {}]]]></http:headers>
            </http:error-response>
        </http:listener>
        <apikit:console config-ref="payments-mgt-proc-api-config" />
		<error-handler ref="common-apikit-Error_Handler" />
    </flow>
    <flow name="post:\transaction:application\json:payments-mgt-proc-api-config">
		<ee:transform doc:name="Set reqMetadata, reqPayload" doc:id="25979328-9fd0-451e-996b-3a5364657156" >
			<ee:message />
			<ee:variables >
				<ee:set-variable variableName="reqMetadata" ><![CDATA[%dw 2.0
import p from Mule
output application/json
---
{
	"OperationId": p('global.properties.mule.operations.post-transaction.id'),
	"OperationName": p('global.properties.mule.operations.post-transaction.name'),
	"FlowLabel": p('global.properties.mule.operations.post-transaction.domain'),
	"Flow": flow.name
}]]></ee:set-variable>
				<ee:set-variable variableName="reqPayload" ><![CDATA[%dw 2.0
output application/json
---
payload]]></ee:set-variable>
			</ee:variables>
		</ee:transform>
		<flow-ref doc:name="impl-payments-initiation-main-subflow" doc:id="eff9af5c-4fb4-470e-b5c5-593919fd2987" name="impl-payments-initiation-main-subflow"/>
		<error-handler ref="common-global-Error_Handler" />
    </flow>
</mule>
