<?xml version='1.0' encoding='UTF-8'?>
<types:mule xmlns:types="http://www.mulesoft.org/schema/mule/types">
  <types:catalog>
    <types:type name="QueryParams" format="java">
      <types:shape format="java" element="org.mule.extension.http.api.HttpRequestAttributes"/>
    </types:type>
    <types:type name="post-archive-payload" format="java">
      <types:shape format="raml"><![CDATA[#%RAML 1.0 DataType
type: string]]></types:shape>
    </types:type>
    <types:type name="auto_b86df298-d0bd-4ee4-abba-d76d3a610105_Input-Payload" format="json">
      <types:shape format="weave" example="weave/autogenerated/b86df298-d0bd-4ee4-abba-d76d3a610105/Input-Payload.wev" autogeneratedOrigin="900fd1e5-6253-471a-a90e-1cd3b30132a9"><![CDATA[%dw 2.0

type auto_b86df298_d0bd_4ee4_abba_d76d3a610105_Input_Payload = Any

]]></types:shape>
    </types:type>
    <types:type name="auto_685c3244-1f57-4b75-9a8d-a81e401458e3_Input-Payload" format="json">
      <types:shape format="weave" example="weave/autogenerated/685c3244-1f57-4b75-9a8d-a81e401458e3/Input-Payload.wev" autogeneratedOrigin="c3401f60-7e87-432f-9665-e6935337cda8"><![CDATA[%dw 2.0

type auto_685c3244_1f57_4b75_9a8d_a81e401458e3_Input_Payload = {
  file: String, 
  datalakeName: String, 
  sourceName: String, 
  _?: Any
}

]]></types:shape>
    </types:type>
    <types:type name="auto_b86df298-d0bd-4ee4-abba-d76d3a610105_Input-Attributes" format="java">
      <types:shape format="weave" example="weave/autogenerated/b86df298-d0bd-4ee4-abba-d76d3a610105/Input-Attributes.wev" autogeneratedOrigin="900fd1e5-6253-471a-a90e-1cd3b30132a9"><![CDATA[%dw 2.0

type auto_b86df298_d0bd_4ee4_abba_d76d3a610105_Input_Attributes = {|
  clientCertificate?: {|
    publicKey?: {|  |}, 
    "type"?: String, 
    encoded?: Binary
  |}, 
  headers: {|
    "Client-Id": String, 
    "Client-Secret": String
  |}, 
  listenerPath: String, 
  method: String, 
  queryParams: {|  |}, 
  queryString: String, 
  relativePath: String, 
  remoteAddress: String, 
  requestPath: String, 
  requestUri: String, 
  scheme: String, 
  uriParams: {|  |}, 
  version: String, 
  localAddress: String
|}

]]></types:shape>
    </types:type>
    <types:type name="auto_685c3244-1f57-4b75-9a8d-a81e401458e3_Input-Attributes" format="java">
      <types:shape format="weave" example="weave/autogenerated/685c3244-1f57-4b75-9a8d-a81e401458e3/Input-Attributes.wev" autogeneratedOrigin="c3401f60-7e87-432f-9665-e6935337cda8"><![CDATA[%dw 2.0

type auto_685c3244_1f57_4b75_9a8d_a81e401458e3_Input_Attributes = {|
  clientCertificate?: {|
    publicKey?: {|  |}, 
    "type"?: String, 
    encoded?: Binary
  |}, 
  headers: {|
    "Client-Id": String, 
    "Client-Secret": String, 
    Authorization: String
  |}, 
  listenerPath: String, 
  method: String, 
  queryParams: {|  |}, 
  queryString: String, 
  relativePath: String, 
  remoteAddress: String, 
  requestPath: String, 
  requestUri: String, 
  scheme: String, 
  uriParams: {|  |}, 
  version: String, 
  localAddress: String
|}

]]></types:shape>
    </types:type>
    <types:type name="auto_b86df298-d0bd-4ee4-abba-d76d3a610105_Input-Variables-reqMetadata" format="json">
      <types:shape format="weave" example="weave/autogenerated/b86df298-d0bd-4ee4-abba-d76d3a610105/Input-Variables-reqMetadata.wev" autogeneratedOrigin="900fd1e5-6253-471a-a90e-1cd3b30132a9"><![CDATA[%dw 2.0

type auto_b86df298_d0bd_4ee4_abba_d76d3a610105_Input_Variables_reqMetadata = {|
  OperationId: String, 
  OperationName: String, 
  FlowLabel: String, 
  Flow: String | Null
|}

]]></types:shape>
    </types:type>
    <types:type name="auto_685c3244-1f57-4b75-9a8d-a81e401458e3_Input-Variables-reqMetadata" format="json">
      <types:shape format="weave" example="weave/autogenerated/685c3244-1f57-4b75-9a8d-a81e401458e3/Input-Variables-reqMetadata.wev" autogeneratedOrigin="c3401f60-7e87-432f-9665-e6935337cda8"><![CDATA[%dw 2.0

type auto_685c3244_1f57_4b75_9a8d_a81e401458e3_Input_Variables_reqMetadata = {|
  OperationId: String, 
  OperationName: String, 
  FlowLabel: String, 
  Flow: String | Null
|}

]]></types:shape>
    </types:type>
    <types:type name="auto_685c3244-1f57-4b75-9a8d-a81e401458e3_Input-Variables-token" format="java">
      <types:shape format="raml" autogeneratedOrigin="c3401f60-7e87-432f-9665-e6935337cda8"><![CDATA[#%RAML 1.0 DataType
type: string]]></types:shape>
    </types:type>
    <types:type name="auto_b86df298-d0bd-4ee4-abba-d76d3a610105_Output-Payload" format="json">
      <types:shape format="weave" example="weave/autogenerated/b86df298-d0bd-4ee4-abba-d76d3a610105/Output-Payload.wev" autogeneratedOrigin="900fd1e5-6253-471a-a90e-1cd3b30132a9"><![CDATA[%dw 2.0

type auto_b86df298_d0bd_4ee4_abba_d76d3a610105_Output_Payload = {|
  ResponseCode: Number | String, 
  ResponseStatus: String, 
  Data: {
    access_token: String, 
    scope: String, 
    token_type: String, 
    expires_in: Number, 
    _?: Any
  } {"description": "Contains token details"}, 
  CorrelationId: Number | String, 
  TimeStamp: String
|} {"label": "type-maam-response"}

]]></types:shape>
    </types:type>
    <types:type name="auto_685c3244-1f57-4b75-9a8d-a81e401458e3_Input-Variables-outboundHeaders" format="java">
      <types:shape format="weave" example="weave/autogenerated/685c3244-1f57-4b75-9a8d-a81e401458e3/Input-Variables-outboundHeaders.wev" autogeneratedOrigin="c3401f60-7e87-432f-9665-e6935337cda8"><![CDATA[%dw 2.0

type auto_685c3244_1f57_4b75_9a8d_a81e401458e3_Input_Variables_outboundHeaders = {|  |}

]]></types:shape>
    </types:type>
    <types:type name="auto_685c3244-1f57-4b75-9a8d-a81e401458e3_Input-Variables-httpStatus" format="java">
      <types:shape format="raml" autogeneratedOrigin="c3401f60-7e87-432f-9665-e6935337cda8"><![CDATA[#%RAML 1.0 DataType
type: string]]></types:shape>
    </types:type>
    <types:type name="auto_b86df298-d0bd-4ee4-abba-d76d3a610105_Output-Attributes" format="java">
      <types:shape format="weave" example="weave/autogenerated/b86df298-d0bd-4ee4-abba-d76d3a610105/Output-Attributes.wev" autogeneratedOrigin="900fd1e5-6253-471a-a90e-1cd3b30132a9"><![CDATA[%dw 2.0

type auto_b86df298_d0bd_4ee4_abba_d76d3a610105_Output_Attributes = {|
  statusCode: Number, 
  reasonPhrase: String, 
  headers: { _?: String }
|} {"typeAlias": "HttpResponseAttributes",
"typeId": "org.mule.extension.http.api.HttpResponseAttributes"}

]]></types:shape>
    </types:type>
    <types:type name="auto_b86df298-d0bd-4ee4-abba-d76d3a610105_Output-Variables-outboundHeaders" format="java">
      <types:shape format="weave" example="weave/autogenerated/b86df298-d0bd-4ee4-abba-d76d3a610105/Output-Variables-outboundHeaders.wev" autogeneratedOrigin="900fd1e5-6253-471a-a90e-1cd3b30132a9"><![CDATA[%dw 2.0

type auto_b86df298_d0bd_4ee4_abba_d76d3a610105_Output_Variables_outboundHeaders = {|  |}

]]></types:shape>
    </types:type>
    <types:type name="auto_685c3244-1f57-4b75-9a8d-a81e401458e3_Output-Payload" format="json">
      <types:shape format="weave" example="weave/autogenerated/685c3244-1f57-4b75-9a8d-a81e401458e3/Output-Payload.wev" autogeneratedOrigin="c3401f60-7e87-432f-9665-e6935337cda8"><![CDATA[%dw 2.0

type auto_685c3244_1f57_4b75_9a8d_a81e401458e3_Output_Payload = {|
  ResponseCode: Number | String, 
  ResponseStatus: String, 
  Data: {
    location_uri: String, 
    _?: Any
  } {"description": "Contains token details"}, 
  CorrelationId: Number | String, 
  TimeStamp: String
|} {"label": "type-maam-response"}

]]></types:shape>
    </types:type>
    <types:type name="auto_b86df298-d0bd-4ee4-abba-d76d3a610105_Output-Variables-reqMetadata" format="json">
      <types:shape format="weave" example="weave/autogenerated/b86df298-d0bd-4ee4-abba-d76d3a610105/Output-Variables-reqMetadata.wev" autogeneratedOrigin="900fd1e5-6253-471a-a90e-1cd3b30132a9"><![CDATA[%dw 2.0

type auto_b86df298_d0bd_4ee4_abba_d76d3a610105_Output_Variables_reqMetadata = {|
  OperationId: String, 
  OperationName: String, 
  FlowLabel: String, 
  Flow: String | Null
|}

]]></types:shape>
    </types:type>
    <types:type name="auto_b86df298-d0bd-4ee4-abba-d76d3a610105_Output-Variables-httpStatus" format="java">
      <types:shape format="raml" autogeneratedOrigin="900fd1e5-6253-471a-a90e-1cd3b30132a9"><![CDATA[#%RAML 1.0 DataType
type: string]]></types:shape>
    </types:type>
    <types:type name="auto_685c3244-1f57-4b75-9a8d-a81e401458e3_Output-Variables-reqMetadata" format="json">
      <types:shape format="weave" example="weave/autogenerated/685c3244-1f57-4b75-9a8d-a81e401458e3/Output-Variables-reqMetadata.wev" autogeneratedOrigin="c3401f60-7e87-432f-9665-e6935337cda8"><![CDATA[%dw 2.0

type auto_685c3244_1f57_4b75_9a8d_a81e401458e3_Output_Variables_reqMetadata = {|
  OperationId: String, 
  OperationName: String, 
  FlowLabel: String, 
  Flow: String | Null
|}

]]></types:shape>
    </types:type>
    <types:type name="auto_685c3244-1f57-4b75-9a8d-a81e401458e3_Output-Variables-token" format="java">
      <types:shape format="raml" autogeneratedOrigin="c3401f60-7e87-432f-9665-e6935337cda8"><![CDATA[#%RAML 1.0 DataType
type: string]]></types:shape>
    </types:type>
    <types:type name="auto_685c3244-1f57-4b75-9a8d-a81e401458e3_Output-Variables-outboundHeaders" format="java">
      <types:shape format="weave" example="weave/autogenerated/685c3244-1f57-4b75-9a8d-a81e401458e3/Output-Variables-outboundHeaders.wev" autogeneratedOrigin="c3401f60-7e87-432f-9665-e6935337cda8"><![CDATA[%dw 2.0

type auto_685c3244_1f57_4b75_9a8d_a81e401458e3_Output_Variables_outboundHeaders = {|  |}

]]></types:shape>
    </types:type>
    <types:type name="auto_685c3244-1f57-4b75-9a8d-a81e401458e3_Output-Variables-httpStatus" format="java">
      <types:shape format="raml" autogeneratedOrigin="c3401f60-7e87-432f-9665-e6935337cda8"><![CDATA[#%RAML 1.0 DataType
type: string]]></types:shape>
    </types:type>
  </types:catalog>
  <types:enrichment select="#b86df298-d0bd-4ee4-abba-d76d3a610105">
    <types:processor-declaration>
      <types:input-event>
        <types:message>
          <types:payload type="auto_b86df298-d0bd-4ee4-abba-d76d3a610105_Input-Payload"/>
          <types:attributes type="auto_b86df298-d0bd-4ee4-abba-d76d3a610105_Input-Attributes"/>
        </types:message>
        <types:variables>
          <types:variable name="reqMetadata" type="auto_b86df298-d0bd-4ee4-abba-d76d3a610105_Input-Variables-reqMetadata"/>
        </types:variables>
      </types:input-event>
      <types:output-event>
        <types:message>
          <types:payload type="auto_b86df298-d0bd-4ee4-abba-d76d3a610105_Output-Payload"/>
          <types:attributes type="auto_b86df298-d0bd-4ee4-abba-d76d3a610105_Output-Attributes"/>
        </types:message>
        <types:variables>
          <types:variable name="outboundHeaders" type="auto_b86df298-d0bd-4ee4-abba-d76d3a610105_Output-Variables-outboundHeaders"/>
          <types:variable name="reqMetadata" type="auto_b86df298-d0bd-4ee4-abba-d76d3a610105_Output-Variables-reqMetadata"/>
          <types:variable name="httpStatus" type="auto_b86df298-d0bd-4ee4-abba-d76d3a610105_Output-Variables-httpStatus"/>
        </types:variables>
      </types:output-event>
    </types:processor-declaration>
  </types:enrichment>
  <types:enrichment select="#685c3244-1f57-4b75-9a8d-a81e401458e3">
    <types:processor-declaration>
      <types:input-event>
        <types:message>
          <types:payload type="auto_685c3244-1f57-4b75-9a8d-a81e401458e3_Input-Payload"/>
          <types:attributes type="auto_685c3244-1f57-4b75-9a8d-a81e401458e3_Input-Attributes"/>
        </types:message>
        <types:variables>
          <types:variable name="outboundHeaders" type="auto_685c3244-1f57-4b75-9a8d-a81e401458e3_Input-Variables-outboundHeaders"/>
          <types:variable name="reqMetadata" type="auto_685c3244-1f57-4b75-9a8d-a81e401458e3_Input-Variables-reqMetadata"/>
          <types:variable name="httpStatus" type="auto_685c3244-1f57-4b75-9a8d-a81e401458e3_Input-Variables-httpStatus"/>
          <types:variable name="token" type="auto_685c3244-1f57-4b75-9a8d-a81e401458e3_Input-Variables-token"/>
        </types:variables>
      </types:input-event>
      <types:output-event>
        <types:message>
          <types:payload type="auto_685c3244-1f57-4b75-9a8d-a81e401458e3_Output-Payload"/>
          <types:attributes type="null"/>
        </types:message>
        <types:variables>
          <types:variable name="outboundHeaders" type="auto_685c3244-1f57-4b75-9a8d-a81e401458e3_Output-Variables-outboundHeaders"/>
          <types:variable name="reqMetadata" type="auto_685c3244-1f57-4b75-9a8d-a81e401458e3_Output-Variables-reqMetadata"/>
          <types:variable name="httpStatus" type="auto_685c3244-1f57-4b75-9a8d-a81e401458e3_Output-Variables-httpStatus"/>
          <types:variable name="token" type="auto_685c3244-1f57-4b75-9a8d-a81e401458e3_Output-Variables-token"/>
        </types:variables>
      </types:output-event>
    </types:processor-declaration>
  </types:enrichment>
</types:mule>