<?xml version="1.0" encoding="UTF-8"?>

<mule xmlns:api-gateway="http://www.mulesoft.org/schema/mule/api-gateway"
	xmlns:ee="http://www.mulesoft.org/schema/mule/ee/core"
	xmlns:tls="http://www.mulesoft.org/schema/mule/tls"
	xmlns:secure-properties="http://www.mulesoft.org/schema/mule/secure-properties" xmlns:db="http://www.mulesoft.org/schema/mule/db"
	xmlns:apikit="http://www.mulesoft.org/schema/mule/mule-apikit"
	xmlns:http="http://www.mulesoft.org/schema/mule/http" xmlns="http://www.mulesoft.org/schema/mule/core" xmlns:doc="http://www.mulesoft.org/schema/mule/documentation" xmlns:xsi="http://www.w3.org/2001/XMLSchema-instance" xsi:schemaLocation="
http://www.mulesoft.org/schema/mule/api-gateway http://www.mulesoft.org/schema/mule/api-gateway/current/mule-api-gateway.xsd 
http://www.mulesoft.org/schema/mule/tls http://www.mulesoft.org/schema/mule/tls/current/mule-tls.xsd 
http://www.mulesoft.org/schema/mule/db http://www.mulesoft.org/schema/mule/db/current/mule-db.xsd http://www.mulesoft.org/schema/mule/core http://www.mulesoft.org/schema/mule/core/current/mule.xsd
http://www.mulesoft.org/schema/mule/http http://www.mulesoft.org/schema/mule/http/current/mule-http.xsd
http://www.mulesoft.org/schema/mule/mule-apikit http://www.mulesoft.org/schema/mule/mule-apikit/current/mule-apikit.xsd
http://www.mulesoft.org/schema/mule/secure-properties http://www.mulesoft.org/schema/mule/secure-properties/current/mule-secure-properties.xsd
http://www.mulesoft.org/schema/mule/ee/core http://www.mulesoft.org/schema/mule/ee/core/current/mule-ee.xsd">
	<import doc:name="Import global error handler" doc:id="ae5f99b0-8801-47a5-b9f7-dce29f5e9737" file="common-global-error-handler.xml" />
	<import doc:name="Import apikit error handler" doc:id="f5d66a7b-331f-4858-8f4f-be803bc17472" file="common-apikit-error-handler.xml" />
	<import doc:name="Import messaging-sys-api" doc:id="ce5be109-7017-4587-805c-eb9c37fc2dc3" file="system/messaging-sys-api-flow.xml" />
    <apikit:config name="payments-mgt-proc-api-config" api="resource::331792da-b10c-491b-8881-10cd31aa171d:payments-mgt-proc-api:1.0.0:raml:zip:payments-mgt-proc-api.raml" outboundHeadersMapName="outboundHeaders" httpStatusVarName="httpStatus" />
	<configuration-properties doc:name="Configuration properties" doc:id="7e31ee3f-b584-4768-a821-0cd209878e21" file="config/${env}/config.yaml" />
	<configuration-properties doc:name="Configuration properties" doc:id="c63a6ec9-9fef-444e-8cd0-8450d5068aba" file="config/global/config.yaml" />
	<global-property doc:name="Global Property" doc:id="80072e53-e040-4552-bf29-7dcea5f13cd2" name="env" value="local" />
	<global-property doc:name="Global Property" doc:id="c01b1e03-d9b2-4704-8a95-110b4ff70b15" name="key" value="1234567812345678" />
	<secure-properties:config name="Secure_Properties_Config" doc:name="Secure Properties Config" doc:id="aca6789f-2998-4577-8598-00a67fee3d6d" file="config/${env}/secure-config.yaml" key="${key}" />
	<http:request-config name="payments-db-sys-api-HTTP_Request_configuration" doc:name="HTTP Request configuration" doc:id="baf5191b-f802-40d0-b234-3656707482a5" basePath="${system.payments.db.basepath}">
		<http:request-connection protocol="${system.payments.db.protocol}" host="${system.payments.db.host}" port="${system.payments.db.port}" connectionIdleTimeout="${system.payments.db.timeout}" >
			<tls:context >
				<tls:trust-store insecure="true" />
			</tls:context>
		</http:request-connection>
	</http:request-config>
	<api-gateway:autodiscovery apiId="${api.autodiscovery.id}" ignoreBasePath="true" doc:name="API Autodiscovery" doc:id="cc341ea7-b33a-4109-8d6f-3b8d89acc20c" flowRef="payments-mgt-proc-api-main" />
</mule>
