<?xml version="1.0" encoding="UTF-8"?>

<mule xmlns:ee="http://www.mulesoft.org/schema/mule/ee/core" xmlns="http://www.mulesoft.org/schema/mule/core"
	xmlns:doc="http://www.mulesoft.org/schema/mule/documentation"
	xmlns:xsi="http://www.w3.org/2001/XMLSchema-instance" xsi:schemaLocation="http://www.mulesoft.org/schema/mule/core http://www.mulesoft.org/schema/mule/core/current/mule.xsd
http://www.mulesoft.org/schema/mule/ee/core http://www.mulesoft.org/schema/mule/ee/core/current/mule-ee.xsd">
	<error-handler name="payment-initiation-error-handler" doc:id="b8eff52b-5726-42ef-9304-70feb290c0bd" >
		<on-error-continue enableNotifications="true" logException="true" doc:name="On Error Continue" doc:id="e671d2c8-8ad6-4ab6-bbe6-8eb0cb3e6314" type="ASSET:UNAUTHORIZED">
			<ee:transform doc:name="Set Error Response" doc:id="5aabe478-5b5a-49e6-9a82-8c704f51cf73">
				<ee:message>
					<ee:set-payload><![CDATA[%dw 2.0
import try from dw::Runtime
import * from dw::core::Types
output application/json skipNullOn="everywhere"
var namespace = error.errorType.namespace default "HTTP"
var identifier = error.errorType.identifier default "INTERNAL_SERVER_ERROR"
var originalError = if(isObjectType(typeOf(error.errorMessage.payload default '')))
		error.errorMessage.payload.error default error.errorMessage.payload
else {}
---
{
	ResponseCode: 401,
	ResponseStatus: p('response.error.status') default 'Failed',
	CorrelationId: correlationId,
	Timestamp: now(),
	ErrorDetails: {
		"AppName": p('app.sysname'), 
		"AppVersion": p('app.version'), 
		"Environment": p('env'), 
		"Source": p('app.source'),
		"Target": p('app.target'),
		"TransactionId": correlationId, 
		"ServiceResource": attributes.maskedRequestPath default "", 
		"ServiceMethod": attributes.method default "", 
		"Payload": if (p('app.log.originalPayload') default false) payload else "",
		"LogTimeStamp": now(), 
		"FunctionalId": attributes.correlationId default correlationId, 
		"ErrorAt": error.failingComponent, 
		"ErrorCode": 401, 
		"ErrorType": error.errorType.asString default (namespace ++ ":" ++ identifier), 
		"ErrorMessage": if (p('app.log.erroredPayload') default false)  originalError
						else (error.muleMessage.typedAttributes.reasonPhrase default error.description)
						default (p('response.error.internal-server.message') default ""),
		"AdditionalDetails": vars.reqMetadata.RequestDetails		
	}
}

]]></ee:set-payload>
				</ee:message>
				<ee:variables>
					<ee:set-variable variableName="httpStatus"><![CDATA[%dw 2.0
output application/java
---
401]]></ee:set-variable>
				</ee:variables>
			</ee:transform>
			<logger level="ERROR" doc:name="EXCEPTION - Asset Unauthorized" doc:id="b7e19e08-9fe9-4fc9-a5bd-d50e029ef4e5" message="#[${file::dwl/logger/exception-msg.dwl}]" />
		</on-error-continue>
		<on-error-continue enableNotifications="true" logException="true" doc:name="On Error Continue" doc:id="990f3ca8-1782-495a-90e8-dc70c8c403e3" type="ASSET:NONEXISTENT">
			<ee:transform doc:name="Set Error Response" doc:id="66e68c60-d4e9-4006-8960-ff507223e5cc">
				<ee:message>
					<ee:set-payload><![CDATA[%dw 2.0
import try from dw::Runtime
import * from dw::core::Types
output application/json skipNullOn="everywhere"
var namespace = error.errorType.namespace default "HTTP"
var identifier = error.errorType.identifier default "INTERNAL_SERVER_ERROR"
var originalError = if(isObjectType(typeOf(error.errorMessage.payload default '')))
		error.errorMessage.payload.error default error.errorMessage.payload
else {}
---
{
	ResponseCode: 401,
	ResponseStatus: p('response.error.status') default 'Failed',
	CorrelationId: correlationId,
	Timestamp: now(),
	ErrorDetails: {
		"AppName": p('app.sysname'), 
		"AppVersion": p('app.version'), 
		"Environment": p('env'), 
		"Source": p('app.source'),
		"Target": p('app.target'),
		"TransactionId": correlationId, 
		"ServiceResource": attributes.maskedRequestPath default "", 
		"ServiceMethod": attributes.method default "", 
		"Payload": if (p('app.log.originalPayload') default false) payload else "",
		"LogTimeStamp": now(), 
		"FunctionalId": attributes.correlationId default correlationId, 
		"ErrorAt": error.failingComponent, 
		"ErrorCode": 401, 
		"ErrorType": error.errorType.asString default (namespace ++ ":" ++ identifier), 
		"ErrorMessage": if (p('app.log.erroredPayload') default false)  originalError
						else (error.muleMessage.typedAttributes.reasonPhrase default error.description)
						default (p('response.error.internal-server.message') default ""),
		"AdditionalDetails": vars.reqMetadata.RequestDetails		
	}
}

]]></ee:set-payload>
				</ee:message>
				<ee:variables >
					<ee:set-variable variableName="httpStatus" ><![CDATA[%dw 2.0
output application/java
---
401]]></ee:set-variable>
				</ee:variables>
			</ee:transform>
			<logger level="ERROR" doc:name="EXCEPTION - Asset Unauthorized" doc:id="29976923-bced-42b7-b896-837d2c6f1c4e" message="#[${file::dwl/logger/exception-msg.dwl}]" />
		</on-error-continue>
		<on-error-continue enableNotifications="true" logException="true" doc:name="On Error Continue" doc:id="857d6fc3-2dd8-4243-99af-ba344631849b" type="PAYMENTTYPE:INVALID">
			<ee:transform doc:name="Set Error Response" doc:id="e4f093e3-035a-4d02-8330-83148ca5667f">
				<ee:message>
					<ee:set-payload><![CDATA[%dw 2.0
import try from dw::Runtime
import * from dw::core::Types
output application/json skipNullOn="everywhere"
var namespace = error.errorType.namespace default "HTTP"
var identifier = error.errorType.identifier default "INTERNAL_SERVER_ERROR"
var originalError = if(isObjectType(typeOf(error.errorMessage.payload default '')))
		error.errorMessage.payload.error default error.errorMessage.payload
else {}
---
{
	ResponseCode: 400,
	ResponseStatus: p('response.error.status') default 'Failed',
	CorrelationId: correlationId,
	Timestamp: now(),
	ErrorDetails: {
		"AppName": p('app.sysname'), 
		"AppVersion": p('app.version'), 
		"Environment": p('env'), 
		"Source": p('app.source'),
		"Target": p('app.target'),
		"TransactionId": correlationId, 
		"ServiceResource": attributes.maskedRequestPath default "", 
		"ServiceMethod": attributes.method default "", 
		"Payload": if (p('app.log.originalPayload') default false) payload else "",
		"LogTimeStamp": now(), 
		"FunctionalId": attributes.correlationId default correlationId, 
		"ErrorAt": error.failingComponent, 
		"ErrorCode": 400, 
		"ErrorType": error.errorType.asString default (namespace ++ ":" ++ identifier), 
		"ErrorMessage": if (p('app.log.erroredPayload') default false)  originalError
						else (error.muleMessage.typedAttributes.reasonPhrase default error.description)
						default (p('response.error.internal-server.message') default ""),
		"AdditionalDetails": vars.reqMetadata.RequestDetails		
	}
}

]]></ee:set-payload>
				</ee:message>
				<ee:variables>
					<ee:set-variable variableName="httpStatus"><![CDATA[%dw 2.0
output application/java
---
400]]></ee:set-variable>
				</ee:variables>
			</ee:transform>
			<logger level="ERROR" doc:name="EXCEPTION - Invalid Payment Type" doc:id="5735dc76-63d6-40f6-8c1d-6e470679ae4f" message="#[${file::dwl/logger/exception-msg.dwl}]" />
		</on-error-continue>
	</error-handler>
</mule>
