<?xml version='1.0' encoding='UTF-8'?>
<types:mule xmlns:types="http://www.mulesoft.org/schema/mule/types">
  <types:catalog>
    <types:type name="auto_8248758a-82d6-48b6-9414-f1dbd223cc1b_Input-Payload" format="json">
      <types:shape format="weave" example="weave/autogenerated/8248758a-82d6-48b6-9414-f1dbd223cc1b/Input-Payload.wev" autogeneratedOrigin="d548371f-7af3-45f4-b92f-18f6b86046e0"><![CDATA[%dw 2.0

type auto_8248758a_82d6_48b6_9414_f1dbd223cc1b_Input_Payload = {|
  Sender: String, 
  SenderName: String, 
  SourceId: Number, 
  Recipient: String, 
  Body: String, 
  Subject: String
|} {"label": "type-email-request"}

]]></types:shape>
    </types:type>
    <types:type name="auto_8248758a-82d6-48b6-9414-f1dbd223cc1b_Input-Attributes" format="java">
      <types:shape format="weave" example="weave/autogenerated/8248758a-82d6-48b6-9414-f1dbd223cc1b/Input-Attributes.wev" autogeneratedOrigin="d548371f-7af3-45f4-b92f-18f6b86046e0"><![CDATA[%dw 2.0

type auto_8248758a_82d6_48b6_9414_f1dbd223cc1b_Input_Attributes = {|
  clientCertificate?: {|
    publicKey?: {|  |}, 
    "type"?: String, 
    encoded?: Binary
  |}, 
  headers: {|
    client_id: String, 
    client_secret: String
  |}, 
  listenerPath: String, 
  method: String, 
  queryParams: {|  |}, 
  queryString: String, 
  relativePath: String, 
  remoteAddress: String, 
  requestPath: String, 
  requestUri: String, 
  scheme: String, 
  uriParams: {|  |}, 
  version: String, 
  localAddress: String
|}

]]></types:shape>
    </types:type>
    <types:type name="auto_8248758a-82d6-48b6-9414-f1dbd223cc1b_Input-Variables-operationId" format="java">
      <types:shape format="raml" autogeneratedOrigin="d548371f-7af3-45f4-b92f-18f6b86046e0"><![CDATA[#%RAML 1.0 DataType
type: string]]></types:shape>
    </types:type>
    <types:type name="auto_8248758a-82d6-48b6-9414-f1dbd223cc1b_Input-Variables-outboundHeaders" format="java">
      <types:shape format="weave" example="weave/autogenerated/8248758a-82d6-48b6-9414-f1dbd223cc1b/Input-Variables-outboundHeaders.wev" autogeneratedOrigin="d548371f-7af3-45f4-b92f-18f6b86046e0"><![CDATA[%dw 2.0

type auto_8248758a_82d6_48b6_9414_f1dbd223cc1b_Input_Variables_outboundHeaders = {|  |}

]]></types:shape>
    </types:type>
    <types:type name="auto_8248758a-82d6-48b6-9414-f1dbd223cc1b_Input-Variables-httpStatus" format="java">
      <types:shape format="raml" autogeneratedOrigin="d548371f-7af3-45f4-b92f-18f6b86046e0"><![CDATA[#%RAML 1.0 DataType
type: string]]></types:shape>
    </types:type>
    <types:type name="auto_8248758a-82d6-48b6-9414-f1dbd223cc1b_Output-Payload" format="java">
      <types:shape format="weave" example="weave/autogenerated/8248758a-82d6-48b6-9414-f1dbd223cc1b/Output-Payload.wev" autogeneratedOrigin="d548371f-7af3-45f4-b92f-18f6b86046e0"><![CDATA[%dw 2.0

type auto_8248758a_82d6_48b6_9414_f1dbd223cc1b_Output_Payload = Any

]]></types:shape>
    </types:type>
    <types:type name="auto_8248758a-82d6-48b6-9414-f1dbd223cc1b_Output-Attributes" format="java">
      <types:shape format="weave" example="weave/autogenerated/8248758a-82d6-48b6-9414-f1dbd223cc1b/Output-Attributes.wev" autogeneratedOrigin="d548371f-7af3-45f4-b92f-18f6b86046e0"><![CDATA[%dw 2.0

type auto_8248758a_82d6_48b6_9414_f1dbd223cc1b_Output_Attributes = {|
  statusCode: Number, 
  reasonPhrase: String, 
  headers: { _?: String }
|} {"typeAlias": "HttpResponseAttributes",
"typeId": "org.mule.extension.http.api.HttpResponseAttributes"}

]]></types:shape>
    </types:type>
    <types:type name="auto_8248758a-82d6-48b6-9414-f1dbd223cc1b_Output-Variables-operationId" format="java">
      <types:shape format="raml" autogeneratedOrigin="d548371f-7af3-45f4-b92f-18f6b86046e0"><![CDATA[#%RAML 1.0 DataType
type: string]]></types:shape>
    </types:type>
    <types:type name="auto_8248758a-82d6-48b6-9414-f1dbd223cc1b_Output-Variables-outboundHeaders" format="java">
      <types:shape format="weave" example="weave/autogenerated/8248758a-82d6-48b6-9414-f1dbd223cc1b/Output-Variables-outboundHeaders.wev" autogeneratedOrigin="d548371f-7af3-45f4-b92f-18f6b86046e0"><![CDATA[%dw 2.0

type auto_8248758a_82d6_48b6_9414_f1dbd223cc1b_Output_Variables_outboundHeaders = {|  |}

]]></types:shape>
    </types:type>
    <types:type name="auto_8248758a-82d6-48b6-9414-f1dbd223cc1b_Output-Variables-httpStatus" format="java">
      <types:shape format="raml" autogeneratedOrigin="d548371f-7af3-45f4-b92f-18f6b86046e0"><![CDATA[#%RAML 1.0 DataType
type: string]]></types:shape>
    </types:type>
  </types:catalog>
  <types:enrichment select="#8248758a-82d6-48b6-9414-f1dbd223cc1b">
    <types:processor-declaration>
      <types:input-event>
        <types:message>
          <types:payload type="auto_8248758a-82d6-48b6-9414-f1dbd223cc1b_Input-Payload"/>
          <types:attributes type="auto_8248758a-82d6-48b6-9414-f1dbd223cc1b_Input-Attributes"/>
        </types:message>
        <types:variables>
          <types:variable name="outboundHeaders" type="auto_8248758a-82d6-48b6-9414-f1dbd223cc1b_Input-Variables-outboundHeaders"/>
          <types:variable name="httpStatus" type="auto_8248758a-82d6-48b6-9414-f1dbd223cc1b_Input-Variables-httpStatus"/>
          <types:variable name="operationId" type="auto_8248758a-82d6-48b6-9414-f1dbd223cc1b_Input-Variables-operationId"/>
        </types:variables>
      </types:input-event>
      <types:output-event>
        <types:message>
          <types:payload type="auto_8248758a-82d6-48b6-9414-f1dbd223cc1b_Output-Payload"/>
          <types:attributes type="auto_8248758a-82d6-48b6-9414-f1dbd223cc1b_Output-Attributes"/>
        </types:message>
        <types:variables>
          <types:variable name="outboundHeaders" type="auto_8248758a-82d6-48b6-9414-f1dbd223cc1b_Output-Variables-outboundHeaders"/>
          <types:variable name="httpStatus" type="auto_8248758a-82d6-48b6-9414-f1dbd223cc1b_Output-Variables-httpStatus"/>
          <types:variable name="operationId" type="auto_8248758a-82d6-48b6-9414-f1dbd223cc1b_Output-Variables-operationId"/>
        </types:variables>
      </types:output-event>
    </types:processor-declaration>
  </types:enrichment>
  <types:enrichment select="#5f9a841f-d62a-4d56-a2ca-99c364bd5796"/>
</types:mule>