<?xml version="1.0" encoding="UTF-8"?>

<mule xmlns:db="http://www.mulesoft.org/schema/mule/db" xmlns="http://www.mulesoft.org/schema/mule/core"
	xmlns:doc="http://www.mulesoft.org/schema/mule/documentation"
	xmlns:xsi="http://www.w3.org/2001/XMLSchema-instance" xsi:schemaLocation="http://www.mulesoft.org/schema/mule/core http://www.mulesoft.org/schema/mule/core/current/mule.xsd
http://www.mulesoft.org/schema/mule/db http://www.mulesoft.org/schema/mule/db/current/mule-db.xsd">
	
	<sub-flow name="ipf-database-select-policy-extract" doc:id="85f49e1f-76b1-42a9-8d6f-f794b5b89bd5" >
			<logger level="INFO" doc:name="BEFORE REQUEST - Select Extract By Policy" doc:id="670a71f0-0eb9-4b06-80dc-78339a0a4341" message="#[${file::dwl/logger/before-req-msg.dwl}]" />
	
		<db:select doc:name="Select Extract By Policy" doc:id="601e16c9-3541-42f7-ada3-d11703b21951" config-ref="IPF-Database_Config">
			<db:sql ><![CDATA[SELECT         a.SysId,a.DateTimeStamp, a.PolicyNo, a.InsuredName, a.PlanCode, a.FundCode, a.Currency, a.ActivityCode, a.EffectiveDate, a.DateProcessed, a.FundValue, a.IncomePayoutAmount, a.PayoutRate, a.Spread, a.UnitPrice, 
                         a.TransactionUnits, b.UserId, b.MobileNo, b.EmailAddress, b.OwnerName, b.PaymentReferenceNo, b.ExchangeRate, b.PayoutAmount_LocalCurrency, b.Address1, b.Address2, b.Address3, b.Address4, b.CityCode
FROM            dbo.IPF_Extract1 AS a INNER JOIN
                         dbo.IPF_Extract2 AS b ON a.PolicyNo = b.PolicyNo 
						 AND a.DateProcessed = b.TransactionDate 
						 where a.PolicyNo = :policyno
 AND a.IncomePayoutAmount = b.PayoutAmount_PolicyCurrency]]></db:sql>
			<db:input-parameters ><![CDATA[#[{'policyno' : vars.policyno}]]]></db:input-parameters>
		</db:select>
		<logger level="INFO" doc:name="AFTER REQUEST - Select Extract By Policy" doc:id="bf0282e8-1b49-4168-9a90-03666a827ee5" message="#[${file::dwl/logger/after-req-msg.dwl}]" />
		
	</sub-flow>
	
	<sub-flow name="ipf-database-select-batch-details" doc:id="dc406c20-ba65-4a63-92db-c806d055a6ec" >
			<logger level="INFO" doc:name="BEFORE REQUEST - Select Details Table" doc:id="15c039a2-2f2f-481f-ab85-5f977e33eb10" message="#[${file::dwl/logger/before-req-msg.dwl}]" />
	
		<db:select doc:name="Select Details Table" doc:id="fb80a904-5082-4af3-b8d2-6c6fafc0e849" config-ref="IPF-Database_Config">
			<db:sql ><![CDATA[
SELECT       IPF_Extract_Id,  PolicyID,PolicyNo, PayeeName, AmountForPayout, 
PaymentDate, Processor, ActivityCode, PurposeOfApplication, 
TransactionDate, Status, UpdatedDate, PaymentMethod, 
PaymentRef, OwnerName
FROM      dbo.IPF_MapDetails
where convert(varchar,UpdatedDate,101) between :startdate and :enddate
]]></db:sql>
			<db:input-parameters ><![CDATA[#[{
'startdate' : vars.startdate,
'enddate': vars.enddate	
}]]]></db:input-parameters>
		</db:select>
		<logger level="INFO" doc:name="AFTER REQUEST - Select Details Table" doc:id="b0bea56e-6987-4a1d-a2e4-2802096be6b7" message="#[${file::dwl/logger/after-req-msg.dwl}]" />
		
	</sub-flow>
	
	
	<sub-flow name="ipf-database-select-bypolicynumber-details" doc:id="03648dc8-a1e5-4e0f-9637-8ead25e20b49" >
			<logger level="INFO" doc:name="BEFORE REQUEST - Select Details Table" doc:id="93a1f480-49f8-401c-82ac-611ba3797f1e" message="#[${file::dwl/logger/before-req-msg.dwl}]" />
	
		<db:select doc:name="Select Details Table" doc:id="93391b8f-7fcc-4985-a5ee-991661c1620f" config-ref="IPF-Database_Config">
			<db:sql ><![CDATA[
SELECT       IPF_Extract_Id,  PolicyID,PolicyNo, PayeeName, AmountForPayout, 
PaymentDate, Processor, ActivityCode, PurposeOfApplication, 
TransactionDate, Status, UpdatedDate, PaymentMethod, 
PaymentRef, OwnerName
FROM      dbo.IPF_MapDetails
where PolicyNo = :policynumber
]]></db:sql>
			<db:input-parameters ><![CDATA[#[{
'policynumber' : vars.policynumber
}]]]></db:input-parameters>
		</db:select>
		<logger level="INFO" doc:name="AFTER REQUEST - Select Details Table" doc:id="abbb4eac-6dfc-49bc-a1ba-95c1f2b34013" message="#[${file::dwl/logger/after-req-msg.dwl}]" />
		
	</sub-flow>
	
	
</mule>
