<?xml version="1.0" encoding="UTF-8"?>

<mule xmlns:db="http://www.mulesoft.org/schema/mule/db" xmlns="http://www.mulesoft.org/schema/mule/core"
	xmlns:doc="http://www.mulesoft.org/schema/mule/documentation"
	xmlns:xsi="http://www.w3.org/2001/XMLSchema-instance" xsi:schemaLocation="http://www.mulesoft.org/schema/mule/core http://www.mulesoft.org/schema/mule/core/current/mule.xsd
http://www.mulesoft.org/schema/mule/db http://www.mulesoft.org/schema/mule/db/current/mule-db.xsd">
	<sub-flow name="payment-database-select-subflow" doc:id="08f59528-0636-4f23-be44-bde5a7e98241" >
		<logger level="INFO" doc:name="BEFORE REQUEST - SELECT Query to Payment DB" doc:id="43c2ccdd-d436-4d98-bcb7-69bc0b6045b3" message="#[${file::dwl/logger/before-req-msg.dwl}]" />
		<until-successful maxRetries="3" doc:name="Until Successful - 3 Retries" doc:id="a1d42902-4147-4477-908b-e72860ab452e" millisBetweenRetries="1000" >
			<db:select doc:name="SELECT Query" doc:id="8fcd5a77-28ff-4a17-aecc-f310daea0597" config-ref="Payment_SQL_Database_Config">
				<db:sql ><![CDATA[#[vars.query]]]></db:sql>
			</db:select>
		</until-successful>
		<logger level="INFO" doc:name="AFTER REQUEST - SELECT Query to Payment DB" doc:id="d23d0c91-8a66-4b0d-a4b3-28fe0ea96819" message="#[${file::dwl/logger/after-req-msg.dwl}]" />
	</sub-flow>
	<sub-flow name="payment-database-insert-into-subflow" doc:id="892f6ee8-74ad-4228-b28f-a8adcf35a4a7" >
		<logger level="INFO" doc:name="BEFORE REQUEST - INSERT INTO Query to Payment DB" doc:id="8ca92073-a18e-443c-bd11-30771d66996b" message="#[${file::dwl/logger/before-req-msg.dwl}]" />
		<until-successful maxRetries="3" doc:name="Until Successful - 3 Retries" doc:id="bb5afbb9-d2f0-4287-9bd5-d6d9c11f8f5c" millisBetweenRetries="1000" >
			<db:insert doc:name="INSERT INTO Query" doc:id="786aa349-9fa7-450c-95b0-ad82ec82da6c">
				<db:sql ><![CDATA[#[vars.query]]]></db:sql>
			</db:insert>
		</until-successful>
		<logger level="INFO" doc:name="AFTER REQUEST - INSERT INTO Query to Payment DB" doc:id="1a71ee28-4a1a-454d-a1a4-39507539ded4" message="#[${file::dwl/logger/after-req-msg.dwl}]" />
	</sub-flow>
	<sub-flow name="payment-database-update-subflow" doc:id="ba9e001e-c173-47e3-b074-1ecc25ea2c84" >
		<logger level="INFO" doc:name="BEFORE REQUEST - UPDATE Query to Payment DB" doc:id="d682b896-3edc-4da9-b0e5-9daae73eceda" message="#[${file::dwl/logger/before-req-msg.dwl}]" />
		<until-successful maxRetries="3" doc:name="Until Successful - 3 Retries" doc:id="abdf9816-8102-40c0-89ad-827f2d01d852" millisBetweenRetries="1000" >
			<db:insert doc:name="UPDATE Query" doc:id="1eaf841d-8dba-4b03-852d-bb7e9b3570db">
				<db:sql ><![CDATA[#[vars.query]]]></db:sql>
			</db:insert>
		</until-successful>
		<logger level="INFO" doc:name="AFTER REQUEST - UPDATE Query to Payment DB" doc:id="c9206e19-e953-424f-bd3a-aa2b25ed98f9" message="#[${file::dwl/logger/after-req-msg.dwl}]" />
	</sub-flow>
</mule>
