<?xml version="1.0" encoding="UTF-8"?>

<mule xmlns:http="http://www.mulesoft.org/schema/mule/http"
	xmlns:ee="http://www.mulesoft.org/schema/mule/ee/core"
	xmlns="http://www.mulesoft.org/schema/mule/core"
	xmlns:doc="http://www.mulesoft.org/schema/mule/documentation"
	xmlns:xsi="http://www.w3.org/2001/XMLSchema-instance"
	xsi:schemaLocation="http://www.mulesoft.org/schema/mule/core http://www.mulesoft.org/schema/mule/core/current/mule.xsd
http://www.mulesoft.org/schema/mule/ee/core http://www.mulesoft.org/schema/mule/ee/core/current/mule-ee.xsd
http://www.mulesoft.org/schema/mule/http http://www.mulesoft.org/schema/mule/http/current/mule-http.xsd">
	<configuration-properties
		doc:name="Configuration properties"
		doc:id="12bff763-6610-479c-a2b8-f56cac881d1f"
		file="config/default/global/config.yaml" />
	<configuration-properties
		doc:name="Configuration properties"
		doc:id="0a3a5d1f-3ba0-4201-8cd6-5e8f1580e771"
		file="config/default/${env}/config.yaml" />
	<http:request-config
		name="HTTP_Request_configuration_messaging-sys-api"
		doc:name="HTTP Request configuration"
		doc:id="7761419d-b775-4e92-93d9-67d10e449bfe"
		basePath="${system.messaging.api.basepath}" responseTimeout="${system.messaging.api.response.timeout}">
		<http:request-connection
			protocol="${system.messaging.api.protocol}"
			host="${http.host}"
			port="${http.port}" maxConnections="${system.messaging.api.connection.max}" connectionIdleTimeout="${system.messaging.api.connection.timeout}"/>
		<http:default-headers>
			<http:default-header key="Client-Id"
				value="${system.messaging.api.headers.client-id}" />
			<http:default-header key="Client-Secret"
				value="${system.messaging.api.headers.client-secret}" />
</http:default-headers>
	</http:request-config>
	<error-handler name="common-global-Error_Handler"
		doc:id="a8eef46f-20da-45cc-8927-c91c8b1c1c20">
		<on-error-continue enableNotifications="true"
			logException="true" doc:name="On Error Continue"
			doc:id="5df7ed83-a5c8-490d-961e-f3110be164a8"
			type="HTTP:BAD_REQUEST">
			<ee:transform doc:name="HTTP Bad Request Error Message" doc:id="13d4e5ec-eb74-4b72-bdcb-7091b2b82b26">
				<ee:message>
					<ee:set-payload><![CDATA[%dw 2.0
import * from dw::core::Types
output application/json skipNullOn="everywhere"
var originalError = if(isObjectType(typeOf(error.errorMessage.payload default '')))
	if (isObjectType(typeOf(error.errorMessage.payload.error default ''))) error.errorMessage.payload.error default ''
	else if (!isEmpty(typeOf(error.errorMessage.payload.message default ''))) error.errorMessage.payload default ''
	else {}
else {}
---
{
	ResponseCode: 400,
	ResponseStatus: p('response.error.status') default 'Failed',
	CorrelationId: correlationId,
	Timestamp: now(),
	ErrorDetails: {
		"AppName": p('app.sysname'), 
		"AppVersion": p('app.version'), 
		"Environment": p('env'), 
		"Source": p('app.source'),
		"Target": p('app.target'),
		"TransactionId": correlationId, 
		"ServiceResource": attributes.maskedRequestPath default "", 
		"ServiceMethod": attributes.method default "", 
		"Payload": if (p('app.log.originalPayload') default false) payload else "",
		"LogTimeStamp": now(), 
		"FunctionalId": attributes.correlationId default correlationId, 
		"ErrorAt": error.failingComponent, 
		"ErrorCode": error.muleMessage.attributes.StatusCode default 500, 
		"ErrorType": error.errorType.asString, 
		"ErrorMessage": if (p('app.log.erroredPayload') default false) (originalError.description default originalError.message default error.muleMessage.typedAttributes.reasonPhrase default error.description)
						else (p('response.error.bad-request.message') default ""),
		"AdditionalDetails": vars.reqMetadata.RequestDetails	
	}
}]]></ee:set-payload>
				</ee:message>
				<ee:variables>
					<ee:set-variable variableName="httpStatus"><![CDATA[400
]]></ee:set-variable>
				</ee:variables>
			</ee:transform>
			<logger level="ERROR" doc:name="Log 400 error payload" doc:id="a68a8a0c-0fe3-4826-9e11-79c535d46051" message="#[${file::dwl/default/logger/exception-msg.dwl}]" />
			<flow-ref doc:name="common-global-error-handler-messaging-async-flow" doc:id="b3a5a175-006d-4136-8872-f69f0e2d28d3" name="common-global-error-handler-messaging-async-flow" />
		
</on-error-continue>
		<on-error-continue enableNotifications="true"
			logException="true" doc:name="On Error Continue"
			doc:id="4915fe0b-9524-4604-8206-767b3af49ae5"
			type="HTTP:UNAUTHORIZED">
			<ee:transform doc:name="HTTP Unauthorized Error Message"
				doc:id="d3f99263-0ec3-405d-81f2-88d941f7b8b9">
				<ee:message>
					<ee:set-payload><![CDATA[%dw 2.0
import * from dw::core::Types
output application/json skipNullOn="everywhere"
var originalError = if(isObjectType(typeOf(error.errorMessage.payload default '')))
	if (isObjectType(typeOf(error.errorMessage.payload.error default ''))) error.errorMessage.payload.error default ''
	else if (!isEmpty(typeOf(error.errorMessage.payload.message default ''))) error.errorMessage.payload default ''
	else {}
else {}
---
{
	ResponseCode: 401,
	ResponseStatus: p('response.error.status') default 'Failed',
	CorrelationId: correlationId,
	Timestamp: now(),
	ErrorDetails: {
		"AppName": p('app.sysname'), 
		"AppVersion": p('app.version'), 
		"Environment": p('env'), 
		"Source": p('app.source'),
		"Target": p('app.target'),
		"TransactionId": correlationId, 
		"ServiceResource": attributes.maskedRequestPath default "", 
		"ServiceMethod": attributes.method default "", 
		"Payload": if (p('app.log.originalPayload') default false) payload else "",
		"LogTimeStamp": now(), 
		"FunctionalId": attributes.correlationId default correlationId, 
		"ErrorAt": error.failingComponent, 
		"ErrorCode": error.muleMessage.attributes.StatusCode default 500, 
		"ErrorType": error.errorType.asString, 
		"ErrorMessage": if (p('app.log.erroredPayload') default false) (originalError.description default originalError.message default error.muleMessage.typedAttributes.reasonPhrase default error.description)
						else (p('response.error.http-unauthorized.message') default ""),
		"AdditionalDetails": vars.reqMetadata.RequestDetails	
	}
}
]]></ee:set-payload>
				</ee:message>
				<ee:variables>
					<ee:set-variable variableName="httpStatus"><![CDATA[401
]]></ee:set-variable>
				</ee:variables>
			</ee:transform>
			<logger level="ERROR" doc:name="Log 401 error payload"
				doc:id="d963665d-7bb5-42a7-9898-e90411007e78"
				message="#[${file::dwl/default/logger/exception-msg.dwl}]" />
			<flow-ref doc:name="common-global-error-handler-messaging-async-flow" doc:id="a2b79e33-7853-473f-aca4-6fa4e0a9933d" name="common-global-error-handler-messaging-async-flow"/>
		
</on-error-continue>
		<on-error-continue enableNotifications="true"
			logException="true" doc:name="On Error Continue"
			doc:id="d342a9d1-fdad-4423-a882-059127141d4c" type="HTTP:FORBIDDEN">
			<ee:transform doc:name="HTTP Forbidden Error Message"
				doc:id="28894a93-dbac-4f75-8b90-ada0d8710f79"
				xsi:schemaLocation="
http://www.mulesoft.org/schema/mule/http http://www.mulesoft.org/schema/mule/http/current/mule-http.xsd http://www.mulesoft.org/schema/mule/ee/core http://www.mulesoft.org/schema/mule/ee/core/current/mule-ee.xsd">
				<ee:message>
					<ee:set-payload><![CDATA[%dw 2.0
import * from dw::core::Types
output application/json skipNullOn="everywhere"
var originalError = if(isObjectType(typeOf(error.errorMessage.payload default '')))
	if (isObjectType(typeOf(error.errorMessage.payload.error default ''))) error.errorMessage.payload.error default ''
	else if (!isEmpty(typeOf(error.errorMessage.payload.message default ''))) error.errorMessage.payload default ''
	else {}
else {}
---
{
	ResponseCode: 403,
	ResponseStatus: p('response.error.status') default 'Failed',
	CorrelationId: correlationId,
	Timestamp: now(),
	ErrorDetails: {
		"AppName": p('app.sysname'), 
		"AppVersion": p('app.version'), 
		"Environment": p('env'), 
		"Source": p('app.source'),
		"Target": p('app.target'),
		"TransactionId": correlationId, 
		"ServiceResource": attributes.maskedRequestPath default "", 
		"ServiceMethod": attributes.method default "", 
		"Payload": if (p('app.log.originalPayload') default false) payload else "",
		"LogTimeStamp": now(), 
		"FunctionalId": attributes.correlationId default correlationId, 
		"ErrorAt": error.failingComponent, 
		"ErrorCode": error.muleMessage.attributes.StatusCode default 500, 
		"ErrorType": error.errorType.asString, 
		"ErrorMessage": if (p('app.log.erroredPayload') default false) (originalError.description default originalError.message default error.muleMessage.typedAttributes.reasonPhrase default error.description)
						else (p('response.error.forbidden.message') default ""),
		"AdditionalDetails": vars.reqMetadata.RequestDetails	
	}
}
]]></ee:set-payload>
				</ee:message>
				<ee:variables>
					<ee:set-variable variableName="httpStatus"><![CDATA[403]]></ee:set-variable>
				</ee:variables>
			</ee:transform>
			<logger level="ERROR" doc:name="Log 403 error payload"
				doc:id="92b519a5-e712-4f47-845a-66c53ade4eb3"
				message="#[${file::dwl/default/logger/exception-msg.dwl}]" />
			<flow-ref doc:name="common-global-error-handler-messaging-async-flow" doc:id="7a49ee9f-9537-4cdd-a2b1-1ea4603e626b" name="common-global-error-handler-messaging-async-flow" />

		</on-error-continue>
		<on-error-continue enableNotifications="true"
			logException="true" doc:name="On Error Continue"
			doc:id="0c19ac42-d972-4dd5-8995-c8638d2c1acd" type="HTTP:NOT_FOUND">
			<ee:transform doc:name="HTTP Not Found Error Message"
				doc:id="43858c36-0599-488a-8ec6-e9e440a6d159">
				<ee:message>
					<ee:set-payload><![CDATA[%dw 2.0
import * from dw::core::Types
output application/json skipNullOn="everywhere"
var originalError = if(isObjectType(typeOf(error.errorMessage.payload default '')))
	if (isObjectType(typeOf(error.errorMessage.payload.error default ''))) error.errorMessage.payload.error default ''
	else if (!isEmpty(typeOf(error.errorMessage.payload.message default ''))) error.errorMessage.payload default ''
	else {}
else {}
---
{
	ResponseCode: 404,
	ResponseStatus: p('response.error.status') default 'Failed',
	CorrelationId: correlationId,
	Timestamp: now(),
	ErrorDetails: {
		"AppName": p('app.sysname'), 
		"AppVersion": p('app.version'), 
		"Environment": p('env'), 
		"Source": p('app.source'),
		"Target": p('app.target'),
		"TransactionId": correlationId, 
		"ServiceResource": attributes.maskedRequestPath default "", 
		"ServiceMethod": attributes.method default "", 
		"Payload": if (p('app.log.originalPayload') default false) payload else "",
		"LogTimeStamp": now(), 
		"FunctionalId": attributes.correlationId default correlationId, 
		"ErrorAt": error.failingComponent, 
		"ErrorCode": error.muleMessage.attributes.StatusCode default 500, 
		"ErrorType": error.errorType.asString, 
		"ErrorMessage": if (p('app.log.erroredPayload') default false) (originalError.description default originalError.message default error.muleMessage.typedAttributes.reasonPhrase default error.description)
						else (p('response.error.not-found.message') default ""),
		"AdditionalDetails": vars.reqMetadata.RequestDetails	
	}
}
]]></ee:set-payload>
				</ee:message>
				<ee:variables>
					<ee:set-variable variableName="httpStatus"><![CDATA[404]]></ee:set-variable>
				</ee:variables>
			</ee:transform>
			<logger level="ERROR" doc:name="Log 404 error payload"
				doc:id="e0f9a7ea-b9f3-45ed-af54-025f70d909f0"
				message="#[${file::dwl/default/logger/exception-msg.dwl}]" />
			<flow-ref doc:name="common-global-error-handler-messaging-async-flow" doc:id="da84d9af-dfe3-43c2-91ed-b1d5dcd61022" name="common-global-error-handler-messaging-async-flow" />
		</on-error-continue>
		<on-error-continue enableNotifications="true"
			logException="true" doc:name="On Error Continue"
			doc:id="82fece41-9bc2-457e-90d6-cb38c5759e7b" type="HTTP:METHOD_NOT_ALLOWED">
			<ee:transform doc:name="HTTP Method Not Allowed Error Message"
				doc:id="82774fb4-f376-4c9c-aa4a-87d484ae19b2">
				<ee:message>
					<ee:set-payload><![CDATA[%dw 2.0
import * from dw::core::Types
output application/json skipNullOn="everywhere"
var originalError = if(isObjectType(typeOf(error.errorMessage.payload default '')))
	if (isObjectType(typeOf(error.errorMessage.payload.error default ''))) error.errorMessage.payload.error default ''
	else if (!isEmpty(typeOf(error.errorMessage.payload.message default ''))) error.errorMessage.payload default ''
	else {}
else {}
---
{
	ResponseCode: 405,
	ResponseStatus: p('response.error.status') default 'Failed',
	CorrelationId: correlationId,
	Timestamp: now(),
	ErrorDetails: {
		"AppName": p('app.sysname'), 
		"AppVersion": p('app.version'), 
		"Environment": p('env'), 
		"Source": p('app.source'),
		"Target": p('app.target'),
		"TransactionId": correlationId, 
		"ServiceResource": attributes.maskedRequestPath default "", 
		"ServiceMethod": attributes.method default "", 
		"Payload": if (p('app.log.originalPayload') default false) payload else "",
		"LogTimeStamp": now(), 
		"FunctionalId": attributes.correlationId default correlationId, 
		"ErrorAt": error.failingComponent, 
		"ErrorCode": error.muleMessage.attributes.StatusCode default 500, 
		"ErrorType": error.errorType.asString, 
		"ErrorMessage": if (p('app.log.erroredPayload') default false) (originalError.description default originalError.message default error.muleMessage.typedAttributes.reasonPhrase default error.description)
						else (p('response.error.method-not-allowed.message') default ""),
		"AdditionalDetails": vars.reqMetadata.RequestDetails	
	}
}
]]></ee:set-payload>
				</ee:message>
				<ee:variables>
					<ee:set-variable variableName="httpStatus"><![CDATA[405]]></ee:set-variable>
				</ee:variables>

			</ee:transform>
			<logger level="ERROR" doc:name="Log 405 error payload"
				doc:id="eb0158aa-0805-4d0f-806a-c4b157b00c60"
				message="#[${file::dwl/default/logger/exception-msg.dwl}]" />
			<flow-ref doc:name="common-global-error-handler-messaging-async-flow" doc:id="8cc0a80d-767e-49b8-9ec6-1daeecc50a20" name="common-global-error-handler-messaging-async-flow" />

		
</on-error-continue>
		<on-error-continue enableNotifications="true"
			logException="true" doc:name="On Error Continue"
			doc:id="98a3649a-7367-4ef5-ad41-6f2f0284a02a" type="HTTP:NOT_ACCEPTABLE">
			<ee:transform doc:name="HTTP Not Acceptable Error Message"
				doc:id="c5eb4ebc-d15d-440e-ba29-7b9a0164a528">
				<ee:message>
					<ee:set-payload><![CDATA[%dw 2.0
import * from dw::core::Types
output application/json skipNullOn="everywhere"
var originalError = if(isObjectType(typeOf(error.errorMessage.payload default '')))
	if (isObjectType(typeOf(error.errorMessage.payload.error default ''))) error.errorMessage.payload.error default ''
	else if (!isEmpty(typeOf(error.errorMessage.payload.message default ''))) error.errorMessage.payload default ''
	else {}
else {}
---
{
	ResponseCode: 406,
	ResponseStatus: p('response.error.status') default 'Failed',
	CorrelationId: correlationId,
	Timestamp: now(),
	ErrorDetails: {
		"AppName": p('app.sysname'), 
		"AppVersion": p('app.version'), 
		"Environment": p('env'), 
		"Source": p('app.source'),
		"Target": p('app.target'),
		"TransactionId": correlationId, 
		"ServiceResource": attributes.maskedRequestPath default "", 
		"ServiceMethod": attributes.method default "", 
		"Payload": if (p('app.log.originalPayload') default false) payload else "",
		"LogTimeStamp": now(), 
		"FunctionalId": attributes.correlationId default correlationId, 
		"ErrorAt": error.failingComponent, 
		"ErrorCode": error.muleMessage.attributes.StatusCode default 500, 
		"ErrorType": error.errorType.asString, 
		"ErrorMessage": if (p('app.log.erroredPayload') default false) (originalError.description default originalError.message default error.muleMessage.typedAttributes.reasonPhrase default error.description)
						else (p('response.error.not-acceptable.message') default ""),
		"AdditionalDetails": vars.reqMetadata.RequestDetails	
	}
}
]]></ee:set-payload>
				</ee:message>
				<ee:variables>
					<ee:set-variable variableName="httpStatus"><![CDATA[406]]></ee:set-variable>
				</ee:variables>

			</ee:transform>
			<logger level="ERROR" doc:name="Log 406 error payload"
				doc:id="e9c753dd-306c-4a21-97e7-9870d0cd3604"
				message="#[${file::dwl/default/logger/exception-msg.dwl}]" />
			<flow-ref doc:name="common-global-error-handler-messaging-async-flow" doc:id="b0f87ced-ab77-4a79-b7e6-fd2b4c377493" name="common-global-error-handler-messaging-async-flow" />

		
</on-error-continue>
		<on-error-continue enableNotifications="true"
			logException="true" doc:name="On Error Continue"
			doc:id="e89b5ee3-477b-405f-9b0b-b01ca4b6eed7" type="HTTP:TIMEOUT">
			<ee:transform doc:name="HTTP Timeout Error Message"
				doc:id="e9bc2e55-e0ab-4529-927d-6ee0aaa7d0d6">
				<ee:message>
					<ee:set-payload><![CDATA[%dw 2.0
import * from dw::core::Types
output application/json skipNullOn="everywhere"
var originalError = if(isObjectType(typeOf(error.errorMessage.payload default '')))
	if (isObjectType(typeOf(error.errorMessage.payload.error default ''))) error.errorMessage.payload.error default ''
	else if (!isEmpty(typeOf(error.errorMessage.payload.message default ''))) error.errorMessage.payload default ''
	else {}
else {}
---
{
	ResponseCode: 408,
	ResponseStatus: p('response.error.status') default 'Failed',
	CorrelationId: correlationId,
	Timestamp: now(),
	ErrorDetails: {
		"AppName": p('app.sysname'), 
		"AppVersion": p('app.version'), 
		"Environment": p('env'), 
		"Source": p('app.source'),
		"Target": p('app.target'),
		"TransactionId": correlationId, 
		"ServiceResource": attributes.maskedRequestPath default "", 
		"ServiceMethod": attributes.method default "", 
		"Payload": if (p('app.log.originalPayload') default false) payload else "",
		"LogTimeStamp": now(), 
		"FunctionalId": attributes.correlationId default correlationId, 
		"ErrorAt": error.failingComponent, 
		"ErrorCode": error.muleMessage.attributes.StatusCode default 500, 
		"ErrorType": error.errorType.asString, 
		"ErrorMessage": if (p('app.log.erroredPayload') default false) (originalError.description default originalError.message default error.muleMessage.typedAttributes.reasonPhrase default error.description)
						else (p('response.error.request-timeout.message') default ""),
		"AdditionalDetails": vars.reqMetadata.RequestDetails	
	}
}

]]></ee:set-payload>
				</ee:message>
				<ee:variables>
					<ee:set-variable variableName="httpStatus"><![CDATA[408]]></ee:set-variable>
				</ee:variables>

			</ee:transform>
			<logger level="ERROR" doc:name="Log 408 error payload"
				doc:id="fcb2df62-609c-4175-89ea-0495a97dc4c5"
				message="#[${file::dwl/default/logger/exception-msg.dwl}]" />
			<flow-ref doc:name="common-global-error-handler-messaging-async-flow" doc:id="a85a2fa1-8e0f-495c-b7f2-8314abb7ffa0" name="common-global-error-handler-messaging-async-flow" />

		
</on-error-continue>
		<on-error-continue enableNotifications="true"
			logException="true" doc:name="On Error Continue"
			doc:id="8f0d394e-6900-409e-ae80-b4ec1aff3b02" type="HTTP:UNSUPPORTED_MEDIA_TYPE">
			<ee:transform doc:name="HTTP Unsupported Media Type Error Message"
				doc:id="2d7a3c80-9c0a-44b0-a86d-d9cd7f1f0f31">
				<ee:message>
					<ee:set-payload><![CDATA[%dw 2.0
import * from dw::core::Types
output application/json skipNullOn="everywhere"
var originalError = if(isObjectType(typeOf(error.errorMessage.payload default '')))
	if (isObjectType(typeOf(error.errorMessage.payload.error default ''))) error.errorMessage.payload.error default ''
	else if (!isEmpty(typeOf(error.errorMessage.payload.message default ''))) error.errorMessage.payload default ''
	else {}
else {}
---
{
	ResponseCode: 415,
	ResponseStatus: p('response.error.status') default 'Failed',
	CorrelationId: correlationId,
	Timestamp: now(),
	ErrorDetails: {
		"AppName": p('app.sysname'), 
		"AppVersion": p('app.version'), 
		"Environment": p('env'), 
		"Source": p('app.source'),
		"Target": p('app.target'),
		"TransactionId": correlationId, 
		"ServiceResource": attributes.maskedRequestPath default "", 
		"ServiceMethod": attributes.method default "", 
		"Payload": if (p('app.log.originalPayload') default false) payload else "",
		"LogTimeStamp": now(), 
		"FunctionalId": attributes.correlationId default correlationId, 
		"ErrorAt": error.failingComponent, 
		"ErrorCode": error.muleMessage.attributes.StatusCode default 500, 
		"ErrorType": error.errorType.asString, 
		"ErrorMessage": if (p('app.log.erroredPayload') default false) (originalError.description default originalError.message default error.muleMessage.typedAttributes.reasonPhrase default error.description)
						else (p('response.error.unsupported-media-type.message') default ""),
		"AdditionalDetails": vars.reqMetadata.RequestDetails	
	}
}]]></ee:set-payload>
				</ee:message>
				<ee:variables>
					<ee:set-variable variableName="httpStatus"><![CDATA[415]]></ee:set-variable>
				</ee:variables>

			</ee:transform>
			<logger level="ERROR" doc:name="Log 415 error payload"
				doc:id="a4796a9d-4e5c-42c8-bafc-f8aac7ef3f57"
				message="#[${file::dwl/default/logger/exception-msg.dwl}]" />
			<flow-ref doc:name="common-global-error-handler-messaging-async-flow" doc:id="e659ed5d-86cc-483d-ab32-0759a2474252" name="common-global-error-handler-messaging-async-flow" />

		
</on-error-continue>
		<on-error-continue enableNotifications="true"
			logException="true" doc:name="On Error Continue"
			doc:id="5d04bec7-3b72-4c53-bb71-caac47b3fc15" type="HTTP:TOO_MANY_REQUESTS">
			<ee:transform doc:name="HTTP Too Many Request Error Message"
				doc:id="d576f174-0277-445e-993a-73bceefa94f8">
				<ee:message>
					<ee:set-payload><![CDATA[%dw 2.0
import * from dw::core::Types
output application/json skipNullOn="everywhere"
var originalError = if(isObjectType(typeOf(error.errorMessage.payload default '')))
	if (isObjectType(typeOf(error.errorMessage.payload.error default ''))) error.errorMessage.payload.error default ''
	else if (!isEmpty(typeOf(error.errorMessage.payload.message default ''))) error.errorMessage.payload default ''
	else {}
else {}
---
{
	ResponseCode: 429,
	ResponseStatus: p('response.error.status') default 'Failed',
	CorrelationId: correlationId,
	Timestamp: now(),
	ErrorDetails: {
		"AppName": p('app.sysname'), 
		"AppVersion": p('app.version'), 
		"Environment": p('env'), 
		"Source": p('app.source'),
		"Target": p('app.target'),
		"TransactionId": correlationId, 
		"ServiceResource": attributes.maskedRequestPath default "", 
		"ServiceMethod": attributes.method default "", 
		"Payload": if (p('app.log.originalPayload') default false) payload else "",
		"LogTimeStamp": now(), 
		"FunctionalId": attributes.correlationId default correlationId, 
		"ErrorAt": error.failingComponent, 
		"ErrorCode": error.muleMessage.attributes.StatusCode default 500, 
		"ErrorType": error.errorType.asString, 
		"ErrorMessage": if (p('app.log.erroredPayload') default false) (originalError.description default originalError.message default error.muleMessage.typedAttributes.reasonPhrase default error.description)
						else ( p('response.error.too-many-request.message') default ""),
		"AdditionalDetails": vars.reqMetadata.RequestDetails	
	}
}
]]></ee:set-payload>
				</ee:message>
				<ee:variables>
					<ee:set-variable variableName="httpStatus"><![CDATA[429]]></ee:set-variable>
				</ee:variables>

			</ee:transform>
			<logger level="ERROR" doc:name="Log 429 error payload"
				doc:id="3df62481-d7cd-41a2-93fc-b6481fbab5f7"
				message="#[${file::dwl/default/logger/exception-msg.dwl}]" />
			<flow-ref doc:name="common-global-error-handler-messaging-async-flow" doc:id="9f639443-d4bb-4d99-befc-b466117751c6" name="common-global-error-handler-messaging-async-flow" />

		
</on-error-continue>
		<on-error-continue enableNotifications="true"
			logException="true" doc:name="On Error Continue"
			doc:id="3871704c-2fb0-49e0-8601-1f7416088d40" type="RETRY_EXHAUSTED,HTTP:SERVICE_UNAVAILABLE,HTTP:CONNECTIVITY">
			<ee:transform doc:name="Service Unavailable"
				doc:id="da463b13-2c2b-4914-b7ae-af50f626c250">
				<ee:message>
					<ee:set-payload><![CDATA[%dw 2.0
import * from dw::core::Types
output application/json skipNullOn="everywhere"
var originalError = if(isObjectType(typeOf(error.errorMessage.payload default '')))
	if (isObjectType(typeOf(error.errorMessage.payload.error default ''))) error.errorMessage.payload.error default ''
	else if (!isEmpty(typeOf(error.errorMessage.payload.message default ''))) error.errorMessage.payload default ''
	else {}
else {}
---
{
	ResponseCode: 503,
	ResponseStatus: p('response.error.status') default 'Failed',
	CorrelationId: correlationId,
	Timestamp: now(),
	ErrorDetails: {
		"AppName": p('app.sysname'), 
		"AppVersion": p('app.version'), 
		"Environment": p('env'), 
		"Source": p('app.source'),
		"Target": p('app.target'),
		"TransactionId": correlationId, 
		"ServiceResource": attributes.maskedRequestPath default "", 
		"ServiceMethod": attributes.method default "", 
		"Payload": if (p('app.log.originalPayload') default false) payload else "",
		"LogTimeStamp": now(), 
		"FunctionalId": attributes.correlationId default correlationId, 
		"ErrorAt": error.failingComponent, 
		"ErrorCode": error.muleMessage.attributes.StatusCode default 500, 
		"ErrorType": error.errorType.asString, 
		"ErrorMessage": if (p('app.log.erroredPayload') default false) (originalError.description default originalError.message default error.muleMessage.typedAttributes.reasonPhrase default error.description)
						else (p('response.error.service-unavailable.message') default ""),
		"AdditionalDetails": vars.reqMetadata.RequestDetails	
	}
}

]]></ee:set-payload>
				</ee:message>
				<ee:variables>
					<ee:set-variable variableName="httpStatus"><![CDATA[503
]]></ee:set-variable>
				</ee:variables>
			</ee:transform>
			<logger level="ERROR" doc:name="Log 503 error payload"
				doc:id="f73a625f-ac25-4e7e-b0ca-d6a41b028372"
				message="#[${file::dwl/default/logger/exception-msg.dwl}]" />
			<flow-ref doc:name="common-global-error-handler-messaging-async-flow" doc:id="997043e0-ed26-415c-83be-f60d446db544" name="common-global-error-handler-messaging-async-flow" />
		</on-error-continue>
		<on-error-continue enableNotifications="true"
			logException="true" doc:name="On Error Continue"
			doc:id="e8013c70-32e1-4416-b44c-e009fe66adbc" type="ANY">

			<ee:transform doc:name="Internal Server Error Message"
				doc:id="6f74be95-7abe-4547-a6b3-e5bbd3e18933">
				<ee:message>
					<ee:set-payload><![CDATA[%dw 2.0
import try from dw::Runtime
import * from dw::core::Types
output application/json skipNullOn="everywhere"
var namespace = error.errorType.namespace default "HTTP"
var identifier = error.errorType.identifier default "INTERNAL_SERVER_ERROR"
var originalError = if(isObjectType(typeOf(error.errorMessage.payload default '')))
	if (isObjectType(typeOf(error.errorMessage.payload.error default ''))) error.errorMessage.payload.error default ''
	else if (!isEmpty(typeOf(error.errorMessage.payload.message default ''))) error.errorMessage.payload default ''
	else {}
else {}
---
{
	ResponseCode: 500,
	ResponseStatus: p('response.error.status') default 'Failed',
	CorrelationId: correlationId,
	Timestamp: now(),
	ErrorDetails: {
		"AppName": p('app.sysname'), 
		"AppVersion": p('app.version'), 
		"Environment": p('env'), 
		"Source": p('app.source'),
		"Target": p('app.target'),
		"TransactionId": correlationId, 
		"ServiceResource": attributes.maskedRequestPath default "", 
		"ServiceMethod": attributes.method default "", 
		"Payload": if (p('app.log.originalPayload') default false) payload else "",
		"LogTimeStamp": now(), 
		"FunctionalId": attributes.correlationId default correlationId, 
		"ErrorAt": error.failingComponent, 
		"ErrorCode": error.muleMessage.attributes.StatusCode default 500, 
		"ErrorType": error.errorType.asString default (namespace ++ ":" ++ identifier), 
		"ErrorMessage": if (p('app.log.erroredPayload') default false) (originalError.description default originalError.message default error.muleMessage.typedAttributes.reasonPhrase default error.description)
						else (p('response.error.internal-server.message') default ""),
		"AdditionalDetails": vars.reqMetadata.RequestDetails		
	}
}

]]></ee:set-payload>
				</ee:message>
				<ee:variables>
					<ee:set-variable variableName="httpStatus"><![CDATA[500
]]></ee:set-variable>
				</ee:variables>
			</ee:transform>
			<logger level="ERROR" doc:name="Log ISE error payload"
				doc:id="acebd2d8-1e81-48ff-8b0f-20bb99c4222c"
				message="#[${file::dwl/default/logger/exception-msg.dwl}]" />
			<flow-ref doc:name="common-global-error-handler-messaging-async-flow" doc:id="3566917f-9569-499d-852b-81366e9181a3" name="common-global-error-handler-messaging-async-flow" />
		</on-error-continue>
	</error-handler>
	<flow name="common-global-error-handler-messaging-async-flow" doc:id="728e20c4-731c-47bf-8f73-66370360f615" >
		<choice doc:name="1) alertEnabled is true 2) alertEnabled is false" doc:id="9ca3db97-ebe0-437d-8dc2-6cc227f24119">
			<when expression="#[Mule::p('app.send.error.email.notification')]">
				<async doc:name="Async - Send Email " doc:id="c1471b51-3425-4ada-b91b-f44d7b766181" maxConcurrency="${app.send.email.max.concurrency}">
			<flow-ref doc:name="messaging-sys-api-email-subflow" doc:id="e4d3db39-742b-48c2-b53a-2517976f3599" name="messaging-sys-api-email-subflow" target="alertResponsePayload" />
		</async>
			</when>
		</choice>
	</flow>
</mule>
