<?xml version="1.0" encoding="UTF-8"?>

<mule xmlns:http="http://www.mulesoft.org/schema/mule/http"
	xmlns:ee="http://www.mulesoft.org/schema/mule/ee/core"
	xmlns="http://www.mulesoft.org/schema/mule/core"
	xmlns:doc="http://www.mulesoft.org/schema/mule/documentation"
	xmlns:xsi="http://www.w3.org/2001/XMLSchema-instance"
	xsi:schemaLocation="http://www.mulesoft.org/schema/mule/core http://www.mulesoft.org/schema/mule/core/current/mule.xsd
http://www.mulesoft.org/schema/mule/http http://www.mulesoft.org/schema/mule/http/current/mule-http.xsd">
	<error-handler name="common-apikit-Error_Handler"
		doc:id="94ec35d1-7c5d-4954-9162-807abceb714c">
		<on-error-continue enableNotifications="true"
			logException="true" doc:name="On Error Continue"
			doc:id="76e94d5a-469c-4cb6-aff3-f7669a7b97b8" type="APIKIT:NOT_FOUND">
			<ee:transform doc:name="Not Found Error Message"
				doc:id="4a1b6055-97fc-47cd-a509-693c85611105"
				xsi:schemaLocation="http://www.mulesoft.org/schema/mule/ee/core http://www.mulesoft.org/schema/mule/ee/core/current/mule-ee.xsd">
				<ee:message>
					<ee:set-payload><![CDATA[%dw 2.0
import * from dw::core::Types
output application/json skipNullOn="everywhere"
var originalError = if(isObjectType(typeOf(error.errorMessage.payload default '')) and isObjectType(typeOf(error.errorMessage.payload.error default ''))) error.errorMessage.payload.error else {}
---
{
	ResponseCode: 404,
	ResponseStatus: p('response.error.status') default 'Failed',
	CorrelationId: correlationId,
	Timestamp: now(),
	ErrorDetails: {
		"AppName": p('app.sysname'), 
		"AppVersion": p('app.version'), 
		"Environment": p('env'), 
		"Source": p('app.source'),
		"Target": p('app.target'),
		"TransactionId": correlationId, 
		"ServiceResource": attributes.maskedRequestPath default "", 
		"ServiceMethod": attributes.method default "", 
		"Payload": if (p('app.log.originalPayload') default false) payload else "",
		"LogTimeStamp": now(), 
		"FunctionalId": attributes.correlationId default correlationId, 
		"ErrorAt": error.failingComponent, 
		"ErrorCode": 404, 
		"ErrorType": error.errorType.asString, 
		"ErrorMessage": if (p('app.log.erroredPayload') default false) (originalError.description default error.muleMessage.typedAttributes.reasonPhrase default error.description)
						else (p('response.error.not-found.message') default ""),
		"DownStreamErrorResponse" : error.errorMessage.payload,
		"AdditionalDetails": vars.reqMetadata.RequestDetails	
	}
}]]></ee:set-payload>
				</ee:message>
				<ee:variables>
					<ee:set-variable variableName="httpStatus"><![CDATA[404]]></ee:set-variable>
				</ee:variables>
			</ee:transform>
			<logger level="ERROR" doc:name="Log 404 error payload"
				doc:id="62890a1f-ec52-46fd-ae9b-797a66ec40fa"
				message="#[${file::dwl/default/logger/exception-msg.dwl}]" />
			<flow-ref
				doc:name="common-apikit-error-handler-messaging-async-flow"
				doc:id="77e3715d-bc93-48f4-b259-984f7e820d49"
				name="common-apikit-error-handler-messaging-async-flow" />

</on-error-continue>
		<on-error-continue enableNotifications="true"
			logException="true" doc:name="On Error Continue"
			doc:id="c85065f3-b16e-4f6f-9b02-173ef886a7ac"
			type="APIKIT:BAD_REQUEST">
			<ee:transform doc:name="Bad Request Error Message"
				doc:id="b93f3cb3-c5f3-4b93-afba-8a212b42c071"
				xsi:schemaLocation="http://www.mulesoft.org/schema/mule/ee/core http://www.mulesoft.org/schema/mule/ee/core/current/mule-ee.xsd">
				<ee:message>
					<ee:set-payload><![CDATA[%dw 2.0
import * from dw::core::Types
output application/json skipNullOn="everywhere"
var originalError = if(isObjectType(typeOf(error.errorMessage.payload default '')) and isObjectType(typeOf(error.errorMessage.payload.error default ''))) error.errorMessage.payload.error else {}
---
{
	ResponseCode: 400,
	ResponseStatus: p('response.error.status') default 'Failed',
	CorrelationId: correlationId,
	Timestamp: now(),
	ErrorDetails: {
		"AppName": p('app.sysname'), 
		"AppVersion": p('app.version'), 
		"Environment": p('env'),
		"Source": p('app.source'),
		"Target": p('app.target'),
		"TransactionId": correlationId, 
		"ServiceResource": attributes.maskedRequestPath default "", 
		"ServiceMethod": attributes.method default "", 
		"Payload": if (p('app.log.originalPayload') default false) payload else "",
		"LogTimeStamp": now(), 
		"FunctionalId": attributes.correlationId default correlationId, 
		"ErrorAt": error.failingComponent, 
		"ErrorCode": 400, 
		"ErrorType": error.errorType.asString, 
		"ErrorMessage": if (p('app.log.erroredPayload') default false) (originalError.description default error.muleMessage.typedAttributes.reasonPhrase default error.description)
						else (p('response.error.bad-request.message') default ""),
	    "DownStreamErrorResponse" : error.errorMessage.payload,					
		"AdditionalDetails": vars.reqMetadata.RequestDetails	
	}
}
]]></ee:set-payload>
				</ee:message>
				<ee:variables>
					<ee:set-variable variableName="httpStatus"><![CDATA[400]]></ee:set-variable>
				</ee:variables>
			</ee:transform>
			<logger level="ERROR" doc:name="Log 400 error payload"
				doc:id="844f8ece-248b-4cea-9342-0837ec22d042"
				message="#[${file::dwl/default/logger/exception-msg.dwl}]" />
			<flow-ref
				doc:name="common-apikit-error-handler-messaging-async-flow"
				doc:id="93ba7603-a71d-4b4e-b275-06f1ff0edc79"
				name="common-apikit-error-handler-messaging-async-flow" />
		</on-error-continue>



		<on-error-continue enableNotifications="true"
			logException="true" doc:name="On Error Continue"
			doc:id="b6f38072-1e95-4f12-bfac-efc79bb1d77b"
			type="APIKIT:METHOD_NOT_ALLOWED">
			<ee:transform
				doc:name="Method Not Allowed Error Message"
				doc:id="36bd33b3-3fba-4ecd-909c-af07242c6f47"
				xsi:schemaLocation="http://www.mulesoft.org/schema/mule/ee/core http://www.mulesoft.org/schema/mule/ee/core/current/mule-ee.xsd">
				<ee:message>
					<ee:set-payload><![CDATA[%dw 2.0
import * from dw::core::Types
output application/json skipNullOn="everywhere"
var originalError = if(isObjectType(typeOf(error.errorMessage.payload default '')) and isObjectType(typeOf(error.errorMessage.payload.error default ''))) error.errorMessage.payload.error else {}
---
{
	ResponseCode: 405,
	ResponseStatus: p('response.error.status') default 'Failed',
	CorrelationId: correlationId,
	Timestamp: now(),
	ErrorDetails: {
		"AppName": p('app.sysname'), 
		"AppVersion": p('app.version'), 
		"Environment": p('env'), 
		"Source": p('app.source'),
		"Target": p('app.target'),
		"TransactionId": correlationId, 
		"ServiceResource": attributes.maskedRequestPath default "", 
		"ServiceMethod": attributes.method default "", 
		"Payload": if (p('app.log.originalPayload') default false) payload else "",
		"LogTimeStamp": now(), 
		"FunctionalId": attributes.correlationId default correlationId, 
		"ErrorAt": error.failingComponent, 
		"ErrorCode": 405, 
		"ErrorType": error.errorType.asString, 
		"ErrorMessage": if (p('app.log.erroredPayload') default false) (originalError.description default error.muleMessage.typedAttributes.reasonPhrase default error.description)
						else (p('response.error.method-not-allowed.message') default ""),
	    "DownStreamErrorResponse" : error.errorMessage.payload,					
		"AdditionalDetails": vars.reqMetadata.RequestDetails	
	}
}
]]></ee:set-payload>
				</ee:message>
				<ee:variables>
					<ee:set-variable variableName="httpStatus"><![CDATA[405]]></ee:set-variable>
				</ee:variables>
			</ee:transform>
			<logger level="ERROR" doc:name="Log 405 error payload"
				doc:id="fe94d603-b67f-48f0-98af-15b92a25d69c"
				message="#[${file::dwl/default/logger/exception-msg.dwl}]" />
			<flow-ref
				doc:name="common-apikit-error-handler-messaging-async-flow"
				doc:id="4246de41-e980-4896-b0d3-2c751ab02d21"
				name="common-apikit-error-handler-messaging-async-flow" />
		</on-error-continue>


		<on-error-continue enableNotifications="true"
			logException="true" doc:name="On Error Continue"
			doc:id="391415c3-7c17-496e-adcc-9b442f26541b"
			type="APIKIT:NOT_ACCEPTABLE">
			<ee:transform doc:name="Not Acceptable Error Message"
				doc:id="0dfb2b6d-a530-4847-9163-b1156094d50a"
				xsi:schemaLocation="http://www.mulesoft.org/schema/mule/ee/core http://www.mulesoft.org/schema/mule/ee/core/current/mule-ee.xsd">
				<ee:message>
					<ee:set-payload><![CDATA[%dw 2.0
import * from dw::core::Types
output application/json skipNullOn="everywhere"
var originalError = if(isObjectType(typeOf(error.errorMessage.payload default '')) and isObjectType(typeOf(error.errorMessage.payload.error default ''))) error.errorMessage.payload.error else {}
---
{
	ResponseCode: 406,
	ResponseStatus: p('response.error.status') default 'Failed',
	CorrelationId: correlationId,
	Timestamp: now(),
	ErrorDetails: {
		"AppName": p('app.sysname'), 
		"AppVersion": p('app.version'), 
		"Environment": p('env'), 
		"Source": p('app.source'),
		"Target": p('app.target'),
		"TransactionId": correlationId, 
		"ServiceResource": attributes.maskedRequestPath default "", 
		"ServiceMethod": attributes.method default "", 
		"Payload": if (p('app.log.originalPayload') default false) payload else "",
		"LogTimeStamp": now(), 
		"FunctionalId": attributes.correlationId default correlationId, 
		"ErrorAt": error.failingComponent, 
		"ErrorCode": 406, 
		"ErrorType": error.errorType.asString, 
		"ErrorMessage": if (p('app.log.erroredPayload') default false) (originalError.description default error.muleMessage.typedAttributes.reasonPhrase default error.description)
						else (p('response.error.not-acceptable.message') default ""),
		"DownStreamErrorResponse" : error.errorMessage.payload,				
		"AdditionalDetails": vars.reqMetadata.RequestDetails	
	}
}
]]></ee:set-payload>
				</ee:message>
				<ee:variables>
					<ee:set-variable variableName="httpStatus"><![CDATA[406]]></ee:set-variable>
				</ee:variables>
			</ee:transform>
			<logger level="ERROR" doc:name="Log 406 error payload"
				doc:id="0e66b985-0d47-4b46-ae9a-410493e02588"
				message="#[${file::dwl/default/logger/exception-msg.dwl}]" />
			<flow-ref
				doc:name="common-apikit-error-handler-messaging-async-flow"
				doc:id="00a88f82-08f8-4bc8-b8cc-b4a5ca0b8c2d"
				name="common-apikit-error-handler-messaging-async-flow" />
		</on-error-continue>
		<on-error-continue enableNotifications="true"
			logException="true" doc:name="On Error Continue"
			doc:id="c25b2a06-acfe-44c2-bfe8-b19744f21c4a"
			type="APIKIT:UNSUPPORTED_MEDIA_TYPE">
			<ee:transform
				doc:name="Unsupported Media Type Error Message"
				doc:id="4b1037c4-f6b0-4180-92f8-14be0137f1e8"
				xsi:schemaLocation="http://www.mulesoft.org/schema/mule/ee/core http://www.mulesoft.org/schema/mule/ee/core/current/mule-ee.xsd">
				<ee:message>
					<ee:set-payload><![CDATA[%dw 2.0
import * from dw::core::Types
output application/json skipNullOn="everywhere"
var originalError = if(isObjectType(typeOf(error.errorMessage.payload default '')) and isObjectType(typeOf(error.errorMessage.payload.error default ''))) error.errorMessage.payload.error else {}
---
{
	ResponseCode: 415,
	ResponseStatus: p('response.error.status') default 'Failed',
	CorrelationId: correlationId,
	Timestamp: now(),
	ErrorDetails: {
		"AppName": p('app.sysname'), 
		"AppVersion": p('app.version'), 
		"Environment": p('env'), 
		"Source": p('app.source'),
		"Target": p('app.target'),
		"TransactionId": correlationId, 
		"ServiceResource": attributes.maskedRequestPath default "", 
		"ServiceMethod": attributes.method default "", 
		"Payload": if (p('app.log.originalPayload') default false) payload else "",
		"LogTimeStamp": now(), 
		"FunctionalId": attributes.correlationId default correlationId, 
		"ErrorAt": error.failingComponent, 
		"ErrorCode": 415, 
		"ErrorType": error.errorType.asString, 
		"ErrorMessage": if (p('app.log.erroredPayload') default false) (originalError.description default error.muleMessage.typedAttributes.reasonPhrase default error.description)
						else (p('response.error.unsupported-media-type.message') default ""),
		"DownStreamErrorResponse" : error.errorMessage.payload,				
		"AdditionalDetails": vars.reqMetadata.RequestDetails	
	}
}
]]></ee:set-payload>
				</ee:message>
				<ee:variables>
					<ee:set-variable variableName="httpStatus"><![CDATA[415]]></ee:set-variable>
				</ee:variables>
			</ee:transform>
			<logger level="ERROR" doc:name="Log 415 error payload"
				doc:id="318c010b-1137-4015-8404-d284b76cf3a9"
				message="#[${file::dwl/default/logger/exception-msg.dwl}]" />
			<flow-ref
				doc:name="common-apikit-error-handler-messaging-async-flow"
				doc:id="8b44d55f-ec4f-4fe3-a9dc-ba8c27d47a37"
				name="common-apikit-error-handler-messaging-async-flow" />
		</on-error-continue>
		<on-error-continue enableNotifications="true"
			logException="true" doc:name="On Error Continue"
			doc:id="60cf835c-caac-47a2-a760-bded47ab49c0"
			type="APIKIT:NOT_IMPLEMENTED">
			<ee:transform doc:name="Not Implemented Error Message"
				doc:id="8fd01e50-d1c9-4f58-ad9c-1fb153228a0a"
				xsi:schemaLocation="http://www.mulesoft.org/schema/mule/ee/core http://www.mulesoft.org/schema/mule/ee/core/current/mule-ee.xsd">
				<ee:message>
					<ee:set-payload><![CDATA[%dw 2.0
import * from dw::core::Types
output application/json skipNullOn="everywhere"
var originalError = if(isObjectType(typeOf(error.errorMessage.payload default '')) and isObjectType(typeOf(error.errorMessage.payload.error default ''))) error.errorMessage.payload.error else {}
---
{
	ResponseCode: 501,
	ResponseStatus: p('response.error.status') default 'Failed',
	CorrelationId: correlationId,
	Timestamp: now(),
	ErrorDetails: {
		"AppName": p('app.sysname'), 
		"AppVersion": p('app.version'), 
		"Environment": p('env'), 
		"Source": p('app.source'),
		"Target": p('app.target'),
		"TransactionId": correlationId, 
		"ServiceResource": attributes.maskedRequestPath default "", 
		"ServiceMethod": attributes.method default "", 
		"Payload": if (p('app.log.originalPayload') default false) payload else "",
		"LogTimeStamp": now(), 
		"FunctionalId": attributes.correlationId default correlationId, 
		"ErrorAt": error.failingComponent, 
		"ErrorCode": 501, 
		"ErrorType": error.errorType.asString, 
		"ErrorMessage": if (p('app.log.erroredPayload') default false) (originalError.description default error.muleMessage.typedAttributes.reasonPhrase default error.description)
						else ( p('response.error.not-implemented.message') default ""),
		"DownStreamErrorResponse" : error.errorMessage.payload,
		"AdditionalDetails": vars.reqMetadata.RequestDetails	
	}
}
]]></ee:set-payload>
				</ee:message>
				<ee:variables>
					<ee:set-variable variableName="httpStatus"><![CDATA[501]]></ee:set-variable>
				</ee:variables>
			</ee:transform>
			<logger level="ERROR" doc:name="Log 501 error payload"
				doc:id="abee89f2-2eed-437d-8c22-02f8ca10c50e"
				message="#[${file::dwl/default/logger/exception-msg.dwl}]" />
			<flow-ref
				doc:name="common-apikit-error-handler-messaging-async-flow"
				doc:id="b8999739-2cb3-4999-adf8-688e8bef3c96"
				name="common-apikit-error-handler-messaging-async-flow" />

</on-error-continue>
	</error-handler>
	
		<flow name="common-apikit-error-handler-messaging-async-flow" doc:id="345419de-ff8d-48ae-8035-ca495e622eb5" >
		<choice doc:name="1) alertEnabled is true 2) alertEnabled is false" doc:id="eb4df0fa-df5d-4ed4-81c5-7cd161a14ef3">
			<when expression="#[Mule::p('app.send.apikit.error.email.notification')]">
				<async doc:name="Async - Send Email " doc:id="be08b422-61a2-4de7-a92f-68b7deb0e547" maxConcurrency="${app.send.email.max.concurrency}">
			<flow-ref doc:name="messaging-sys-api-email-subflow" doc:id="2f62451c-4b05-4c66-8bad-296ef182e2d5" name="messaging-sys-api-email-subflow" target="alertResponsePayload" />
		</async>
			</when>
		</choice>
	</flow>
</mule>
