<?xml version="1.0" encoding="UTF-8"?>
<mule xmlns:doc="http://www.mulesoft.org/schema/mule/documentation" xmlns="http://www.mulesoft.org/schema/mule/core" xmlns:apikit="http://www.mulesoft.org/schema/mule/mule-apikit" xmlns:ee="http://www.mulesoft.org/schema/mule/ee/core" xmlns:http="http://www.mulesoft.org/schema/mule/http" xmlns:xsi="http://www.w3.org/2001/XMLSchema-instance" xsi:schemaLocation="http://www.mulesoft.org/schema/mule/core http://www.mulesoft.org/schema/mule/core/current/mule.xsd http://www.mulesoft.org/schema/mule/http http://www.mulesoft.org/schema/mule/http/current/mule-http.xsd http://www.mulesoft.org/schema/mule/mule-apikit http://www.mulesoft.org/schema/mule/mule-apikit/current/mule-apikit.xsd http://www.mulesoft.org/schema/mule/ee/core http://www.mulesoft.org/schema/mule/ee/core/current/mule-ee.xsd ">
    <apikit:config name="shine-sys-api-config" api="resource::331792da-b10c-491b-8881-10cd31aa171d:shine-sys-api:1.0.5:raml:zip:shine-sys-api.raml" outboundHeadersMapName="outboundHeaders" httpStatusVarName="httpStatus" />
    <flow name="shine-sys-api-main">
        <http:listener config-ref="HTTP_Listener_config" path="${global.properties.api.path.main}">
            <http:response statusCode="#[vars.httpStatus default 200]">
                <http:headers><![CDATA[#[vars.outboundHeaders default {}]]]></http:headers>
            </http:response>
            <http:error-response statusCode="#[vars.httpStatus default 500]">
                <http:body><![CDATA[#[payload]]]></http:body>
                <http:headers><![CDATA[#[vars.outboundHeaders default {}]]]></http:headers>
            </http:error-response>
        </http:listener>
        <apikit:router config-ref="shine-sys-api-config" doc:id="66c41152-ed11-43b2-a298-172ef9b2ac93"/>
		<error-handler ref="common-apikit-Error_Handler" />
    </flow>
    <flow name="shine-sys-api-console">
        <http:listener config-ref="HTTP_Listener_config" path="${global.properties.api.path.console}">
            <http:response statusCode="#[vars.httpStatus default 200]">
                <http:headers><![CDATA[#[vars.outboundHeaders default {}]]]></http:headers>
            </http:response>
            <http:error-response statusCode="#[vars.httpStatus default 500]">
                <http:body><![CDATA[#[payload]]]></http:body>
                <http:headers><![CDATA[#[vars.outboundHeaders default {}]]]></http:headers>
            </http:error-response>
        </http:listener>
        <apikit:console config-ref="shine-sys-api-config" />
		<error-handler ref="common-apikit-Error_Handler" />
    </flow>
    <flow name="post:\maam\token:application\json:shine-sys-api-config">
        <ee:transform doc:name="Set reqMetadata" doc:id="64d68bd2-8246-46c6-af89-ea60496becdb">
            <ee:message>
            </ee:message>
			<ee:variables >
				<ee:set-variable variableName="reqMetadata" ><![CDATA[%dw 2.0
output application/json
---
{
	"OperationId": p('global.properties.mule.operations.post-token.id'),
	"OperationName": p('global.properties.mule.operations.post-token.name'),
	"FlowLabel": p('global.properties.mule.operations.post-token.domain'),
	"Flow": flow.name
}
]]></ee:set-variable>
			</ee:variables>
        </ee:transform>
		<flow-ref doc:name="Impl-shine-maam-flow" doc:id="900fd1e5-6253-471a-a90e-1cd3b30132a9" name="Impl-shine-maam-flow"/>
    </flow>
    <flow name="post:\upload\files:multipart\form-data:shine-sys-api-config">
        <ee:transform doc:name="Set reqMetadata" doc:id="0833f28f-7edd-4c90-bc47-d34ec303151d">
            <ee:message>
            </ee:message>
			<ee:variables >
				<ee:set-variable variableName="reqMetadata" ><![CDATA[%dw 2.0
output application/json
---
{
	"OperationId": p('global.properties.mule.operations.post-upload.id'),
	"OperationName": p('global.properties.mule.operations.post-upload.name'),
	"FlowLabel": p('global.properties.mule.operations.post-upload.domain'),
	"Flow": flow.name
}
]]></ee:set-variable>
				<ee:set-variable variableName="token" ><![CDATA[%dw 2.0
output application/java
---
message.attributes.headers.Authorization]]></ee:set-variable>
			</ee:variables>
        </ee:transform>
		<flow-ref doc:name="Impl-shine-flowFlow" doc:id="c3401f60-7e87-432f-9665-e6935337cda8" name="Impl-shine-flowFlow"/>
    </flow>
</mule>
