<?xml version="1.0" encoding="UTF-8"?>

<mule xmlns:os="http://www.mulesoft.org/schema/mule/os"
	xmlns:ee="http://www.mulesoft.org/schema/mule/ee/core"
	xmlns:apikit="http://www.mulesoft.org/schema/mule/mule-apikit" xmlns:api-gateway="http://www.mulesoft.org/schema/mule/api-gateway"
	xmlns:secure-properties="http://www.mulesoft.org/schema/mule/secure-properties"
	xmlns:http="http://www.mulesoft.org/schema/mule/http" xmlns:db="http://www.mulesoft.org/schema/mule/db" xmlns="http://www.mulesoft.org/schema/mule/core" xmlns:doc="http://www.mulesoft.org/schema/mule/documentation" xmlns:xsi="http://www.w3.org/2001/XMLSchema-instance" xsi:schemaLocation="
http://www.mulesoft.org/schema/mule/ee/core http://www.mulesoft.org/schema/mule/ee/core/current/mule-ee.xsd 
http://www.mulesoft.org/schema/mule/mule-apikit http://www.mulesoft.org/schema/mule/mule-apikit/current/mule-apikit.xsd http://www.mulesoft.org/schema/mule/core http://www.mulesoft.org/schema/mule/core/current/mule.xsd
http://www.mulesoft.org/schema/mule/db http://www.mulesoft.org/schema/mule/db/current/mule-db.xsd
http://www.mulesoft.org/schema/mule/http http://www.mulesoft.org/schema/mule/http/current/mule-http.xsd
http://www.mulesoft.org/schema/mule/secure-properties http://www.mulesoft.org/schema/mule/secure-properties/current/mule-secure-properties.xsd
http://www.mulesoft.org/schema/mule/api-gateway http://www.mulesoft.org/schema/mule/api-gateway/current/mule-api-gateway.xsd
http://www.mulesoft.org/schema/mule/os http://www.mulesoft.org/schema/mule/os/current/mule-os.xsd">
	<apikit:config name="aml-sql-sys-api-config" api="resource::331792da-b10c-491b-8881-10cd31aa171d:aml-sql-sys-api:1.0.29:raml:zip:aml-sql-sys-api.raml" outboundHeadersMapName="outboundHeaders" httpStatusVarName="httpStatus" />
	<db:config name="AML_SQL_Database_Config" doc:name="Database Config" doc:id="240691d6-a33a-44e2-b271-49e155fa983a" >
		<db:mssql-connection host="${system.database.host}" user="${system.database.user}" password="${secure::system.database.password}" databaseName="${system.database.aml.database-name}" port="${system.database.port}">
			<db:pooling-profile maxPoolSize="100" minPoolSize="50" />
			<db:connection-properties />
		</db:mssql-connection>
	</db:config>
	<db:config name="AXASOL_SQL_Database_Config" doc:name="Database Config" doc:id="299b29d5-8a5f-4509-b58f-479c6bdc4493" >
		<db:mssql-connection host="${system.database.host}" user="${system.database.user}" password="${secure::system.database.password}" databaseName="${system.database.axasol.database-name}" port="${system.database.port}">
			<db:pooling-profile maxPoolSize="100" minPoolSize="50" />
			<db:connection-properties />
		</db:mssql-connection>
	</db:config>
	<configuration-properties doc:name="Configuration properties" doc:id="3e2eb768-aefc-49b5-beb9-be8c3cb61956" file="config/${env}/config.yaml" />
	<global-property doc:name="Global Property" doc:id="423c37c7-a1be-4748-a082-8e4bd19e11dc" name="env" value="dev" />
	<global-property doc:name="Global Property" doc:id="a1042d08-bcd6-444f-a13e-c8f8ef42e126" name="key" value="1234567812345678" />
	<configuration-properties doc:name="Configuration properties" doc:id="3ab15a5b-781f-45ba-9c10-66bc0cbe6f30" file="config/global/config.yaml" />
	<configuration doc:name="Configuration" doc:id="fbb15e31-54dc-4a49-86df-7b2d2900ad91" defaultErrorHandler-ref="error-handler" />
	<secure-properties:config name="Secure_Properties_Config" doc:name="Secure Properties Config" doc:id="962665f4-c7a3-4509-bee0-045381b9c2b0" file="config/${env}/config.yaml" key="${key}" />
	<api-gateway:autodiscovery apiId="${api.autodiscovery.id}" ignoreBasePath="true" doc:name="API Autodiscovery" doc:id="986dcbe0-c58e-4f88-8bad-2c255cc3332c" flowRef="aml-sql-sys-api-main" />
	<ee:object-store-caching-strategy name="Caching_Strategy" doc:name="Caching Strategy" doc:id="4c389b72-2d45-426b-849b-542ee816ce75" >
		<os:private-object-store persistent="false" entryTtl="7" entryTtlUnit="DAYS" expirationInterval="7" expirationIntervalUnit="DAYS" />
	</ee:object-store-caching-strategy>
</mule>
